      64|
    2.00|
tx 224 r 32.000000 c 8.000000
tx 225 r 32.000000 c 9.000000
tx 226 r 32.000000 c 10.000000
tx 227 r 32.000000 c 11.000000
tx 228 r 33.000000 c 8.000000
tx 229 r 33.000000 c 9.000000
tx 230 r 33.000000 c 10.000000
tx 231 r 33.000000 c 11.000000
tx 232 r 34.000000 c 8.000000
tx 233 r 34.000000 c 9.000000
tx 234 r 34.000000 c 10.000000
tx 235 r 34.000000 c 11.000000
tx 236 r 35.000000 c 8.000000
tx 237 r 35.000000 c 9.000000
tx 238 r 35.000000 c 10.000000
tx 239 r 35.000000 c 11.000000
tx 240 r 36.000000 c 8.000000
tx 241 r 36.000000 c 9.000000
tx 242 r 36.000000 c 10.000000
tx 243 r 36.000000 c 11.000000
tx 244 r 37.000000 c 8.000000
tx 245 r 37.000000 c 9.000000
tx 246 r 37.000000 c 10.000000
tx 247 r 37.000000 c 11.000000
tx 248 r 38.000000 c 8.000000
tx 249 r 38.000000 c 9.000000
tx 250 r 38.000000 c 10.000000
tx 251 r 38.000000 c 11.000000
tx 252 r 39.000000 c 8.000000
tx 253 r 39.000000 c 9.000000
tx 254 r 39.000000 c 10.000000
tx 255 r 39.000000 c 11.000000
tx 96 r 32.000000 c 8.000000
tx 97 r 32.000000 c 9.000000
tx 98 r 32.000000 c 10.000000
tx 99 r 32.000000 c 11.000000
tx 100 r 33.000000 c 8.000000
tx 101 r 33.000000 c 9.000000
tx 102 r 33.000000 c 10.000000
tx 103 r 33.000000 c 11.000000
tx 104 r 34.000000 c 8.000000
tx 105 r 34.000000 c 9.000000
tx 106 r 34.000000 c 10.000000
tx 107 r 34.000000 c 11.000000
tx 108 r 35.000000 c 8.000000
tx 109 r 35.000000 c 9.000000
tx 110 r 35.000000 c 10.000000
tx 111 r 35.000000 c 11.000000
tx 112 r 36.000000 c 8.000000
tx 113 r 36.000000 c 9.000000
tx 114 r 36.000000 c 10.000000
tx 115 r 36.000000 c 11.000000
tx 116 r 37.000000 c 8.000000
tx 117 r 37.000000 c 9.000000
tx 118 r 37.000000 c 10.000000
tx 119 r 37.000000 c 11.000000
tx 120 r 38.000000 c 8.000000
tx 121 r 38.000000 c 9.000000
tx 122 r 38.000000 c 10.000000
tx 123 r 38.000000 c 11.000000
tx 124 r 39.000000 c 8.000000
tx 125 r 39.000000 c 9.000000
tx 126 r 39.000000 c 10.000000
tx 127 r 39.000000 c 11.000000
tx 160 r 32.000000 c 8.000000
tx 161 r 32.000000 c 9.000000
tx 162 r 32.000000 c 10.000000
tx 163 r 32.000000 c 11.000000
tx 164 r 33.000000 c 8.000000
tx 165 r 33.000000 c 9.000000
tx 166 r 33.000000 c 10.000000
tx 167 r 33.000000 c 11.000000
tx 168 r 34.000000 c 8.000000
tx 169 r 34.000000 c 9.000000
tx 170 r 34.000000 c 10.000000
tx 171 r 34.000000 c 11.000000
tx 172 r 35.000000 c 8.000000
tx 173 r 35.000000 c 9.000000
tx 174 r 35.000000 c 10.000000
tx 175 r 35.000000 c 11.000000
tx 176 r 36.000000 c 8.000000
tx 177 r 36.000000 c 9.000000
tx 178 r 36.000000 c 10.000000
tx 179 r 36.000000 c 11.000000
tx 180 r 37.000000 c 8.000000
tx 181 r 37.000000 c 9.000000
tx 182 r 37.000000 c 10.000000
tx 183 r 37.000000 c 11.000000
tx 184 r 38.000000 c 8.000000
tx 185 r 38.000000 c 9.000000
tx 186 r 38.000000 c 10.000000
tx 187 r 38.000000 c 11.000000
tx 188 r 39.000000 c 8.000000
tx 189 r 39.000000 c 9.000000
tx 190 r 39.000000 c 10.000000
tx 191 r 39.000000 c 11.000000
tx 0 r 0.000000 c 8.000000
tx 1 r 0.000000 c 9.000000
tx 2 r 0.000000 c 10.000000
tx 3 r 0.000000 c 11.000000
tx 4 r 1.000000 c 8.000000
tx 5 r 1.000000 c 9.000000
tx 6 r 1.000000 c 10.000000
tx 7 r 1.000000 c 11.000000
tx 8 r 2.000000 c 8.000000
tx 9 r 2.000000 c 9.000000
tx 10 r 2.000000 c 10.000000
tx 11 r 2.000000 c 11.000000
tx 12 r 3.000000 c 8.000000
tx 13 r 3.000000 c 9.000000
tx 14 r 3.000000 c 10.000000
tx 15 r 3.000000 c 11.000000
tx 16 r 4.000000 c 8.000000
tx 17 r 4.000000 c 9.000000
tx 18 r 4.000000 c 10.000000
tx 19 r 4.000000 c 11.000000
tx 20 r 5.000000 c 8.000000
tx 21 r 5.000000 c 9.000000
tx 22 r 5.000000 c 10.000000
tx 23 r 5.000000 c 11.000000
tx 24 r 6.000000 c 8.000000
tx 25 r 6.000000 c 9.000000
tx 26 r 6.000000 c 10.000000
tx 27 r 6.000000 c 11.000000
tx 28 r 7.000000 c 8.000000
tx 29 r 7.000000 c 9.000000
tx 30 r 7.000000 c 10.000000
tx 31 r 7.000000 c 11.000000
tx 192 r 0.000000 c 8.000000
tx 193 r 0.000000 c 9.000000
tx 194 r 0.000000 c 10.000000
tx 195 r 0.000000 c 11.000000
tx 196 r 1.000000 c 8.000000
tx 197 r 1.000000 c 9.000000
tx 198 r 1.000000 c 10.000000
tx 199 r 1.000000 c 11.000000
tx 200 r 2.000000 c 8.000000
tx 201 r 2.000000 c 9.000000
tx 202 r 2.000000 c 10.000000
tx 203 r 2.000000 c 11.000000
tx 204 r 3.000000 c 8.000000
tx 205 r 3.000000 c 9.000000
tx 206 r 3.000000 c 10.000000
tx 207 r 3.000000 c 11.000000
tx 208 r 4.000000 c 8.000000
tx 209 r 4.000000 c 9.000000
tx 210 r 4.000000 c 10.000000
tx 211 r 4.000000 c 11.000000
tx 212 r 5.000000 c 8.000000
tx 213 r 5.000000 c 9.000000
tx 214 r 5.000000 c 10.000000
tx 215 r 5.000000 c 11.000000
tx 216 r 6.000000 c 8.000000
tx 217 r 6.000000 c 9.000000
tx 218 r 6.000000 c 10.000000
tx 219 r 6.000000 c 11.000000
tx 220 r 7.000000 c 8.000000
tx 221 r 7.000000 c 9.000000
tx 222 r 7.000000 c 10.000000
tx 223 r 7.000000 c 11.000000
tx 32 r 32.000000 c 8.000000
tx 33 r 32.000000 c 9.000000
tx 34 r 32.000000 c 10.000000
tx 35 r 32.000000 c 11.000000
tx 36 r 33.000000 c 8.000000
tx 37 r 33.000000 c 9.000000
tx 38 r 33.000000 c 10.000000
tx 39 r 33.000000 c 11.000000
tx 40 r 34.000000 c 8.000000
tx 41 r 34.000000 c 9.000000
tx 42 r 34.000000 c 10.000000
tx 43 r 34.000000 c 11.000000
tx 44 r 35.000000 c 8.000000
tx 45 r 35.000000 c 9.000000
tx 46 r 35.000000 c 10.000000
tx 47 r 35.000000 c 11.000000
tx 48 r 36.000000 c 8.000000
tx 49 r 36.000000 c 9.000000
tx 50 r 36.000000 c 10.000000
tx 51 r 36.000000 c 11.000000
tx 52 r 37.000000 c 8.000000
tx 53 r 37.000000 c 9.000000
tx 54 r 37.000000 c 10.000000
tx 55 r 37.000000 c 11.000000
tx 56 r 38.000000 c 8.000000
tx 57 r 38.000000 c 9.000000
tx 58 r 38.000000 c 10.000000
tx 59 r 38.000000 c 11.000000
tx 60 r 39.000000 c 8.000000
tx 61 r 39.000000 c 9.000000
tx 62 r 39.000000 c 10.000000
tx 63 r 39.000000 c 11.000000
tx 128 r 0.000000 c 8.000000
tx 129 r 0.000000 c 9.000000
tx 130 r 0.000000 c 10.000000
tx 131 r 0.000000 c 11.000000
tx 132 r 1.000000 c 8.000000
tx 133 r 1.000000 c 9.000000
tx 134 r 1.000000 c 10.000000
tx 135 r 1.000000 c 11.000000
tx 136 r 2.000000 c 8.000000
tx 137 r 2.000000 c 9.000000
tx 138 r 2.000000 c 10.000000
tx 139 r 2.000000 c 11.000000
tx 140 r 3.000000 c 8.000000
tx 141 r 3.000000 c 9.000000
tx 142 r 3.000000 c 10.000000
tx 143 r 3.000000 c 11.000000
tx 144 r 4.000000 c 8.000000
tx 145 r 4.000000 c 9.000000
tx 146 r 4.000000 c 10.000000
tx 147 r 4.000000 c 11.000000
tx 148 r 5.000000 c 8.000000
tx 149 r 5.000000 c 9.000000
tx 150 r 5.000000 c 10.000000
tx 151 r 5.000000 c 11.000000
tx 152 r 6.000000 c 8.000000
tx 153 r 6.000000 c 9.000000
tx 154 r 6.000000 c 10.000000
tx 155 r 6.000000 c 11.000000
tx 156 r 7.000000 c 8.000000
tx 157 r 7.000000 c 9.000000
tx 158 r 7.000000 c 10.000000
tx 159 r 7.000000 c 11.000000
tx 64 r 0.000000 c 8.000000
tx 65 r 0.000000 c 9.000000
tx 66 r 0.000000 c 10.000000
tx 67 r 0.000000 c 11.000000
tx 68 r 1.000000 c 8.000000
tx 69 r 1.000000 c 9.000000
tx 70 r 1.000000 c 10.000000
tx 71 r 1.000000 c 11.000000
tx 72 r 2.000000 c 8.000000
tx 73 r 2.000000 c 9.000000
tx 74 r 2.000000 c 10.000000
tx 75 r 2.000000 c 11.000000
tx 76 r 3.000000 c 8.000000
tx 77 r 3.000000 c 9.000000
tx 78 r 3.000000 c 10.000000
tx 79 r 3.000000 c 11.000000
tx 80 r 4.000000 c 8.000000
tx 81 r 4.000000 c 9.000000
tx 82 r 4.000000 c 10.000000
tx 83 r 4.000000 c 11.000000
tx 84 r 5.000000 c 8.000000
tx 85 r 5.000000 c 9.000000
tx 86 r 5.000000 c 10.000000
tx 87 r 5.000000 c 11.000000
tx 88 r 6.000000 c 8.000000
tx 89 r 6.000000 c 9.000000
tx 90 r 6.000000 c 10.000000
tx 91 r 6.000000 c 11.000000
tx 92 r 7.000000 c 8.000000
tx 93 r 7.000000 c 9.000000
tx 94 r 7.000000 c 10.000000
tx 95 r 7.000000 c 11.000000
tx 224 r 40.000000 c 8.000000
tx 225 r 40.000000 c 9.000000
tx 226 r 40.000000 c 10.000000
tx 227 r 40.000000 c 11.000000
tx 228 r 41.000000 c 8.000000
tx 229 r 41.000000 c 9.000000
tx 230 r 41.000000 c 10.000000
tx 231 r 41.000000 c 11.000000
tx 232 r 42.000000 c 8.000000
tx 233 r 42.000000 c 9.000000
tx 234 r 42.000000 c 10.000000
tx 235 r 42.000000 c 11.000000
tx 236 r 43.000000 c 8.000000
tx 237 r 43.000000 c 9.000000
tx 238 r 43.000000 c 10.000000
tx 239 r 43.000000 c 11.000000
tx 240 r 44.000000 c 8.000000
tx 241 r 44.000000 c 9.000000
tx 242 r 44.000000 c 10.000000
tx 243 r 44.000000 c 11.000000
tx 244 r 45.000000 c 8.000000
tx 245 r 45.000000 c 9.000000
tx 246 r 45.000000 c 10.000000
tx 247 r 45.000000 c 11.000000
tx 248 r 46.000000 c 8.000000
tx 249 r 46.000000 c 9.000000
tx 250 r 46.000000 c 10.000000
tx 251 r 46.000000 c 11.000000
tx 252 r 47.000000 c 8.000000
tx 253 r 47.000000 c 9.000000
tx 254 r 47.000000 c 10.000000
tx 255 r 47.000000 c 11.000000
tx 96 r 40.000000 c 8.000000
tx 97 r 40.000000 c 9.000000
tx 98 r 40.000000 c 10.000000
tx 99 r 40.000000 c 11.000000
tx 100 r 41.000000 c 8.000000
tx 101 r 41.000000 c 9.000000
tx 102 r 41.000000 c 10.000000
tx 103 r 41.000000 c 11.000000
tx 104 r 42.000000 c 8.000000
tx 105 r 42.000000 c 9.000000
tx 106 r 42.000000 c 10.000000
tx 107 r 42.000000 c 11.000000
tx 108 r 43.000000 c 8.000000
tx 109 r 43.000000 c 9.000000
tx 110 r 43.000000 c 10.000000
tx 111 r 43.000000 c 11.000000
tx 112 r 44.000000 c 8.000000
tx 113 r 44.000000 c 9.000000
tx 114 r 44.000000 c 10.000000
tx 115 r 44.000000 c 11.000000
tx 116 r 45.000000 c 8.000000
tx 117 r 45.000000 c 9.000000
tx 118 r 45.000000 c 10.000000
tx 119 r 45.000000 c 11.000000
tx 120 r 46.000000 c 8.000000
tx 121 r 46.000000 c 9.000000
tx 122 r 46.000000 c 10.000000
tx 123 r 46.000000 c 11.000000
tx 124 r 47.000000 c 8.000000
tx 125 r 47.000000 c 9.000000
tx 126 r 47.000000 c 10.000000
tx 127 r 47.000000 c 11.000000
tx 160 r 40.000000 c 8.000000
tx 161 r 40.000000 c 9.000000
tx 162 r 40.000000 c 10.000000
tx 163 r 40.000000 c 11.000000
tx 164 r 41.000000 c 8.000000
tx 165 r 41.000000 c 9.000000
tx 166 r 41.000000 c 10.000000
tx 167 r 41.000000 c 11.000000
tx 168 r 42.000000 c 8.000000
tx 169 r 42.000000 c 9.000000
tx 170 r 42.000000 c 10.000000
tx 171 r 42.000000 c 11.000000
tx 172 r 43.000000 c 8.000000
tx 173 r 43.000000 c 9.000000
tx 174 r 43.000000 c 10.000000
tx 175 r 43.000000 c 11.000000
tx 176 r 44.000000 c 8.000000
tx 177 r 44.000000 c 9.000000
tx 178 r 44.000000 c 10.000000
tx 179 r 44.000000 c 11.000000
tx 180 r 45.000000 c 8.000000
tx 181 r 45.000000 c 9.000000
tx 182 r 45.000000 c 10.000000
tx 183 r 45.000000 c 11.000000
tx 184 r 46.000000 c 8.000000
tx 185 r 46.000000 c 9.000000
tx 186 r 46.000000 c 10.000000
tx 187 r 46.000000 c 11.000000
tx 188 r 47.000000 c 8.000000
tx 189 r 47.000000 c 9.000000
tx 190 r 47.000000 c 10.000000
tx 191 r 47.000000 c 11.000000
tx 32 r 40.000000 c 8.000000
tx 33 r 40.000000 c 9.000000
tx 34 r 40.000000 c 10.000000
tx 35 r 40.000000 c 11.000000
tx 36 r 41.000000 c 8.000000
tx 37 r 41.000000 c 9.000000
tx 38 r 41.000000 c 10.000000
tx 39 r 41.000000 c 11.000000
tx 40 r 42.000000 c 8.000000
tx 41 r 42.000000 c 9.000000
tx 42 r 42.000000 c 10.000000
tx 43 r 42.000000 c 11.000000
tx 44 r 43.000000 c 8.000000
tx 45 r 43.000000 c 9.000000
tx 46 r 43.000000 c 10.000000
tx 47 r 43.000000 c 11.000000
tx 48 r 44.000000 c 8.000000
tx 49 r 44.000000 c 9.000000
tx 50 r 44.000000 c 10.000000
tx 51 r 44.000000 c 11.000000
tx 52 r 45.000000 c 8.000000
tx 53 r 45.000000 c 9.000000
tx 54 r 45.000000 c 10.000000
tx 55 r 45.000000 c 11.000000
tx 56 r 46.000000 c 8.000000
tx 57 r 46.000000 c 9.000000
tx 58 r 46.000000 c 10.000000
tx 59 r 46.000000 c 11.000000
tx 60 r 47.000000 c 8.000000
tx 61 r 47.000000 c 9.000000
tx 62 r 47.000000 c 10.000000
tx 63 r 47.000000 c 11.000000
tx 0 r 8.000000 c 8.000000
tx 1 r 8.000000 c 9.000000
tx 2 r 8.000000 c 10.000000
tx 3 r 8.000000 c 11.000000
tx 4 r 9.000000 c 8.000000
tx 5 r 9.000000 c 9.000000
tx 6 r 9.000000 c 10.000000
tx 7 r 9.000000 c 11.000000
tx 8 r 10.000000 c 8.000000
tx 9 r 10.000000 c 9.000000
tx 10 r 10.000000 c 10.000000
tx 11 r 10.000000 c 11.000000
tx 12 r 11.000000 c 8.000000
tx 13 r 11.000000 c 9.000000
tx 14 r 11.000000 c 10.000000
tx 15 r 11.000000 c 11.000000
tx 16 r 12.000000 c 8.000000
tx 17 r 12.000000 c 9.000000
tx 18 r 12.000000 c 10.000000
tx 19 r 12.000000 c 11.000000
tx 20 r 13.000000 c 8.000000
tx 21 r 13.000000 c 9.000000
tx 22 r 13.000000 c 10.000000
tx 23 r 13.000000 c 11.000000
tx 24 r 14.000000 c 8.000000
tx 25 r 14.000000 c 9.000000
tx 26 r 14.000000 c 10.000000
tx 27 r 14.000000 c 11.000000
tx 28 r 15.000000 c 8.000000
tx 29 r 15.000000 c 9.000000
tx 30 r 15.000000 c 10.000000
tx 31 r 15.000000 c 11.000000
tx 192 r 8.000000 c 8.000000
tx 193 r 8.000000 c 9.000000
tx 194 r 8.000000 c 10.000000
tx 195 r 8.000000 c 11.000000
tx 196 r 9.000000 c 8.000000
tx 197 r 9.000000 c 9.000000
tx 198 r 9.000000 c 10.000000
tx 199 r 9.000000 c 11.000000
tx 200 r 10.000000 c 8.000000
tx 201 r 10.000000 c 9.000000
tx 202 r 10.000000 c 10.000000
tx 203 r 10.000000 c 11.000000
tx 204 r 11.000000 c 8.000000
tx 205 r 11.000000 c 9.000000
tx 206 r 11.000000 c 10.000000
tx 207 r 11.000000 c 11.000000
tx 208 r 12.000000 c 8.000000
tx 209 r 12.000000 c 9.000000
tx 210 r 12.000000 c 10.000000
tx 211 r 12.000000 c 11.000000
tx 212 r 13.000000 c 8.000000
tx 213 r 13.000000 c 9.000000
tx 214 r 13.000000 c 10.000000
tx 215 r 13.000000 c 11.000000
tx 216 r 14.000000 c 8.000000
tx 217 r 14.000000 c 9.000000
tx 218 r 14.000000 c 10.000000
tx 219 r 14.000000 c 11.000000
tx 220 r 15.000000 c 8.000000
tx 221 r 15.000000 c 9.000000
tx 222 r 15.000000 c 10.000000
tx 223 r 15.000000 c 11.000000
tx 128 r 8.000000 c 8.000000
tx 129 r 8.000000 c 9.000000
tx 130 r 8.000000 c 10.000000
tx 131 r 8.000000 c 11.000000
tx 132 r 9.000000 c 8.000000
tx 133 r 9.000000 c 9.000000
tx 134 r 9.000000 c 10.000000
tx 135 r 9.000000 c 11.000000
tx 136 r 10.000000 c 8.000000
tx 137 r 10.000000 c 9.000000
tx 138 r 10.000000 c 10.000000
tx 139 r 10.000000 c 11.000000
tx 140 r 11.000000 c 8.000000
tx 141 r 11.000000 c 9.000000
tx 142 r 11.000000 c 10.000000
tx 143 r 11.000000 c 11.000000
tx 144 r 12.000000 c 8.000000
tx 145 r 12.000000 c 9.000000
tx 146 r 12.000000 c 10.000000
tx 147 r 12.000000 c 11.000000
tx 148 r 13.000000 c 8.000000
tx 149 r 13.000000 c 9.000000
tx 150 r 13.000000 c 10.000000
tx 151 r 13.000000 c 11.000000
tx 152 r 14.000000 c 8.000000
tx 153 r 14.000000 c 9.000000
tx 154 r 14.000000 c 10.000000
tx 155 r 14.000000 c 11.000000
tx 156 r 15.000000 c 8.000000
tx 157 r 15.000000 c 9.000000
tx 158 r 15.000000 c 10.000000
tx 159 r 15.000000 c 11.000000
tx 64 r 8.000000 c 8.000000
tx 65 r 8.000000 c 9.000000
tx 66 r 8.000000 c 10.000000
tx 67 r 8.000000 c 11.000000
tx 68 r 9.000000 c 8.000000
tx 69 r 9.000000 c 9.000000
tx 70 r 9.000000 c 10.000000
tx 71 r 9.000000 c 11.000000
tx 72 r 10.000000 c 8.000000
tx 73 r 10.000000 c 9.000000
tx 74 r 10.000000 c 10.000000
tx 75 r 10.000000 c 11.000000
tx 76 r 11.000000 c 8.000000
tx 77 r 11.000000 c 9.000000
tx 78 r 11.000000 c 10.000000
tx 79 r 11.000000 c 11.000000
tx 80 r 12.000000 c 8.000000
tx 81 r 12.000000 c 9.000000
tx 82 r 12.000000 c 10.000000
tx 83 r 12.000000 c 11.000000
tx 84 r 13.000000 c 8.000000
tx 85 r 13.000000 c 9.000000
tx 86 r 13.000000 c 10.000000
tx 87 r 13.000000 c 11.000000
tx 88 r 14.000000 c 8.000000
tx 89 r 14.000000 c 9.000000
tx 90 r 14.000000 c 10.000000
tx 91 r 14.000000 c 11.000000
tx 92 r 15.000000 c 8.000000
tx 93 r 15.000000 c 9.000000
tx 94 r 15.000000 c 10.000000
tx 95 r 15.000000 c 11.000000
tx 224 r 48.000000 c 8.000000
tx 225 r 48.000000 c 9.000000
tx 226 r 48.000000 c 10.000000
tx 227 r 48.000000 c 11.000000
tx 228 r 49.000000 c 8.000000
tx 229 r 49.000000 c 9.000000
tx 230 r 49.000000 c 10.000000
tx 231 r 49.000000 c 11.000000
tx 232 r 50.000000 c 8.000000
tx 233 r 50.000000 c 9.000000
tx 234 r 50.000000 c 10.000000
tx 235 r 50.000000 c 11.000000
tx 236 r 51.000000 c 8.000000
tx 237 r 51.000000 c 9.000000
tx 238 r 51.000000 c 10.000000
tx 239 r 51.000000 c 11.000000
tx 240 r 52.000000 c 8.000000
tx 241 r 52.000000 c 9.000000
tx 242 r 52.000000 c 10.000000
tx 243 r 52.000000 c 11.000000
tx 244 r 53.000000 c 8.000000
tx 245 r 53.000000 c 9.000000
tx 246 r 53.000000 c 10.000000
tx 247 r 53.000000 c 11.000000
tx 248 r 54.000000 c 8.000000
tx 249 r 54.000000 c 9.000000
tx 250 r 54.000000 c 10.000000
tx 251 r 54.000000 c 11.000000
tx 252 r 55.000000 c 8.000000
tx 253 r 55.000000 c 9.000000
tx 254 r 55.000000 c 10.000000
tx 255 r 55.000000 c 11.000000
tx 96 r 48.000000 c 8.000000
tx 97 r 48.000000 c 9.000000
tx 98 r 48.000000 c 10.000000
tx 99 r 48.000000 c 11.000000
tx 100 r 49.000000 c 8.000000
tx 101 r 49.000000 c 9.000000
tx 102 r 49.000000 c 10.000000
tx 103 r 49.000000 c 11.000000
tx 104 r 50.000000 c 8.000000
tx 105 r 50.000000 c 9.000000
tx 106 r 50.000000 c 10.000000
tx 107 r 50.000000 c 11.000000
tx 108 r 51.000000 c 8.000000
tx 109 r 51.000000 c 9.000000
tx 110 r 51.000000 c 10.000000
tx 111 r 51.000000 c 11.000000
tx 112 r 52.000000 c 8.000000
tx 113 r 52.000000 c 9.000000
tx 114 r 52.000000 c 10.000000
tx 115 r 52.000000 c 11.000000
tx 116 r 53.000000 c 8.000000
tx 117 r 53.000000 c 9.000000
tx 118 r 53.000000 c 10.000000
tx 119 r 53.000000 c 11.000000
tx 120 r 54.000000 c 8.000000
tx 121 r 54.000000 c 9.000000
tx 122 r 54.000000 c 10.000000
tx 123 r 54.000000 c 11.000000
tx 124 r 55.000000 c 8.000000
tx 125 r 55.000000 c 9.000000
tx 126 r 55.000000 c 10.000000
tx 127 r 55.000000 c 11.000000
tx 160 r 48.000000 c 8.000000
tx 161 r 48.000000 c 9.000000
tx 162 r 48.000000 c 10.000000
tx 163 r 48.000000 c 11.000000
tx 164 r 49.000000 c 8.000000
tx 165 r 49.000000 c 9.000000
tx 166 r 49.000000 c 10.000000
tx 167 r 49.000000 c 11.000000
tx 168 r 50.000000 c 8.000000
tx 169 r 50.000000 c 9.000000
tx 170 r 50.000000 c 10.000000
tx 171 r 50.000000 c 11.000000
tx 172 r 51.000000 c 8.000000
tx 173 r 51.000000 c 9.000000
tx 174 r 51.000000 c 10.000000
tx 175 r 51.000000 c 11.000000
tx 176 r 52.000000 c 8.000000
tx 177 r 52.000000 c 9.000000
tx 178 r 52.000000 c 10.000000
tx 179 r 52.000000 c 11.000000
tx 180 r 53.000000 c 8.000000
tx 181 r 53.000000 c 9.000000
tx 182 r 53.000000 c 10.000000
tx 183 r 53.000000 c 11.000000
tx 184 r 54.000000 c 8.000000
tx 185 r 54.000000 c 9.000000
tx 186 r 54.000000 c 10.000000
tx 187 r 54.000000 c 11.000000
tx 188 r 55.000000 c 8.000000
tx 189 r 55.000000 c 9.000000
tx 190 r 55.000000 c 10.000000
tx 191 r 55.000000 c 11.000000
tx 0 r 16.000000 c 8.000000
tx 1 r 16.000000 c 9.000000
tx 2 r 16.000000 c 10.000000
tx 3 r 16.000000 c 11.000000
tx 4 r 17.000000 c 8.000000
tx 5 r 17.000000 c 9.000000
tx 6 r 17.000000 c 10.000000
tx 7 r 17.000000 c 11.000000
tx 8 r 18.000000 c 8.000000
tx 9 r 18.000000 c 9.000000
tx 10 r 18.000000 c 10.000000
tx 11 r 18.000000 c 11.000000
tx 12 r 19.000000 c 8.000000
tx 13 r 19.000000 c 9.000000
tx 14 r 19.000000 c 10.000000
tx 15 r 19.000000 c 11.000000
tx 16 r 20.000000 c 8.000000
tx 17 r 20.000000 c 9.000000
tx 18 r 20.000000 c 10.000000
tx 19 r 20.000000 c 11.000000
tx 20 r 21.000000 c 8.000000
tx 21 r 21.000000 c 9.000000
tx 22 r 21.000000 c 10.000000
tx 23 r 21.000000 c 11.000000
tx 24 r 22.000000 c 8.000000
tx 25 r 22.000000 c 9.000000
tx 26 r 22.000000 c 10.000000
tx 27 r 22.000000 c 11.000000
tx 28 r 23.000000 c 8.000000
tx 29 r 23.000000 c 9.000000
tx 30 r 23.000000 c 10.000000
tx 31 r 23.000000 c 11.000000
tx 32 r 48.000000 c 8.000000
tx 33 r 48.000000 c 9.000000
tx 34 r 48.000000 c 10.000000
tx 35 r 48.000000 c 11.000000
tx 36 r 49.000000 c 8.000000
tx 37 r 49.000000 c 9.000000
tx 38 r 49.000000 c 10.000000
tx 39 r 49.000000 c 11.000000
tx 40 r 50.000000 c 8.000000
tx 41 r 50.000000 c 9.000000
tx 42 r 50.000000 c 10.000000
tx 43 r 50.000000 c 11.000000
tx 44 r 51.000000 c 8.000000
tx 45 r 51.000000 c 9.000000
tx 46 r 51.000000 c 10.000000
tx 47 r 51.000000 c 11.000000
tx 48 r 52.000000 c 8.000000
tx 49 r 52.000000 c 9.000000
tx 50 r 52.000000 c 10.000000
tx 51 r 52.000000 c 11.000000
tx 52 r 53.000000 c 8.000000
tx 53 r 53.000000 c 9.000000
tx 54 r 53.000000 c 10.000000
tx 55 r 53.000000 c 11.000000
tx 56 r 54.000000 c 8.000000
tx 57 r 54.000000 c 9.000000
tx 58 r 54.000000 c 10.000000
tx 59 r 54.000000 c 11.000000
tx 60 r 55.000000 c 8.000000
tx 61 r 55.000000 c 9.000000
tx 62 r 55.000000 c 10.000000
tx 63 r 55.000000 c 11.000000
tx 192 r 16.000000 c 8.000000
tx 193 r 16.000000 c 9.000000
tx 194 r 16.000000 c 10.000000
tx 195 r 16.000000 c 11.000000
tx 196 r 17.000000 c 8.000000
tx 197 r 17.000000 c 9.000000
tx 198 r 17.000000 c 10.000000
tx 199 r 17.000000 c 11.000000
tx 200 r 18.000000 c 8.000000
tx 201 r 18.000000 c 9.000000
tx 202 r 18.000000 c 10.000000
tx 203 r 18.000000 c 11.000000
tx 204 r 19.000000 c 8.000000
tx 205 r 19.000000 c 9.000000
tx 206 r 19.000000 c 10.000000
tx 207 r 19.000000 c 11.000000
tx 208 r 20.000000 c 8.000000
tx 209 r 20.000000 c 9.000000
tx 210 r 20.000000 c 10.000000
tx 211 r 20.000000 c 11.000000
tx 212 r 21.000000 c 8.000000
tx 213 r 21.000000 c 9.000000
tx 214 r 21.000000 c 10.000000
tx 215 r 21.000000 c 11.000000
tx 216 r 22.000000 c 8.000000
tx 217 r 22.000000 c 9.000000
tx 218 r 22.000000 c 10.000000
tx 219 r 22.000000 c 11.000000
tx 220 r 23.000000 c 8.000000
tx 221 r 23.000000 c 9.000000
tx 222 r 23.000000 c 10.000000
tx 223 r 23.000000 c 11.000000
tx 128 r 16.000000 c 8.000000
tx 129 r 16.000000 c 9.000000
tx 130 r 16.000000 c 10.000000
tx 131 r 16.000000 c 11.000000
tx 132 r 17.000000 c 8.000000
tx 133 r 17.000000 c 9.000000
tx 134 r 17.000000 c 10.000000
tx 135 r 17.000000 c 11.000000
tx 136 r 18.000000 c 8.000000
tx 137 r 18.000000 c 9.000000
tx 138 r 18.000000 c 10.000000
tx 139 r 18.000000 c 11.000000
tx 140 r 19.000000 c 8.000000
tx 141 r 19.000000 c 9.000000
tx 142 r 19.000000 c 10.000000
tx 143 r 19.000000 c 11.000000
tx 144 r 20.000000 c 8.000000
tx 145 r 20.000000 c 9.000000
tx 146 r 20.000000 c 10.000000
tx 147 r 20.000000 c 11.000000
tx 148 r 21.000000 c 8.000000
tx 149 r 21.000000 c 9.000000
tx 150 r 21.000000 c 10.000000
tx 151 r 21.000000 c 11.000000
tx 152 r 22.000000 c 8.000000
tx 153 r 22.000000 c 9.000000
tx 154 r 22.000000 c 10.000000
tx 155 r 22.000000 c 11.000000
tx 156 r 23.000000 c 8.000000
tx 157 r 23.000000 c 9.000000
tx 158 r 23.000000 c 10.000000
tx 159 r 23.000000 c 11.000000
tx 64 r 16.000000 c 8.000000
tx 65 r 16.000000 c 9.000000
tx 66 r 16.000000 c 10.000000
tx 67 r 16.000000 c 11.000000
tx 68 r 17.000000 c 8.000000
tx 69 r 17.000000 c 9.000000
tx 70 r 17.000000 c 10.000000
tx 71 r 17.000000 c 11.000000
tx 72 r 18.000000 c 8.000000
tx 73 r 18.000000 c 9.000000
tx 74 r 18.000000 c 10.000000
tx 75 r 18.000000 c 11.000000
tx 76 r 19.000000 c 8.000000
tx 77 r 19.000000 c 9.000000
tx 78 r 19.000000 c 10.000000
tx 79 r 19.000000 c 11.000000
tx 80 r 20.000000 c 8.000000
tx 81 r 20.000000 c 9.000000
tx 82 r 20.000000 c 10.000000
tx 83 r 20.000000 c 11.000000
tx 84 r 21.000000 c 8.000000
tx 85 r 21.000000 c 9.000000
tx 86 r 21.000000 c 10.000000
tx 87 r 21.000000 c 11.000000
tx 88 r 22.000000 c 8.000000
tx 89 r 22.000000 c 9.000000
tx 90 r 22.000000 c 10.000000
tx 91 r 22.000000 c 11.000000
tx 92 r 23.000000 c 8.000000
tx 93 r 23.000000 c 9.000000
tx 94 r 23.000000 c 10.000000
tx 95 r 23.000000 c 11.000000
tx 224 r 56.000000 c 8.000000
tx 225 r 56.000000 c 9.000000
tx 226 r 56.000000 c 10.000000
tx 227 r 56.000000 c 11.000000
tx 228 r 57.000000 c 8.000000
tx 229 r 57.000000 c 9.000000
tx 230 r 57.000000 c 10.000000
tx 231 r 57.000000 c 11.000000
tx 232 r 58.000000 c 8.000000
tx 233 r 58.000000 c 9.000000
tx 234 r 58.000000 c 10.000000
tx 235 r 58.000000 c 11.000000
tx 236 r 59.000000 c 8.000000
tx 237 r 59.000000 c 9.000000
tx 238 r 59.000000 c 10.000000
tx 239 r 59.000000 c 11.000000
tx 240 r 60.000000 c 8.000000
tx 241 r 60.000000 c 9.000000
tx 242 r 60.000000 c 10.000000
tx 243 r 60.000000 c 11.000000
tx 244 r 61.000000 c 8.000000
tx 245 r 61.000000 c 9.000000
tx 246 r 61.000000 c 10.000000
tx 247 r 61.000000 c 11.000000
tx 248 r 62.000000 c 8.000000
tx 249 r 62.000000 c 9.000000
tx 250 r 62.000000 c 10.000000
tx 251 r 62.000000 c 11.000000
tx 252 r 63.000000 c 8.000000
tx 253 r 63.000000 c 9.000000
tx 254 r 63.000000 c 10.000000
tx 255 r 63.000000 c 11.000000
tx 0 r 24.000000 c 8.000000
tx 1 r 24.000000 c 9.000000
tx 2 r 24.000000 c 10.000000
tx 3 r 24.000000 c 11.000000
tx 4 r 25.000000 c 8.000000
tx 5 r 25.000000 c 9.000000
tx 6 r 25.000000 c 10.000000
tx 7 r 25.000000 c 11.000000
tx 8 r 26.000000 c 8.000000
tx 9 r 26.000000 c 9.000000
tx 10 r 26.000000 c 10.000000
tx 11 r 26.000000 c 11.000000
tx 12 r 27.000000 c 8.000000
tx 13 r 27.000000 c 9.000000
tx 14 r 27.000000 c 10.000000
tx 15 r 27.000000 c 11.000000
tx 16 r 28.000000 c 8.000000
tx 17 r 28.000000 c 9.000000
tx 18 r 28.000000 c 10.000000
tx 19 r 28.000000 c 11.000000
tx 20 r 29.000000 c 8.000000
tx 21 r 29.000000 c 9.000000
tx 22 r 29.000000 c 10.000000
tx 23 r 29.000000 c 11.000000
tx 24 r 30.000000 c 8.000000
tx 25 r 30.000000 c 9.000000
tx 26 r 30.000000 c 10.000000
tx 27 r 30.000000 c 11.000000
tx 28 r 31.000000 c 8.000000
tx 29 r 31.000000 c 9.000000
tx 30 r 31.000000 c 10.000000
tx 31 r 31.000000 c 11.000000
tx 64 r 24.000000 c 8.000000
tx 65 r 24.000000 c 9.000000
tx 66 r 24.000000 c 10.000000
tx 67 r 24.000000 c 11.000000
tx 68 r 25.000000 c 8.000000
tx 69 r 25.000000 c 9.000000
tx 70 r 25.000000 c 10.000000
tx 71 r 25.000000 c 11.000000
tx 72 r 26.000000 c 8.000000
tx 73 r 26.000000 c 9.000000
tx 74 r 26.000000 c 10.000000
tx 75 r 26.000000 c 11.000000
tx 76 r 27.000000 c 8.000000
tx 77 r 27.000000 c 9.000000
tx 78 r 27.000000 c 10.000000
tx 79 r 27.000000 c 11.000000
tx 80 r 28.000000 c 8.000000
tx 81 r 28.000000 c 9.000000
tx 82 r 28.000000 c 10.000000
tx 83 r 28.000000 c 11.000000
tx 84 r 29.000000 c 8.000000
tx 85 r 29.000000 c 9.000000
tx 86 r 29.000000 c 10.000000
tx 87 r 29.000000 c 11.000000
tx 88 r 30.000000 c 8.000000
tx 89 r 30.000000 c 9.000000
tx 90 r 30.000000 c 10.000000
tx 91 r 30.000000 c 11.000000
tx 92 r 31.000000 c 8.000000
tx 93 r 31.000000 c 9.000000
tx 94 r 31.000000 c 10.000000
tx 95 r 31.000000 c 11.000000
tx 160 r 56.000000 c 8.000000
tx 161 r 56.000000 c 9.000000
tx 162 r 56.000000 c 10.000000
tx 163 r 56.000000 c 11.000000
tx 164 r 57.000000 c 8.000000
tx 165 r 57.000000 c 9.000000
tx 166 r 57.000000 c 10.000000
tx 167 r 57.000000 c 11.000000
tx 168 r 58.000000 c 8.000000
tx 169 r 58.000000 c 9.000000
tx 170 r 58.000000 c 10.000000
tx 171 r 58.000000 c 11.000000
tx 172 r 59.000000 c 8.000000
tx 173 r 59.000000 c 9.000000
tx 174 r 59.000000 c 10.000000
tx 175 r 59.000000 c 11.000000
tx 176 r 60.000000 c 8.000000
tx 177 r 60.000000 c 9.000000
tx 178 r 60.000000 c 10.000000
tx 179 r 60.000000 c 11.000000
tx 180 r 61.000000 c 8.000000
tx 181 r 61.000000 c 9.000000
tx 182 r 61.000000 c 10.000000
tx 183 r 61.000000 c 11.000000
tx 184 r 62.000000 c 8.000000
tx 185 r 62.000000 c 9.000000
tx 186 r 62.000000 c 10.000000
tx 187 r 62.000000 c 11.000000
tx 188 r 63.000000 c 8.000000
tx 189 r 63.000000 c 9.000000
tx 190 r 63.000000 c 10.000000
tx 191 r 63.000000 c 11.000000
tx 96 r 56.000000 c 8.000000
tx 97 r 56.000000 c 9.000000
tx 98 r 56.000000 c 10.000000
tx 99 r 56.000000 c 11.000000
tx 100 r 57.000000 c 8.000000
tx 101 r 57.000000 c 9.000000
tx 102 r 57.000000 c 10.000000
tx 103 r 57.000000 c 11.000000
tx 104 r 58.000000 c 8.000000
tx 105 r 58.000000 c 9.000000
tx 106 r 58.000000 c 10.000000
tx 107 r 58.000000 c 11.000000
tx 108 r 59.000000 c 8.000000
tx 109 r 59.000000 c 9.000000
tx 110 r 59.000000 c 10.000000
tx 111 r 59.000000 c 11.000000
tx 112 r 60.000000 c 8.000000
tx 113 r 60.000000 c 9.000000
tx 114 r 60.000000 c 10.000000
tx 115 r 60.000000 c 11.000000
tx 116 r 61.000000 c 8.000000
tx 117 r 61.000000 c 9.000000
tx 118 r 61.000000 c 10.000000
tx 119 r 61.000000 c 11.000000
tx 120 r 62.000000 c 8.000000
tx 121 r 62.000000 c 9.000000
tx 122 r 62.000000 c 10.000000
tx 123 r 62.000000 c 11.000000
tx 124 r 63.000000 c 8.000000
tx 125 r 63.000000 c 9.000000
tx 126 r 63.000000 c 10.000000
tx 127 r 63.000000 c 11.000000
tx 192 r 24.000000 c 8.000000
tx 193 r 24.000000 c 9.000000
tx 194 r 24.000000 c 10.000000
tx 195 r 24.000000 c 11.000000
tx 196 r 25.000000 c 8.000000
tx 197 r 25.000000 c 9.000000
tx 198 r 25.000000 c 10.000000
tx 199 r 25.000000 c 11.000000
tx 200 r 26.000000 c 8.000000
tx 201 r 26.000000 c 9.000000
tx 202 r 26.000000 c 10.000000
tx 203 r 26.000000 c 11.000000
tx 204 r 27.000000 c 8.000000
tx 205 r 27.000000 c 9.000000
tx 206 r 27.000000 c 10.000000
tx 207 r 27.000000 c 11.000000
tx 208 r 28.000000 c 8.000000
tx 209 r 28.000000 c 9.000000
tx 210 r 28.000000 c 10.000000
tx 211 r 28.000000 c 11.000000
tx 212 r 29.000000 c 8.000000
tx 213 r 29.000000 c 9.000000
tx 214 r 29.000000 c 10.000000
tx 215 r 29.000000 c 11.000000
tx 216 r 30.000000 c 8.000000
tx 217 r 30.000000 c 9.000000
tx 218 r 30.000000 c 10.000000
tx 219 r 30.000000 c 11.000000
tx 220 r 31.000000 c 8.000000
tx 221 r 31.000000 c 9.000000
tx 222 r 31.000000 c 10.000000
tx 223 r 31.000000 c 11.000000
tx 128 r 24.000000 c 8.000000
tx 129 r 24.000000 c 9.000000
tx 130 r 24.000000 c 10.000000
tx 131 r 24.000000 c 11.000000
tx 132 r 25.000000 c 8.000000
tx 133 r 25.000000 c 9.000000
tx 134 r 25.000000 c 10.000000
tx 135 r 25.000000 c 11.000000
tx 136 r 26.000000 c 8.000000
tx 137 r 26.000000 c 9.000000
tx 138 r 26.000000 c 10.000000
tx 139 r 26.000000 c 11.000000
tx 140 r 27.000000 c 8.000000
tx 141 r 27.000000 c 9.000000
tx 142 r 27.000000 c 10.000000
tx 143 r 27.000000 c 11.000000
tx 144 r 28.000000 c 8.000000
tx 145 r 28.000000 c 9.000000
tx 146 r 28.000000 c 10.000000
tx 147 r 28.000000 c 11.000000
tx 148 r 29.000000 c 8.000000
tx 149 r 29.000000 c 9.000000
tx 150 r 29.000000 c 10.000000
tx 151 r 29.000000 c 11.000000
tx 152 r 30.000000 c 8.000000
tx 153 r 30.000000 c 9.000000
tx 154 r 30.000000 c 10.000000
tx 155 r 30.000000 c 11.000000
tx 156 r 31.000000 c 8.000000
tx 157 r 31.000000 c 9.000000
tx 158 r 31.000000 c 10.000000
tx 159 r 31.000000 c 11.000000
tx 32 r 56.000000 c 8.000000
tx 33 r 56.000000 c 9.000000
tx 34 r 56.000000 c 10.000000
tx 35 r 56.000000 c 11.000000
tx 36 r 57.000000 c 8.000000
tx 37 r 57.000000 c 9.000000
tx 38 r 57.000000 c 10.000000
tx 39 r 57.000000 c 11.000000
tx 40 r 58.000000 c 8.000000
tx 41 r 58.000000 c 9.000000
tx 42 r 58.000000 c 10.000000
tx 43 r 58.000000 c 11.000000
tx 44 r 59.000000 c 8.000000
tx 45 r 59.000000 c 9.000000
tx 46 r 59.000000 c 10.000000
tx 47 r 59.000000 c 11.000000
tx 48 r 60.000000 c 8.000000
tx 49 r 60.000000 c 9.000000
tx 50 r 60.000000 c 10.000000
tx 51 r 60.000000 c 11.000000
tx 52 r 61.000000 c 8.000000
tx 53 r 61.000000 c 9.000000
tx 54 r 61.000000 c 10.000000
tx 55 r 61.000000 c 11.000000
tx 56 r 62.000000 c 8.000000
tx 57 r 62.000000 c 9.000000
tx 58 r 62.000000 c 10.000000
tx 59 r 62.000000 c 11.000000
tx 60 r 63.000000 c 8.000000
tx 61 r 63.000000 c 9.000000
tx 62 r 63.000000 c 10.000000
tx 63 r 63.000000 c 11.000000
tx 128 r 0.000000 c 12.000000
tx 129 r 0.000000 c 13.000000
tx 130 r 0.000000 c 14.000000
tx 131 r 0.000000 c 15.000000
tx 132 r 1.000000 c 12.000000
tx 133 r 1.000000 c 13.000000
tx 134 r 1.000000 c 14.000000
tx 135 r 1.000000 c 15.000000
tx 136 r 2.000000 c 12.000000
tx 137 r 2.000000 c 13.000000
tx 138 r 2.000000 c 14.000000
tx 139 r 2.000000 c 15.000000
tx 140 r 3.000000 c 12.000000
tx 141 r 3.000000 c 13.000000
tx 142 r 3.000000 c 14.000000
tx 143 r 3.000000 c 15.000000
tx 144 r 4.000000 c 12.000000
tx 145 r 4.000000 c 13.000000
tx 146 r 4.000000 c 14.000000
tx 147 r 4.000000 c 15.000000
tx 148 r 5.000000 c 12.000000
tx 149 r 5.000000 c 13.000000
tx 150 r 5.000000 c 14.000000
tx 151 r 5.000000 c 15.000000
tx 152 r 6.000000 c 12.000000
tx 153 r 6.000000 c 13.000000
tx 154 r 6.000000 c 14.000000
tx 155 r 6.000000 c 15.000000
tx 156 r 7.000000 c 12.000000
tx 157 r 7.000000 c 13.000000
tx 158 r 7.000000 c 14.000000
tx 159 r 7.000000 c 15.000000
tx 192 r 0.000000 c 12.000000
tx 193 r 0.000000 c 13.000000
tx 194 r 0.000000 c 14.000000
tx 195 r 0.000000 c 15.000000
tx 196 r 1.000000 c 12.000000
tx 197 r 1.000000 c 13.000000
tx 198 r 1.000000 c 14.000000
tx 199 r 1.000000 c 15.000000
tx 200 r 2.000000 c 12.000000
tx 201 r 2.000000 c 13.000000
tx 202 r 2.000000 c 14.000000
tx 203 r 2.000000 c 15.000000
tx 204 r 3.000000 c 12.000000
tx 205 r 3.000000 c 13.000000
tx 206 r 3.000000 c 14.000000
tx 207 r 3.000000 c 15.000000
tx 208 r 4.000000 c 12.000000
tx 209 r 4.000000 c 13.000000
tx 210 r 4.000000 c 14.000000
tx 211 r 4.000000 c 15.000000
tx 212 r 5.000000 c 12.000000
tx 213 r 5.000000 c 13.000000
tx 214 r 5.000000 c 14.000000
tx 215 r 5.000000 c 15.000000
tx 216 r 6.000000 c 12.000000
tx 217 r 6.000000 c 13.000000
tx 218 r 6.000000 c 14.000000
tx 219 r 6.000000 c 15.000000
tx 220 r 7.000000 c 12.000000
tx 221 r 7.000000 c 13.000000
tx 222 r 7.000000 c 14.000000
tx 223 r 7.000000 c 15.000000
tx 224 r 32.000000 c 12.000000
tx 225 r 32.000000 c 13.000000
tx 226 r 32.000000 c 14.000000
tx 227 r 32.000000 c 15.000000
tx 228 r 33.000000 c 12.000000
tx 229 r 33.000000 c 13.000000
tx 230 r 33.000000 c 14.000000
tx 231 r 33.000000 c 15.000000
tx 232 r 34.000000 c 12.000000
tx 233 r 34.000000 c 13.000000
tx 234 r 34.000000 c 14.000000
tx 235 r 34.000000 c 15.000000
tx 236 r 35.000000 c 12.000000
tx 237 r 35.000000 c 13.000000
tx 238 r 35.000000 c 14.000000
tx 239 r 35.000000 c 15.000000
tx 240 r 36.000000 c 12.000000
tx 241 r 36.000000 c 13.000000
tx 242 r 36.000000 c 14.000000
tx 243 r 36.000000 c 15.000000
tx 244 r 37.000000 c 12.000000
tx 245 r 37.000000 c 13.000000
tx 246 r 37.000000 c 14.000000
tx 247 r 37.000000 c 15.000000
tx 248 r 38.000000 c 12.000000
tx 249 r 38.000000 c 13.000000
tx 250 r 38.000000 c 14.000000
tx 251 r 38.000000 c 15.000000
tx 252 r 39.000000 c 12.000000
tx 253 r 39.000000 c 13.000000
tx 254 r 39.000000 c 14.000000
tx 255 r 39.000000 c 15.000000
tx 64 r 0.000000 c 12.000000
tx 65 r 0.000000 c 13.000000
tx 66 r 0.000000 c 14.000000
tx 67 r 0.000000 c 15.000000
tx 68 r 1.000000 c 12.000000
tx 69 r 1.000000 c 13.000000
tx 70 r 1.000000 c 14.000000
tx 71 r 1.000000 c 15.000000
tx 72 r 2.000000 c 12.000000
tx 73 r 2.000000 c 13.000000
tx 74 r 2.000000 c 14.000000
tx 75 r 2.000000 c 15.000000
tx 76 r 3.000000 c 12.000000
tx 77 r 3.000000 c 13.000000
tx 78 r 3.000000 c 14.000000
tx 79 r 3.000000 c 15.000000
tx 80 r 4.000000 c 12.000000
tx 81 r 4.000000 c 13.000000
tx 82 r 4.000000 c 14.000000
tx 83 r 4.000000 c 15.000000
tx 84 r 5.000000 c 12.000000
tx 85 r 5.000000 c 13.000000
tx 86 r 5.000000 c 14.000000
tx 87 r 5.000000 c 15.000000
tx 88 r 6.000000 c 12.000000
tx 89 r 6.000000 c 13.000000
tx 90 r 6.000000 c 14.000000
tx 91 r 6.000000 c 15.000000
tx 92 r 7.000000 c 12.000000
tx 93 r 7.000000 c 13.000000
tx 94 r 7.000000 c 14.000000
tx 95 r 7.000000 c 15.000000
tx 0 r 0.000000 c 12.000000
tx 1 r 0.000000 c 13.000000
tx 2 r 0.000000 c 14.000000
tx 3 r 0.000000 c 15.000000
tx 4 r 1.000000 c 12.000000
tx 5 r 1.000000 c 13.000000
tx 6 r 1.000000 c 14.000000
tx 7 r 1.000000 c 15.000000
tx 8 r 2.000000 c 12.000000
tx 9 r 2.000000 c 13.000000
tx 10 r 2.000000 c 14.000000
tx 11 r 2.000000 c 15.000000
tx 12 r 3.000000 c 12.000000
tx 13 r 3.000000 c 13.000000
tx 14 r 3.000000 c 14.000000
tx 15 r 3.000000 c 15.000000
tx 16 r 4.000000 c 12.000000
tx 17 r 4.000000 c 13.000000
tx 18 r 4.000000 c 14.000000
tx 19 r 4.000000 c 15.000000
tx 20 r 5.000000 c 12.000000
tx 21 r 5.000000 c 13.000000
tx 22 r 5.000000 c 14.000000
tx 23 r 5.000000 c 15.000000
tx 24 r 6.000000 c 12.000000
tx 25 r 6.000000 c 13.000000
tx 26 r 6.000000 c 14.000000
tx 27 r 6.000000 c 15.000000
tx 28 r 7.000000 c 12.000000
tx 29 r 7.000000 c 13.000000
tx 30 r 7.000000 c 14.000000
tx 31 r 7.000000 c 15.000000
tx 96 r 32.000000 c 12.000000
tx 97 r 32.000000 c 13.000000
tx 98 r 32.000000 c 14.000000
tx 99 r 32.000000 c 15.000000
tx 100 r 33.000000 c 12.000000
tx 101 r 33.000000 c 13.000000
tx 102 r 33.000000 c 14.000000
tx 103 r 33.000000 c 15.000000
tx 104 r 34.000000 c 12.000000
tx 105 r 34.000000 c 13.000000
tx 106 r 34.000000 c 14.000000
tx 107 r 34.000000 c 15.000000
tx 108 r 35.000000 c 12.000000
tx 109 r 35.000000 c 13.000000
tx 110 r 35.000000 c 14.000000
tx 111 r 35.000000 c 15.000000
tx 112 r 36.000000 c 12.000000
tx 113 r 36.000000 c 13.000000
tx 114 r 36.000000 c 14.000000
tx 115 r 36.000000 c 15.000000
tx 116 r 37.000000 c 12.000000
tx 117 r 37.000000 c 13.000000
tx 118 r 37.000000 c 14.000000
tx 119 r 37.000000 c 15.000000
tx 120 r 38.000000 c 12.000000
tx 121 r 38.000000 c 13.000000
tx 122 r 38.000000 c 14.000000
tx 123 r 38.000000 c 15.000000
tx 124 r 39.000000 c 12.000000
tx 125 r 39.000000 c 13.000000
tx 126 r 39.000000 c 14.000000
tx 127 r 39.000000 c 15.000000
tx 32 r 32.000000 c 12.000000
tx 33 r 32.000000 c 13.000000
tx 34 r 32.000000 c 14.000000
tx 35 r 32.000000 c 15.000000
tx 36 r 33.000000 c 12.000000
tx 37 r 33.000000 c 13.000000
tx 38 r 33.000000 c 14.000000
tx 39 r 33.000000 c 15.000000
tx 40 r 34.000000 c 12.000000
tx 41 r 34.000000 c 13.000000
tx 42 r 34.000000 c 14.000000
tx 43 r 34.000000 c 15.000000
tx 44 r 35.000000 c 12.000000
tx 45 r 35.000000 c 13.000000
tx 46 r 35.000000 c 14.000000
tx 47 r 35.000000 c 15.000000
tx 48 r 36.000000 c 12.000000
tx 49 r 36.000000 c 13.000000
tx 50 r 36.000000 c 14.000000
tx 51 r 36.000000 c 15.000000
tx 52 r 37.000000 c 12.000000
tx 53 r 37.000000 c 13.000000
tx 54 r 37.000000 c 14.000000
tx 55 r 37.000000 c 15.000000
tx 56 r 38.000000 c 12.000000
tx 57 r 38.000000 c 13.000000
tx 58 r 38.000000 c 14.000000
tx 59 r 38.000000 c 15.000000
tx 60 r 39.000000 c 12.000000
tx 61 r 39.000000 c 13.000000
tx 62 r 39.000000 c 14.000000
tx 63 r 39.000000 c 15.000000
tx 160 r 32.000000 c 12.000000
tx 161 r 32.000000 c 13.000000
tx 162 r 32.000000 c 14.000000
tx 163 r 32.000000 c 15.000000
tx 164 r 33.000000 c 12.000000
tx 165 r 33.000000 c 13.000000
tx 166 r 33.000000 c 14.000000
tx 167 r 33.000000 c 15.000000
tx 168 r 34.000000 c 12.000000
tx 169 r 34.000000 c 13.000000
tx 170 r 34.000000 c 14.000000
tx 171 r 34.000000 c 15.000000
tx 172 r 35.000000 c 12.000000
tx 173 r 35.000000 c 13.000000
tx 174 r 35.000000 c 14.000000
tx 175 r 35.000000 c 15.000000
tx 176 r 36.000000 c 12.000000
tx 177 r 36.000000 c 13.000000
tx 178 r 36.000000 c 14.000000
tx 179 r 36.000000 c 15.000000
tx 180 r 37.000000 c 12.000000
tx 181 r 37.000000 c 13.000000
tx 182 r 37.000000 c 14.000000
tx 183 r 37.000000 c 15.000000
tx 184 r 38.000000 c 12.000000
tx 185 r 38.000000 c 13.000000
tx 186 r 38.000000 c 14.000000
tx 187 r 38.000000 c 15.000000
tx 188 r 39.000000 c 12.000000
tx 189 r 39.000000 c 13.000000
tx 190 r 39.000000 c 14.000000
tx 191 r 39.000000 c 15.000000
tx 192 r 8.000000 c 12.000000
tx 193 r 8.000000 c 13.000000
tx 194 r 8.000000 c 14.000000
tx 195 r 8.000000 c 15.000000
tx 196 r 9.000000 c 12.000000
tx 197 r 9.000000 c 13.000000
tx 198 r 9.000000 c 14.000000
tx 199 r 9.000000 c 15.000000
tx 200 r 10.000000 c 12.000000
tx 201 r 10.000000 c 13.000000
tx 202 r 10.000000 c 14.000000
tx 203 r 10.000000 c 15.000000
tx 204 r 11.000000 c 12.000000
tx 205 r 11.000000 c 13.000000
tx 206 r 11.000000 c 14.000000
tx 207 r 11.000000 c 15.000000
tx 208 r 12.000000 c 12.000000
tx 209 r 12.000000 c 13.000000
tx 210 r 12.000000 c 14.000000
tx 211 r 12.000000 c 15.000000
tx 212 r 13.000000 c 12.000000
tx 213 r 13.000000 c 13.000000
tx 214 r 13.000000 c 14.000000
tx 215 r 13.000000 c 15.000000
tx 216 r 14.000000 c 12.000000
tx 217 r 14.000000 c 13.000000
tx 218 r 14.000000 c 14.000000
tx 219 r 14.000000 c 15.000000
tx 220 r 15.000000 c 12.000000
tx 221 r 15.000000 c 13.000000
tx 222 r 15.000000 c 14.000000
tx 223 r 15.000000 c 15.000000
tx 160 r 40.000000 c 12.000000
tx 161 r 40.000000 c 13.000000
tx 162 r 40.000000 c 14.000000
tx 163 r 40.000000 c 15.000000
tx 164 r 41.000000 c 12.000000
tx 165 r 41.000000 c 13.000000
tx 166 r 41.000000 c 14.000000
tx 167 r 41.000000 c 15.000000
tx 168 r 42.000000 c 12.000000
tx 169 r 42.000000 c 13.000000
tx 170 r 42.000000 c 14.000000
tx 171 r 42.000000 c 15.000000
tx 172 r 43.000000 c 12.000000
tx 173 r 43.000000 c 13.000000
tx 174 r 43.000000 c 14.000000
tx 175 r 43.000000 c 15.000000
tx 176 r 44.000000 c 12.000000
tx 177 r 44.000000 c 13.000000
tx 178 r 44.000000 c 14.000000
tx 179 r 44.000000 c 15.000000
tx 180 r 45.000000 c 12.000000
tx 181 r 45.000000 c 13.000000
tx 182 r 45.000000 c 14.000000
tx 183 r 45.000000 c 15.000000
tx 184 r 46.000000 c 12.000000
tx 185 r 46.000000 c 13.000000
tx 186 r 46.000000 c 14.000000
tx 187 r 46.000000 c 15.000000
tx 188 r 47.000000 c 12.000000
tx 189 r 47.000000 c 13.000000
tx 190 r 47.000000 c 14.000000
tx 191 r 47.000000 c 15.000000
tx 64 r 8.000000 c 12.000000
tx 65 r 8.000000 c 13.000000
tx 66 r 8.000000 c 14.000000
tx 67 r 8.000000 c 15.000000
tx 68 r 9.000000 c 12.000000
tx 69 r 9.000000 c 13.000000
tx 70 r 9.000000 c 14.000000
tx 71 r 9.000000 c 15.000000
tx 72 r 10.000000 c 12.000000
tx 73 r 10.000000 c 13.000000
tx 74 r 10.000000 c 14.000000
tx 75 r 10.000000 c 15.000000
tx 76 r 11.000000 c 12.000000
tx 77 r 11.000000 c 13.000000
tx 78 r 11.000000 c 14.000000
tx 79 r 11.000000 c 15.000000
tx 80 r 12.000000 c 12.000000
tx 81 r 12.000000 c 13.000000
tx 82 r 12.000000 c 14.000000
tx 83 r 12.000000 c 15.000000
tx 84 r 13.000000 c 12.000000
tx 85 r 13.000000 c 13.000000
tx 86 r 13.000000 c 14.000000
tx 87 r 13.000000 c 15.000000
tx 88 r 14.000000 c 12.000000
tx 89 r 14.000000 c 13.000000
tx 90 r 14.000000 c 14.000000
tx 91 r 14.000000 c 15.000000
tx 92 r 15.000000 c 12.000000
tx 93 r 15.000000 c 13.000000
tx 94 r 15.000000 c 14.000000
tx 95 r 15.000000 c 15.000000
tx 224 r 40.000000 c 12.000000
tx 225 r 40.000000 c 13.000000
tx 226 r 40.000000 c 14.000000
tx 227 r 40.000000 c 15.000000
tx 228 r 41.000000 c 12.000000
tx 229 r 41.000000 c 13.000000
tx 230 r 41.000000 c 14.000000
tx 231 r 41.000000 c 15.000000
tx 232 r 42.000000 c 12.000000
tx 233 r 42.000000 c 13.000000
tx 234 r 42.000000 c 14.000000
tx 235 r 42.000000 c 15.000000
tx 236 r 43.000000 c 12.000000
tx 237 r 43.000000 c 13.000000
tx 238 r 43.000000 c 14.000000
tx 239 r 43.000000 c 15.000000
tx 240 r 44.000000 c 12.000000
tx 241 r 44.000000 c 13.000000
tx 242 r 44.000000 c 14.000000
tx 243 r 44.000000 c 15.000000
tx 244 r 45.000000 c 12.000000
tx 245 r 45.000000 c 13.000000
tx 246 r 45.000000 c 14.000000
tx 247 r 45.000000 c 15.000000
tx 248 r 46.000000 c 12.000000
tx 249 r 46.000000 c 13.000000
tx 250 r 46.000000 c 14.000000
tx 251 r 46.000000 c 15.000000
tx 252 r 47.000000 c 12.000000
tx 253 r 47.000000 c 13.000000
tx 254 r 47.000000 c 14.000000
tx 255 r 47.000000 c 15.000000
tx 0 r 8.000000 c 12.000000
tx 1 r 8.000000 c 13.000000
tx 2 r 8.000000 c 14.000000
tx 3 r 8.000000 c 15.000000
tx 4 r 9.000000 c 12.000000
tx 5 r 9.000000 c 13.000000
tx 6 r 9.000000 c 14.000000
tx 7 r 9.000000 c 15.000000
tx 8 r 10.000000 c 12.000000
tx 9 r 10.000000 c 13.000000
tx 10 r 10.000000 c 14.000000
tx 11 r 10.000000 c 15.000000
tx 12 r 11.000000 c 12.000000
tx 13 r 11.000000 c 13.000000
tx 14 r 11.000000 c 14.000000
tx 15 r 11.000000 c 15.000000
tx 16 r 12.000000 c 12.000000
tx 17 r 12.000000 c 13.000000
tx 18 r 12.000000 c 14.000000
tx 19 r 12.000000 c 15.000000
tx 20 r 13.000000 c 12.000000
tx 21 r 13.000000 c 13.000000
tx 22 r 13.000000 c 14.000000
tx 23 r 13.000000 c 15.000000
tx 24 r 14.000000 c 12.000000
tx 25 r 14.000000 c 13.000000
tx 26 r 14.000000 c 14.000000
tx 27 r 14.000000 c 15.000000
tx 28 r 15.000000 c 12.000000
tx 29 r 15.000000 c 13.000000
tx 30 r 15.000000 c 14.000000
tx 31 r 15.000000 c 15.000000
tx 96 r 40.000000 c 12.000000
tx 97 r 40.000000 c 13.000000
tx 98 r 40.000000 c 14.000000
tx 99 r 40.000000 c 15.000000
tx 100 r 41.000000 c 12.000000
tx 101 r 41.000000 c 13.000000
tx 102 r 41.000000 c 14.000000
tx 103 r 41.000000 c 15.000000
tx 104 r 42.000000 c 12.000000
tx 105 r 42.000000 c 13.000000
tx 106 r 42.000000 c 14.000000
tx 107 r 42.000000 c 15.000000
tx 108 r 43.000000 c 12.000000
tx 109 r 43.000000 c 13.000000
tx 110 r 43.000000 c 14.000000
tx 111 r 43.000000 c 15.000000
tx 112 r 44.000000 c 12.000000
tx 113 r 44.000000 c 13.000000
tx 114 r 44.000000 c 14.000000
tx 115 r 44.000000 c 15.000000
tx 116 r 45.000000 c 12.000000
tx 117 r 45.000000 c 13.000000
tx 118 r 45.000000 c 14.000000
tx 119 r 45.000000 c 15.000000
tx 120 r 46.000000 c 12.000000
tx 121 r 46.000000 c 13.000000
tx 122 r 46.000000 c 14.000000
tx 123 r 46.000000 c 15.000000
tx 124 r 47.000000 c 12.000000
tx 125 r 47.000000 c 13.000000
tx 126 r 47.000000 c 14.000000
tx 127 r 47.000000 c 15.000000
tx 128 r 8.000000 c 12.000000
tx 129 r 8.000000 c 13.000000
tx 130 r 8.000000 c 14.000000
tx 131 r 8.000000 c 15.000000
tx 132 r 9.000000 c 12.000000
tx 133 r 9.000000 c 13.000000
tx 134 r 9.000000 c 14.000000
tx 135 r 9.000000 c 15.000000
tx 136 r 10.000000 c 12.000000
tx 137 r 10.000000 c 13.000000
tx 138 r 10.000000 c 14.000000
tx 139 r 10.000000 c 15.000000
tx 140 r 11.000000 c 12.000000
tx 141 r 11.000000 c 13.000000
tx 142 r 11.000000 c 14.000000
tx 143 r 11.000000 c 15.000000
tx 144 r 12.000000 c 12.000000
tx 145 r 12.000000 c 13.000000
tx 146 r 12.000000 c 14.000000
tx 147 r 12.000000 c 15.000000
tx 148 r 13.000000 c 12.000000
tx 149 r 13.000000 c 13.000000
tx 150 r 13.000000 c 14.000000
tx 151 r 13.000000 c 15.000000
tx 152 r 14.000000 c 12.000000
tx 153 r 14.000000 c 13.000000
tx 154 r 14.000000 c 14.000000
tx 155 r 14.000000 c 15.000000
tx 156 r 15.000000 c 12.000000
tx 157 r 15.000000 c 13.000000
tx 158 r 15.000000 c 14.000000
tx 159 r 15.000000 c 15.000000
tx 32 r 40.000000 c 12.000000
tx 33 r 40.000000 c 13.000000
tx 34 r 40.000000 c 14.000000
tx 35 r 40.000000 c 15.000000
tx 36 r 41.000000 c 12.000000
tx 37 r 41.000000 c 13.000000
tx 38 r 41.000000 c 14.000000
tx 39 r 41.000000 c 15.000000
tx 40 r 42.000000 c 12.000000
tx 41 r 42.000000 c 13.000000
tx 42 r 42.000000 c 14.000000
tx 43 r 42.000000 c 15.000000
tx 44 r 43.000000 c 12.000000
tx 45 r 43.000000 c 13.000000
tx 46 r 43.000000 c 14.000000
tx 47 r 43.000000 c 15.000000
tx 48 r 44.000000 c 12.000000
tx 49 r 44.000000 c 13.000000
tx 50 r 44.000000 c 14.000000
tx 51 r 44.000000 c 15.000000
tx 52 r 45.000000 c 12.000000
tx 53 r 45.000000 c 13.000000
tx 54 r 45.000000 c 14.000000
tx 55 r 45.000000 c 15.000000
tx 56 r 46.000000 c 12.000000
tx 57 r 46.000000 c 13.000000
tx 58 r 46.000000 c 14.000000
tx 59 r 46.000000 c 15.000000
tx 60 r 47.000000 c 12.000000
tx 61 r 47.000000 c 13.000000
tx 62 r 47.000000 c 14.000000
tx 63 r 47.000000 c 15.000000
tx 192 r 16.000000 c 12.000000
tx 193 r 16.000000 c 13.000000
tx 194 r 16.000000 c 14.000000
tx 195 r 16.000000 c 15.000000
tx 196 r 17.000000 c 12.000000
tx 197 r 17.000000 c 13.000000
tx 198 r 17.000000 c 14.000000
tx 199 r 17.000000 c 15.000000
tx 200 r 18.000000 c 12.000000
tx 201 r 18.000000 c 13.000000
tx 202 r 18.000000 c 14.000000
tx 203 r 18.000000 c 15.000000
tx 204 r 19.000000 c 12.000000
tx 205 r 19.000000 c 13.000000
tx 206 r 19.000000 c 14.000000
tx 207 r 19.000000 c 15.000000
tx 208 r 20.000000 c 12.000000
tx 209 r 20.000000 c 13.000000
tx 210 r 20.000000 c 14.000000
tx 211 r 20.000000 c 15.000000
tx 212 r 21.000000 c 12.000000
tx 213 r 21.000000 c 13.000000
tx 214 r 21.000000 c 14.000000
tx 215 r 21.000000 c 15.000000
tx 216 r 22.000000 c 12.000000
tx 217 r 22.000000 c 13.000000
tx 218 r 22.000000 c 14.000000
tx 219 r 22.000000 c 15.000000
tx 220 r 23.000000 c 12.000000
tx 221 r 23.000000 c 13.000000
tx 222 r 23.000000 c 14.000000
tx 223 r 23.000000 c 15.000000
tx 64 r 16.000000 c 12.000000
tx 65 r 16.000000 c 13.000000
tx 66 r 16.000000 c 14.000000
tx 67 r 16.000000 c 15.000000
tx 68 r 17.000000 c 12.000000
tx 69 r 17.000000 c 13.000000
tx 70 r 17.000000 c 14.000000
tx 71 r 17.000000 c 15.000000
tx 72 r 18.000000 c 12.000000
tx 73 r 18.000000 c 13.000000
tx 74 r 18.000000 c 14.000000
tx 75 r 18.000000 c 15.000000
tx 76 r 19.000000 c 12.000000
tx 77 r 19.000000 c 13.000000
tx 78 r 19.000000 c 14.000000
tx 79 r 19.000000 c 15.000000
tx 80 r 20.000000 c 12.000000
tx 81 r 20.000000 c 13.000000
tx 82 r 20.000000 c 14.000000
tx 83 r 20.000000 c 15.000000
tx 84 r 21.000000 c 12.000000
tx 85 r 21.000000 c 13.000000
tx 86 r 21.000000 c 14.000000
tx 87 r 21.000000 c 15.000000
tx 88 r 22.000000 c 12.000000
tx 89 r 22.000000 c 13.000000
tx 90 r 22.000000 c 14.000000
tx 91 r 22.000000 c 15.000000
tx 92 r 23.000000 c 12.000000
tx 93 r 23.000000 c 13.000000
tx 94 r 23.000000 c 14.000000
tx 95 r 23.000000 c 15.000000
tx 0 r 16.000000 c 12.000000
tx 1 r 16.000000 c 13.000000
tx 2 r 16.000000 c 14.000000
tx 3 r 16.000000 c 15.000000
tx 4 r 17.000000 c 12.000000
tx 5 r 17.000000 c 13.000000
tx 6 r 17.000000 c 14.000000
tx 7 r 17.000000 c 15.000000
tx 8 r 18.000000 c 12.000000
tx 9 r 18.000000 c 13.000000
tx 10 r 18.000000 c 14.000000
tx 11 r 18.000000 c 15.000000
tx 12 r 19.000000 c 12.000000
tx 13 r 19.000000 c 13.000000
tx 14 r 19.000000 c 14.000000
tx 15 r 19.000000 c 15.000000
tx 16 r 20.000000 c 12.000000
tx 17 r 20.000000 c 13.000000
tx 18 r 20.000000 c 14.000000
tx 19 r 20.000000 c 15.000000
tx 20 r 21.000000 c 12.000000
tx 21 r 21.000000 c 13.000000
tx 22 r 21.000000 c 14.000000
tx 23 r 21.000000 c 15.000000
tx 24 r 22.000000 c 12.000000
tx 25 r 22.000000 c 13.000000
tx 26 r 22.000000 c 14.000000
tx 27 r 22.000000 c 15.000000
tx 28 r 23.000000 c 12.000000
tx 29 r 23.000000 c 13.000000
tx 30 r 23.000000 c 14.000000
tx 31 r 23.000000 c 15.000000
tx 32 r 48.000000 c 12.000000
tx 33 r 48.000000 c 13.000000
tx 34 r 48.000000 c 14.000000
tx 35 r 48.000000 c 15.000000
tx 36 r 49.000000 c 12.000000
tx 37 r 49.000000 c 13.000000
tx 38 r 49.000000 c 14.000000
tx 39 r 49.000000 c 15.000000
tx 40 r 50.000000 c 12.000000
tx 41 r 50.000000 c 13.000000
tx 42 r 50.000000 c 14.000000
tx 43 r 50.000000 c 15.000000
tx 44 r 51.000000 c 12.000000
tx 45 r 51.000000 c 13.000000
tx 46 r 51.000000 c 14.000000
tx 47 r 51.000000 c 15.000000
tx 48 r 52.000000 c 12.000000
tx 49 r 52.000000 c 13.000000
tx 50 r 52.000000 c 14.000000
tx 51 r 52.000000 c 15.000000
tx 52 r 53.000000 c 12.000000
tx 53 r 53.000000 c 13.000000
tx 54 r 53.000000 c 14.000000
tx 55 r 53.000000 c 15.000000
tx 56 r 54.000000 c 12.000000
tx 57 r 54.000000 c 13.000000
tx 58 r 54.000000 c 14.000000
tx 59 r 54.000000 c 15.000000
tx 60 r 55.000000 c 12.000000
tx 61 r 55.000000 c 13.000000
tx 62 r 55.000000 c 14.000000
tx 63 r 55.000000 c 15.000000
tx 224 r 48.000000 c 12.000000
tx 225 r 48.000000 c 13.000000
tx 226 r 48.000000 c 14.000000
tx 227 r 48.000000 c 15.000000
tx 228 r 49.000000 c 12.000000
tx 229 r 49.000000 c 13.000000
tx 230 r 49.000000 c 14.000000
tx 231 r 49.000000 c 15.000000
tx 232 r 50.000000 c 12.000000
tx 233 r 50.000000 c 13.000000
tx 234 r 50.000000 c 14.000000
tx 235 r 50.000000 c 15.000000
tx 236 r 51.000000 c 12.000000
tx 237 r 51.000000 c 13.000000
tx 238 r 51.000000 c 14.000000
tx 239 r 51.000000 c 15.000000
tx 240 r 52.000000 c 12.000000
tx 241 r 52.000000 c 13.000000
tx 242 r 52.000000 c 14.000000
tx 243 r 52.000000 c 15.000000
tx 244 r 53.000000 c 12.000000
tx 245 r 53.000000 c 13.000000
tx 246 r 53.000000 c 14.000000
tx 247 r 53.000000 c 15.000000
tx 248 r 54.000000 c 12.000000
tx 249 r 54.000000 c 13.000000
tx 250 r 54.000000 c 14.000000
tx 251 r 54.000000 c 15.000000
tx 252 r 55.000000 c 12.000000
tx 253 r 55.000000 c 13.000000
tx 254 r 55.000000 c 14.000000
tx 255 r 55.000000 c 15.000000
tx 96 r 48.000000 c 12.000000
tx 97 r 48.000000 c 13.000000
tx 98 r 48.000000 c 14.000000
tx 99 r 48.000000 c 15.000000
tx 100 r 49.000000 c 12.000000
tx 101 r 49.000000 c 13.000000
tx 102 r 49.000000 c 14.000000
tx 103 r 49.000000 c 15.000000
tx 104 r 50.000000 c 12.000000
tx 105 r 50.000000 c 13.000000
tx 106 r 50.000000 c 14.000000
tx 107 r 50.000000 c 15.000000
tx 108 r 51.000000 c 12.000000
tx 109 r 51.000000 c 13.000000
tx 110 r 51.000000 c 14.000000
tx 111 r 51.000000 c 15.000000
tx 112 r 52.000000 c 12.000000
tx 113 r 52.000000 c 13.000000
tx 114 r 52.000000 c 14.000000
tx 115 r 52.000000 c 15.000000
tx 116 r 53.000000 c 12.000000
tx 117 r 53.000000 c 13.000000
tx 118 r 53.000000 c 14.000000
tx 119 r 53.000000 c 15.000000
tx 120 r 54.000000 c 12.000000
tx 121 r 54.000000 c 13.000000
tx 122 r 54.000000 c 14.000000
tx 123 r 54.000000 c 15.000000
tx 124 r 55.000000 c 12.000000
tx 125 r 55.000000 c 13.000000
tx 126 r 55.000000 c 14.000000
tx 127 r 55.000000 c 15.000000
tx 160 r 48.000000 c 12.000000
tx 161 r 48.000000 c 13.000000
tx 162 r 48.000000 c 14.000000
tx 163 r 48.000000 c 15.000000
tx 164 r 49.000000 c 12.000000
tx 165 r 49.000000 c 13.000000
tx 166 r 49.000000 c 14.000000
tx 167 r 49.000000 c 15.000000
tx 168 r 50.000000 c 12.000000
tx 169 r 50.000000 c 13.000000
tx 170 r 50.000000 c 14.000000
tx 171 r 50.000000 c 15.000000
tx 172 r 51.000000 c 12.000000
tx 173 r 51.000000 c 13.000000
tx 174 r 51.000000 c 14.000000
tx 175 r 51.000000 c 15.000000
tx 176 r 52.000000 c 12.000000
tx 177 r 52.000000 c 13.000000
tx 178 r 52.000000 c 14.000000
tx 179 r 52.000000 c 15.000000
tx 180 r 53.000000 c 12.000000
tx 181 r 53.000000 c 13.000000
tx 182 r 53.000000 c 14.000000
tx 183 r 53.000000 c 15.000000
tx 184 r 54.000000 c 12.000000
tx 185 r 54.000000 c 13.000000
tx 186 r 54.000000 c 14.000000
tx 187 r 54.000000 c 15.000000
tx 188 r 55.000000 c 12.000000
tx 189 r 55.000000 c 13.000000
tx 190 r 55.000000 c 14.000000
tx 191 r 55.000000 c 15.000000
tx 128 r 16.000000 c 12.000000
tx 129 r 16.000000 c 13.000000
tx 130 r 16.000000 c 14.000000
tx 131 r 16.000000 c 15.000000
tx 132 r 17.000000 c 12.000000
tx 133 r 17.000000 c 13.000000
tx 134 r 17.000000 c 14.000000
tx 135 r 17.000000 c 15.000000
tx 136 r 18.000000 c 12.000000
tx 137 r 18.000000 c 13.000000
tx 138 r 18.000000 c 14.000000
tx 139 r 18.000000 c 15.000000
tx 140 r 19.000000 c 12.000000
tx 141 r 19.000000 c 13.000000
tx 142 r 19.000000 c 14.000000
tx 143 r 19.000000 c 15.000000
tx 144 r 20.000000 c 12.000000
tx 145 r 20.000000 c 13.000000
tx 146 r 20.000000 c 14.000000
tx 147 r 20.000000 c 15.000000
tx 148 r 21.000000 c 12.000000
tx 149 r 21.000000 c 13.000000
tx 150 r 21.000000 c 14.000000
tx 151 r 21.000000 c 15.000000
tx 152 r 22.000000 c 12.000000
tx 153 r 22.000000 c 13.000000
tx 154 r 22.000000 c 14.000000
tx 155 r 22.000000 c 15.000000
tx 156 r 23.000000 c 12.000000
tx 157 r 23.000000 c 13.000000
tx 158 r 23.000000 c 14.000000
tx 159 r 23.000000 c 15.000000
tx 32 r 56.000000 c 12.000000
tx 33 r 56.000000 c 13.000000
tx 34 r 56.000000 c 14.000000
tx 35 r 56.000000 c 15.000000
tx 36 r 57.000000 c 12.000000
tx 37 r 57.000000 c 13.000000
tx 38 r 57.000000 c 14.000000
tx 39 r 57.000000 c 15.000000
tx 40 r 58.000000 c 12.000000
tx 41 r 58.000000 c 13.000000
tx 42 r 58.000000 c 14.000000
tx 43 r 58.000000 c 15.000000
tx 44 r 59.000000 c 12.000000
tx 45 r 59.000000 c 13.000000
tx 46 r 59.000000 c 14.000000
tx 47 r 59.000000 c 15.000000
tx 48 r 60.000000 c 12.000000
tx 49 r 60.000000 c 13.000000
tx 50 r 60.000000 c 14.000000
tx 51 r 60.000000 c 15.000000
tx 52 r 61.000000 c 12.000000
tx 53 r 61.000000 c 13.000000
tx 54 r 61.000000 c 14.000000
tx 55 r 61.000000 c 15.000000
tx 56 r 62.000000 c 12.000000
tx 57 r 62.000000 c 13.000000
tx 58 r 62.000000 c 14.000000
tx 59 r 62.000000 c 15.000000
tx 60 r 63.000000 c 12.000000
tx 61 r 63.000000 c 13.000000
tx 62 r 63.000000 c 14.000000
tx 63 r 63.000000 c 15.000000
tx 160 r 56.000000 c 12.000000
tx 161 r 56.000000 c 13.000000
tx 162 r 56.000000 c 14.000000
tx 163 r 56.000000 c 15.000000
tx 164 r 57.000000 c 12.000000
tx 165 r 57.000000 c 13.000000
tx 166 r 57.000000 c 14.000000
tx 167 r 57.000000 c 15.000000
tx 168 r 58.000000 c 12.000000
tx 169 r 58.000000 c 13.000000
tx 170 r 58.000000 c 14.000000
tx 171 r 58.000000 c 15.000000
tx 172 r 59.000000 c 12.000000
tx 173 r 59.000000 c 13.000000
tx 174 r 59.000000 c 14.000000
tx 175 r 59.000000 c 15.000000
tx 176 r 60.000000 c 12.000000
tx 177 r 60.000000 c 13.000000
tx 178 r 60.000000 c 14.000000
tx 179 r 60.000000 c 15.000000
tx 180 r 61.000000 c 12.000000
tx 181 r 61.000000 c 13.000000
tx 182 r 61.000000 c 14.000000
tx 183 r 61.000000 c 15.000000
tx 184 r 62.000000 c 12.000000
tx 185 r 62.000000 c 13.000000
tx 186 r 62.000000 c 14.000000
tx 187 r 62.000000 c 15.000000
tx 188 r 63.000000 c 12.000000
tx 189 r 63.000000 c 13.000000
tx 190 r 63.000000 c 14.000000
tx 191 r 63.000000 c 15.000000
tx 0 r 24.000000 c 12.000000
tx 1 r 24.000000 c 13.000000
tx 2 r 24.000000 c 14.000000
tx 3 r 24.000000 c 15.000000
tx 4 r 25.000000 c 12.000000
tx 5 r 25.000000 c 13.000000
tx 6 r 25.000000 c 14.000000
tx 7 r 25.000000 c 15.000000
tx 8 r 26.000000 c 12.000000
tx 9 r 26.000000 c 13.000000
tx 10 r 26.000000 c 14.000000
tx 11 r 26.000000 c 15.000000
tx 12 r 27.000000 c 12.000000
tx 13 r 27.000000 c 13.000000
tx 14 r 27.000000 c 14.000000
tx 15 r 27.000000 c 15.000000
tx 16 r 28.000000 c 12.000000
tx 17 r 28.000000 c 13.000000
tx 18 r 28.000000 c 14.000000
tx 19 r 28.000000 c 15.000000
tx 20 r 29.000000 c 12.000000
tx 21 r 29.000000 c 13.000000
tx 22 r 29.000000 c 14.000000
tx 23 r 29.000000 c 15.000000
tx 24 r 30.000000 c 12.000000
tx 25 r 30.000000 c 13.000000
tx 26 r 30.000000 c 14.000000
tx 27 r 30.000000 c 15.000000
tx 28 r 31.000000 c 12.000000
tx 29 r 31.000000 c 13.000000
tx 30 r 31.000000 c 14.000000
tx 31 r 31.000000 c 15.000000
tx 192 r 24.000000 c 12.000000
tx 193 r 24.000000 c 13.000000
tx 194 r 24.000000 c 14.000000
tx 195 r 24.000000 c 15.000000
tx 196 r 25.000000 c 12.000000
tx 197 r 25.000000 c 13.000000
tx 198 r 25.000000 c 14.000000
tx 199 r 25.000000 c 15.000000
tx 200 r 26.000000 c 12.000000
tx 201 r 26.000000 c 13.000000
tx 202 r 26.000000 c 14.000000
tx 203 r 26.000000 c 15.000000
tx 204 r 27.000000 c 12.000000
tx 205 r 27.000000 c 13.000000
tx 206 r 27.000000 c 14.000000
tx 207 r 27.000000 c 15.000000
tx 208 r 28.000000 c 12.000000
tx 209 r 28.000000 c 13.000000
tx 210 r 28.000000 c 14.000000
tx 211 r 28.000000 c 15.000000
tx 212 r 29.000000 c 12.000000
tx 213 r 29.000000 c 13.000000
tx 214 r 29.000000 c 14.000000
tx 215 r 29.000000 c 15.000000
tx 216 r 30.000000 c 12.000000
tx 217 r 30.000000 c 13.000000
tx 218 r 30.000000 c 14.000000
tx 219 r 30.000000 c 15.000000
tx 220 r 31.000000 c 12.000000
tx 221 r 31.000000 c 13.000000
tx 222 r 31.000000 c 14.000000
tx 223 r 31.000000 c 15.000000
tx 64 r 24.000000 c 12.000000
tx 65 r 24.000000 c 13.000000
tx 66 r 24.000000 c 14.000000
tx 67 r 24.000000 c 15.000000
tx 68 r 25.000000 c 12.000000
tx 69 r 25.000000 c 13.000000
tx 70 r 25.000000 c 14.000000
tx 71 r 25.000000 c 15.000000
tx 72 r 26.000000 c 12.000000
tx 73 r 26.000000 c 13.000000
tx 74 r 26.000000 c 14.000000
tx 75 r 26.000000 c 15.000000
tx 76 r 27.000000 c 12.000000
tx 77 r 27.000000 c 13.000000
tx 78 r 27.000000 c 14.000000
tx 79 r 27.000000 c 15.000000
tx 80 r 28.000000 c 12.000000
tx 81 r 28.000000 c 13.000000
tx 82 r 28.000000 c 14.000000
tx 83 r 28.000000 c 15.000000
tx 84 r 29.000000 c 12.000000
tx 85 r 29.000000 c 13.000000
tx 86 r 29.000000 c 14.000000
tx 87 r 29.000000 c 15.000000
tx 88 r 30.000000 c 12.000000
tx 89 r 30.000000 c 13.000000
tx 90 r 30.000000 c 14.000000
tx 91 r 30.000000 c 15.000000
tx 92 r 31.000000 c 12.000000
tx 93 r 31.000000 c 13.000000
tx 94 r 31.000000 c 14.000000
tx 95 r 31.000000 c 15.000000
tx 224 r 56.000000 c 12.000000
tx 225 r 56.000000 c 13.000000
tx 226 r 56.000000 c 14.000000
tx 227 r 56.000000 c 15.000000
tx 228 r 57.000000 c 12.000000
tx 229 r 57.000000 c 13.000000
tx 230 r 57.000000 c 14.000000
tx 231 r 57.000000 c 15.000000
tx 232 r 58.000000 c 12.000000
tx 233 r 58.000000 c 13.000000
tx 234 r 58.000000 c 14.000000
tx 235 r 58.000000 c 15.000000
tx 236 r 59.000000 c 12.000000
tx 237 r 59.000000 c 13.000000
tx 238 r 59.000000 c 14.000000
tx 239 r 59.000000 c 15.000000
tx 240 r 60.000000 c 12.000000
tx 241 r 60.000000 c 13.000000
tx 242 r 60.000000 c 14.000000
tx 243 r 60.000000 c 15.000000
tx 244 r 61.000000 c 12.000000
tx 245 r 61.000000 c 13.000000
tx 246 r 61.000000 c 14.000000
tx 247 r 61.000000 c 15.000000
tx 248 r 62.000000 c 12.000000
tx 249 r 62.000000 c 13.000000
tx 250 r 62.000000 c 14.000000
tx 251 r 62.000000 c 15.000000
tx 252 r 63.000000 c 12.000000
tx 253 r 63.000000 c 13.000000
tx 254 r 63.000000 c 14.000000
tx 255 r 63.000000 c 15.000000
tx 96 r 56.000000 c 12.000000
tx 97 r 56.000000 c 13.000000
tx 98 r 56.000000 c 14.000000
tx 99 r 56.000000 c 15.000000
tx 100 r 57.000000 c 12.000000
tx 101 r 57.000000 c 13.000000
tx 102 r 57.000000 c 14.000000
tx 103 r 57.000000 c 15.000000
tx 104 r 58.000000 c 12.000000
tx 105 r 58.000000 c 13.000000
tx 106 r 58.000000 c 14.000000
tx 107 r 58.000000 c 15.000000
tx 108 r 59.000000 c 12.000000
tx 109 r 59.000000 c 13.000000
tx 110 r 59.000000 c 14.000000
tx 111 r 59.000000 c 15.000000
tx 112 r 60.000000 c 12.000000
tx 113 r 60.000000 c 13.000000
tx 114 r 60.000000 c 14.000000
tx 115 r 60.000000 c 15.000000
tx 116 r 61.000000 c 12.000000
tx 117 r 61.000000 c 13.000000
tx 118 r 61.000000 c 14.000000
tx 119 r 61.000000 c 15.000000
tx 120 r 62.000000 c 12.000000
tx 121 r 62.000000 c 13.000000
tx 122 r 62.000000 c 14.000000
tx 123 r 62.000000 c 15.000000
tx 124 r 63.000000 c 12.000000
tx 125 r 63.000000 c 13.000000
tx 126 r 63.000000 c 14.000000
tx 127 r 63.000000 c 15.000000
tx 128 r 24.000000 c 12.000000
tx 129 r 24.000000 c 13.000000
tx 130 r 24.000000 c 14.000000
tx 131 r 24.000000 c 15.000000
tx 132 r 25.000000 c 12.000000
tx 133 r 25.000000 c 13.000000
tx 134 r 25.000000 c 14.000000
tx 135 r 25.000000 c 15.000000
tx 136 r 26.000000 c 12.000000
tx 137 r 26.000000 c 13.000000
tx 138 r 26.000000 c 14.000000
tx 139 r 26.000000 c 15.000000
tx 140 r 27.000000 c 12.000000
tx 141 r 27.000000 c 13.000000
tx 142 r 27.000000 c 14.000000
tx 143 r 27.000000 c 15.000000
tx 144 r 28.000000 c 12.000000
tx 145 r 28.000000 c 13.000000
tx 146 r 28.000000 c 14.000000
tx 147 r 28.000000 c 15.000000
tx 148 r 29.000000 c 12.000000
tx 149 r 29.000000 c 13.000000
tx 150 r 29.000000 c 14.000000
tx 151 r 29.000000 c 15.000000
tx 152 r 30.000000 c 12.000000
tx 153 r 30.000000 c 13.000000
tx 154 r 30.000000 c 14.000000
tx 155 r 30.000000 c 15.000000
tx 156 r 31.000000 c 12.000000
tx 157 r 31.000000 c 13.000000
tx 158 r 31.000000 c 14.000000
tx 159 r 31.000000 c 15.000000
tx 32 r 32.000000 c 12.000000
tx 33 r 32.000000 c 13.000000
tx 34 r 32.000000 c 14.000000
tx 35 r 32.000000 c 15.000000
tx 36 r 33.000000 c 12.000000
tx 37 r 33.000000 c 13.000000
tx 38 r 33.000000 c 14.000000
tx 39 r 33.000000 c 15.000000
tx 40 r 34.000000 c 12.000000
tx 41 r 34.000000 c 13.000000
tx 42 r 34.000000 c 14.000000
tx 43 r 34.000000 c 15.000000
tx 44 r 35.000000 c 12.000000
tx 45 r 35.000000 c 13.000000
tx 46 r 35.000000 c 14.000000
tx 47 r 35.000000 c 15.000000
tx 48 r 36.000000 c 12.000000
tx 49 r 36.000000 c 13.000000
tx 50 r 36.000000 c 14.000000
tx 51 r 36.000000 c 15.000000
tx 52 r 37.000000 c 12.000000
tx 53 r 37.000000 c 13.000000
tx 54 r 37.000000 c 14.000000
tx 55 r 37.000000 c 15.000000
tx 56 r 38.000000 c 12.000000
tx 57 r 38.000000 c 13.000000
tx 58 r 38.000000 c 14.000000
tx 59 r 38.000000 c 15.000000
tx 60 r 39.000000 c 12.000000
tx 61 r 39.000000 c 13.000000
tx 62 r 39.000000 c 14.000000
tx 63 r 39.000000 c 15.000000
tx 0 r 0.000000 c 12.000000
tx 1 r 0.000000 c 13.000000
tx 2 r 0.000000 c 14.000000
tx 3 r 0.000000 c 15.000000
tx 4 r 1.000000 c 12.000000
tx 5 r 1.000000 c 13.000000
tx 6 r 1.000000 c 14.000000
tx 7 r 1.000000 c 15.000000
tx 8 r 2.000000 c 12.000000
tx 9 r 2.000000 c 13.000000
tx 10 r 2.000000 c 14.000000
tx 11 r 2.000000 c 15.000000
tx 12 r 3.000000 c 12.000000
tx 13 r 3.000000 c 13.000000
tx 14 r 3.000000 c 14.000000
tx 15 r 3.000000 c 15.000000
tx 16 r 4.000000 c 12.000000
tx 17 r 4.000000 c 13.000000
tx 18 r 4.000000 c 14.000000
tx 19 r 4.000000 c 15.000000
tx 20 r 5.000000 c 12.000000
tx 21 r 5.000000 c 13.000000
tx 22 r 5.000000 c 14.000000
tx 23 r 5.000000 c 15.000000
tx 24 r 6.000000 c 12.000000
tx 25 r 6.000000 c 13.000000
tx 26 r 6.000000 c 14.000000
tx 27 r 6.000000 c 15.000000
tx 28 r 7.000000 c 12.000000
tx 29 r 7.000000 c 13.000000
tx 30 r 7.000000 c 14.000000
tx 31 r 7.000000 c 15.000000
tx 160 r 32.000000 c 12.000000
tx 161 r 32.000000 c 13.000000
tx 162 r 32.000000 c 14.000000
tx 163 r 32.000000 c 15.000000
tx 164 r 33.000000 c 12.000000
tx 165 r 33.000000 c 13.000000
tx 166 r 33.000000 c 14.000000
tx 167 r 33.000000 c 15.000000
tx 168 r 34.000000 c 12.000000
tx 169 r 34.000000 c 13.000000
tx 170 r 34.000000 c 14.000000
tx 171 r 34.000000 c 15.000000
tx 172 r 35.000000 c 12.000000
tx 173 r 35.000000 c 13.000000
tx 174 r 35.000000 c 14.000000
tx 175 r 35.000000 c 15.000000
tx 176 r 36.000000 c 12.000000
tx 177 r 36.000000 c 13.000000
tx 178 r 36.000000 c 14.000000
tx 179 r 36.000000 c 15.000000
tx 180 r 37.000000 c 12.000000
tx 181 r 37.000000 c 13.000000
tx 182 r 37.000000 c 14.000000
tx 183 r 37.000000 c 15.000000
tx 184 r 38.000000 c 12.000000
tx 185 r 38.000000 c 13.000000
tx 186 r 38.000000 c 14.000000
tx 187 r 38.000000 c 15.000000
tx 188 r 39.000000 c 12.000000
tx 189 r 39.000000 c 13.000000
tx 190 r 39.000000 c 14.000000
tx 191 r 39.000000 c 15.000000
tx 224 r 32.000000 c 12.000000
tx 225 r 32.000000 c 13.000000
tx 226 r 32.000000 c 14.000000
tx 227 r 32.000000 c 15.000000
tx 228 r 33.000000 c 12.000000
tx 229 r 33.000000 c 13.000000
tx 230 r 33.000000 c 14.000000
tx 231 r 33.000000 c 15.000000
tx 232 r 34.000000 c 12.000000
tx 233 r 34.000000 c 13.000000
tx 234 r 34.000000 c 14.000000
tx 235 r 34.000000 c 15.000000
tx 236 r 35.000000 c 12.000000
tx 237 r 35.000000 c 13.000000
tx 238 r 35.000000 c 14.000000
tx 239 r 35.000000 c 15.000000
tx 240 r 36.000000 c 12.000000
tx 241 r 36.000000 c 13.000000
tx 242 r 36.000000 c 14.000000
tx 243 r 36.000000 c 15.000000
tx 244 r 37.000000 c 12.000000
tx 245 r 37.000000 c 13.000000
tx 246 r 37.000000 c 14.000000
tx 247 r 37.000000 c 15.000000
tx 248 r 38.000000 c 12.000000
tx 249 r 38.000000 c 13.000000
tx 250 r 38.000000 c 14.000000
tx 251 r 38.000000 c 15.000000
tx 252 r 39.000000 c 12.000000
tx 253 r 39.000000 c 13.000000
tx 254 r 39.000000 c 14.000000
tx 255 r 39.000000 c 15.000000
tx 64 r 0.000000 c 12.000000
tx 65 r 0.000000 c 13.000000
tx 66 r 0.000000 c 14.000000
tx 67 r 0.000000 c 15.000000
tx 68 r 1.000000 c 12.000000
tx 69 r 1.000000 c 13.000000
tx 70 r 1.000000 c 14.000000
tx 71 r 1.000000 c 15.000000
tx 72 r 2.000000 c 12.000000
tx 73 r 2.000000 c 13.000000
tx 74 r 2.000000 c 14.000000
tx 75 r 2.000000 c 15.000000
tx 76 r 3.000000 c 12.000000
tx 77 r 3.000000 c 13.000000
tx 78 r 3.000000 c 14.000000
tx 79 r 3.000000 c 15.000000
tx 80 r 4.000000 c 12.000000
tx 81 r 4.000000 c 13.000000
tx 82 r 4.000000 c 14.000000
tx 83 r 4.000000 c 15.000000
tx 84 r 5.000000 c 12.000000
tx 85 r 5.000000 c 13.000000
tx 86 r 5.000000 c 14.000000
tx 87 r 5.000000 c 15.000000
tx 88 r 6.000000 c 12.000000
tx 89 r 6.000000 c 13.000000
tx 90 r 6.000000 c 14.000000
tx 91 r 6.000000 c 15.000000
tx 92 r 7.000000 c 12.000000
tx 93 r 7.000000 c 13.000000
tx 94 r 7.000000 c 14.000000
tx 95 r 7.000000 c 15.000000
tx 192 r 0.000000 c 12.000000
tx 193 r 0.000000 c 13.000000
tx 194 r 0.000000 c 14.000000
tx 195 r 0.000000 c 15.000000
tx 196 r 1.000000 c 12.000000
tx 197 r 1.000000 c 13.000000
tx 198 r 1.000000 c 14.000000
tx 199 r 1.000000 c 15.000000
tx 200 r 2.000000 c 12.000000
tx 201 r 2.000000 c 13.000000
tx 202 r 2.000000 c 14.000000
tx 203 r 2.000000 c 15.000000
tx 204 r 3.000000 c 12.000000
tx 205 r 3.000000 c 13.000000
tx 206 r 3.000000 c 14.000000
tx 207 r 3.000000 c 15.000000
tx 208 r 4.000000 c 12.000000
tx 209 r 4.000000 c 13.000000
tx 210 r 4.000000 c 14.000000
tx 211 r 4.000000 c 15.000000
tx 212 r 5.000000 c 12.000000
tx 213 r 5.000000 c 13.000000
tx 214 r 5.000000 c 14.000000
tx 215 r 5.000000 c 15.000000
tx 216 r 6.000000 c 12.000000
tx 217 r 6.000000 c 13.000000
tx 218 r 6.000000 c 14.000000
tx 219 r 6.000000 c 15.000000
tx 220 r 7.000000 c 12.000000
tx 221 r 7.000000 c 13.000000
tx 222 r 7.000000 c 14.000000
tx 223 r 7.000000 c 15.000000
tx 96 r 32.000000 c 12.000000
tx 97 r 32.000000 c 13.000000
tx 98 r 32.000000 c 14.000000
tx 99 r 32.000000 c 15.000000
tx 100 r 33.000000 c 12.000000
tx 101 r 33.000000 c 13.000000
tx 102 r 33.000000 c 14.000000
tx 103 r 33.000000 c 15.000000
tx 104 r 34.000000 c 12.000000
tx 105 r 34.000000 c 13.000000
tx 106 r 34.000000 c 14.000000
tx 107 r 34.000000 c 15.000000
tx 108 r 35.000000 c 12.000000
tx 109 r 35.000000 c 13.000000
tx 110 r 35.000000 c 14.000000
tx 111 r 35.000000 c 15.000000
tx 112 r 36.000000 c 12.000000
tx 113 r 36.000000 c 13.000000
tx 114 r 36.000000 c 14.000000
tx 115 r 36.000000 c 15.000000
tx 116 r 37.000000 c 12.000000
tx 117 r 37.000000 c 13.000000
tx 118 r 37.000000 c 14.000000
tx 119 r 37.000000 c 15.000000
tx 120 r 38.000000 c 12.000000
tx 121 r 38.000000 c 13.000000
tx 122 r 38.000000 c 14.000000
tx 123 r 38.000000 c 15.000000
tx 124 r 39.000000 c 12.000000
tx 125 r 39.000000 c 13.000000
tx 126 r 39.000000 c 14.000000
tx 127 r 39.000000 c 15.000000
tx 128 r 0.000000 c 12.000000
tx 129 r 0.000000 c 13.000000
tx 130 r 0.000000 c 14.000000
tx 131 r 0.000000 c 15.000000
tx 132 r 1.000000 c 12.000000
tx 133 r 1.000000 c 13.000000
tx 134 r 1.000000 c 14.000000
tx 135 r 1.000000 c 15.000000
tx 136 r 2.000000 c 12.000000
tx 137 r 2.000000 c 13.000000
tx 138 r 2.000000 c 14.000000
tx 139 r 2.000000 c 15.000000
tx 140 r 3.000000 c 12.000000
tx 141 r 3.000000 c 13.000000
tx 142 r 3.000000 c 14.000000
tx 143 r 3.000000 c 15.000000
tx 144 r 4.000000 c 12.000000
tx 145 r 4.000000 c 13.000000
tx 146 r 4.000000 c 14.000000
tx 147 r 4.000000 c 15.000000
tx 148 r 5.000000 c 12.000000
tx 149 r 5.000000 c 13.000000
tx 150 r 5.000000 c 14.000000
tx 151 r 5.000000 c 15.000000
tx 152 r 6.000000 c 12.000000
tx 153 r 6.000000 c 13.000000
tx 154 r 6.000000 c 14.000000
tx 155 r 6.000000 c 15.000000
tx 156 r 7.000000 c 12.000000
tx 157 r 7.000000 c 13.000000
tx 158 r 7.000000 c 14.000000
tx 159 r 7.000000 c 15.000000
tx 32 r 40.000000 c 12.000000
tx 33 r 40.000000 c 13.000000
tx 34 r 40.000000 c 14.000000
tx 35 r 40.000000 c 15.000000
tx 36 r 41.000000 c 12.000000
tx 37 r 41.000000 c 13.000000
tx 38 r 41.000000 c 14.000000
tx 39 r 41.000000 c 15.000000
tx 40 r 42.000000 c 12.000000
tx 41 r 42.000000 c 13.000000
tx 42 r 42.000000 c 14.000000
tx 43 r 42.000000 c 15.000000
tx 44 r 43.000000 c 12.000000
tx 45 r 43.000000 c 13.000000
tx 46 r 43.000000 c 14.000000
tx 47 r 43.000000 c 15.000000
tx 48 r 44.000000 c 12.000000
tx 49 r 44.000000 c 13.000000
tx 50 r 44.000000 c 14.000000
tx 51 r 44.000000 c 15.000000
tx 52 r 45.000000 c 12.000000
tx 53 r 45.000000 c 13.000000
tx 54 r 45.000000 c 14.000000
tx 55 r 45.000000 c 15.000000
tx 56 r 46.000000 c 12.000000
tx 57 r 46.000000 c 13.000000
tx 58 r 46.000000 c 14.000000
tx 59 r 46.000000 c 15.000000
tx 60 r 47.000000 c 12.000000
tx 61 r 47.000000 c 13.000000
tx 62 r 47.000000 c 14.000000
tx 63 r 47.000000 c 15.000000
tx 160 r 40.000000 c 12.000000
tx 161 r 40.000000 c 13.000000
tx 162 r 40.000000 c 14.000000
tx 163 r 40.000000 c 15.000000
tx 164 r 41.000000 c 12.000000
tx 165 r 41.000000 c 13.000000
tx 166 r 41.000000 c 14.000000
tx 167 r 41.000000 c 15.000000
tx 168 r 42.000000 c 12.000000
tx 169 r 42.000000 c 13.000000
tx 170 r 42.000000 c 14.000000
tx 171 r 42.000000 c 15.000000
tx 172 r 43.000000 c 12.000000
tx 173 r 43.000000 c 13.000000
tx 174 r 43.000000 c 14.000000
tx 175 r 43.000000 c 15.000000
tx 176 r 44.000000 c 12.000000
tx 177 r 44.000000 c 13.000000
tx 178 r 44.000000 c 14.000000
tx 179 r 44.000000 c 15.000000
tx 180 r 45.000000 c 12.000000
tx 181 r 45.000000 c 13.000000
tx 182 r 45.000000 c 14.000000
tx 183 r 45.000000 c 15.000000
tx 184 r 46.000000 c 12.000000
tx 185 r 46.000000 c 13.000000
tx 186 r 46.000000 c 14.000000
tx 187 r 46.000000 c 15.000000
tx 188 r 47.000000 c 12.000000
tx 189 r 47.000000 c 13.000000
tx 190 r 47.000000 c 14.000000
tx 191 r 47.000000 c 15.000000
tx 64 r 8.000000 c 12.000000
tx 65 r 8.000000 c 13.000000
tx 66 r 8.000000 c 14.000000
tx 67 r 8.000000 c 15.000000
tx 68 r 9.000000 c 12.000000
tx 69 r 9.000000 c 13.000000
tx 70 r 9.000000 c 14.000000
tx 71 r 9.000000 c 15.000000
tx 72 r 10.000000 c 12.000000
tx 73 r 10.000000 c 13.000000
tx 74 r 10.000000 c 14.000000
tx 75 r 10.000000 c 15.000000
tx 76 r 11.000000 c 12.000000
tx 77 r 11.000000 c 13.000000
tx 78 r 11.000000 c 14.000000
tx 79 r 11.000000 c 15.000000
tx 80 r 12.000000 c 12.000000
tx 81 r 12.000000 c 13.000000
tx 82 r 12.000000 c 14.000000
tx 83 r 12.000000 c 15.000000
tx 84 r 13.000000 c 12.000000
tx 85 r 13.000000 c 13.000000
tx 86 r 13.000000 c 14.000000
tx 87 r 13.000000 c 15.000000
tx 88 r 14.000000 c 12.000000
tx 89 r 14.000000 c 13.000000
tx 90 r 14.000000 c 14.000000
tx 91 r 14.000000 c 15.000000
tx 92 r 15.000000 c 12.000000
tx 93 r 15.000000 c 13.000000
tx 94 r 15.000000 c 14.000000
tx 95 r 15.000000 c 15.000000
tx 224 r 40.000000 c 12.000000
tx 225 r 40.000000 c 13.000000
tx 226 r 40.000000 c 14.000000
tx 227 r 40.000000 c 15.000000
tx 228 r 41.000000 c 12.000000
tx 229 r 41.000000 c 13.000000
tx 230 r 41.000000 c 14.000000
tx 231 r 41.000000 c 15.000000
tx 232 r 42.000000 c 12.000000
tx 233 r 42.000000 c 13.000000
tx 234 r 42.000000 c 14.000000
tx 235 r 42.000000 c 15.000000
tx 236 r 43.000000 c 12.000000
tx 237 r 43.000000 c 13.000000
tx 238 r 43.000000 c 14.000000
tx 239 r 43.000000 c 15.000000
tx 240 r 44.000000 c 12.000000
tx 241 r 44.000000 c 13.000000
tx 242 r 44.000000 c 14.000000
tx 243 r 44.000000 c 15.000000
tx 244 r 45.000000 c 12.000000
tx 245 r 45.000000 c 13.000000
tx 246 r 45.000000 c 14.000000
tx 247 r 45.000000 c 15.000000
tx 248 r 46.000000 c 12.000000
tx 249 r 46.000000 c 13.000000
tx 250 r 46.000000 c 14.000000
tx 251 r 46.000000 c 15.000000
tx 252 r 47.000000 c 12.000000
tx 253 r 47.000000 c 13.000000
tx 254 r 47.000000 c 14.000000
tx 255 r 47.000000 c 15.000000
tx 0 r 8.000000 c 12.000000
tx 1 r 8.000000 c 13.000000
tx 2 r 8.000000 c 14.000000
tx 3 r 8.000000 c 15.000000
tx 4 r 9.000000 c 12.000000
tx 5 r 9.000000 c 13.000000
tx 6 r 9.000000 c 14.000000
tx 7 r 9.000000 c 15.000000
tx 8 r 10.000000 c 12.000000
tx 9 r 10.000000 c 13.000000
tx 10 r 10.000000 c 14.000000
tx 11 r 10.000000 c 15.000000
tx 12 r 11.000000 c 12.000000
tx 13 r 11.000000 c 13.000000
tx 14 r 11.000000 c 14.000000
tx 15 r 11.000000 c 15.000000
tx 16 r 12.000000 c 12.000000
tx 17 r 12.000000 c 13.000000
tx 18 r 12.000000 c 14.000000
tx 19 r 12.000000 c 15.000000
tx 20 r 13.000000 c 12.000000
tx 21 r 13.000000 c 13.000000
tx 22 r 13.000000 c 14.000000
tx 23 r 13.000000 c 15.000000
tx 24 r 14.000000 c 12.000000
tx 25 r 14.000000 c 13.000000
tx 26 r 14.000000 c 14.000000
tx 27 r 14.000000 c 15.000000
tx 28 r 15.000000 c 12.000000
tx 29 r 15.000000 c 13.000000
tx 30 r 15.000000 c 14.000000
tx 31 r 15.000000 c 15.000000
tx 192 r 8.000000 c 12.000000
tx 193 r 8.000000 c 13.000000
tx 194 r 8.000000 c 14.000000
tx 195 r 8.000000 c 15.000000
tx 196 r 9.000000 c 12.000000
tx 197 r 9.000000 c 13.000000
tx 198 r 9.000000 c 14.000000
tx 199 r 9.000000 c 15.000000
tx 200 r 10.000000 c 12.000000
tx 201 r 10.000000 c 13.000000
tx 202 r 10.000000 c 14.000000
tx 203 r 10.000000 c 15.000000
tx 204 r 11.000000 c 12.000000
tx 205 r 11.000000 c 13.000000
tx 206 r 11.000000 c 14.000000
tx 207 r 11.000000 c 15.000000
tx 208 r 12.000000 c 12.000000
tx 209 r 12.000000 c 13.000000
tx 210 r 12.000000 c 14.000000
tx 211 r 12.000000 c 15.000000
tx 212 r 13.000000 c 12.000000
tx 213 r 13.000000 c 13.000000
tx 214 r 13.000000 c 14.000000
tx 215 r 13.000000 c 15.000000
tx 216 r 14.000000 c 12.000000
tx 217 r 14.000000 c 13.000000
tx 218 r 14.000000 c 14.000000
tx 219 r 14.000000 c 15.000000
tx 220 r 15.000000 c 12.000000
tx 221 r 15.000000 c 13.000000
tx 222 r 15.000000 c 14.000000
tx 223 r 15.000000 c 15.000000
tx 128 r 8.000000 c 12.000000
tx 129 r 8.000000 c 13.000000
tx 130 r 8.000000 c 14.000000
tx 131 r 8.000000 c 15.000000
tx 132 r 9.000000 c 12.000000
tx 133 r 9.000000 c 13.000000
tx 134 r 9.000000 c 14.000000
tx 135 r 9.000000 c 15.000000
tx 136 r 10.000000 c 12.000000
tx 137 r 10.000000 c 13.000000
tx 138 r 10.000000 c 14.000000
tx 139 r 10.000000 c 15.000000
tx 140 r 11.000000 c 12.000000
tx 141 r 11.000000 c 13.000000
tx 142 r 11.000000 c 14.000000
tx 143 r 11.000000 c 15.000000
tx 144 r 12.000000 c 12.000000
tx 145 r 12.000000 c 13.000000
tx 146 r 12.000000 c 14.000000
tx 147 r 12.000000 c 15.000000
tx 148 r 13.000000 c 12.000000
tx 149 r 13.000000 c 13.000000
tx 150 r 13.000000 c 14.000000
tx 151 r 13.000000 c 15.000000
tx 152 r 14.000000 c 12.000000
tx 153 r 14.000000 c 13.000000
tx 154 r 14.000000 c 14.000000
tx 155 r 14.000000 c 15.000000
tx 156 r 15.000000 c 12.000000
tx 157 r 15.000000 c 13.000000
tx 158 r 15.000000 c 14.000000
tx 159 r 15.000000 c 15.000000
tx 96 r 40.000000 c 12.000000
tx 97 r 40.000000 c 13.000000
tx 98 r 40.000000 c 14.000000
tx 99 r 40.000000 c 15.000000
tx 100 r 41.000000 c 12.000000
tx 101 r 41.000000 c 13.000000
tx 102 r 41.000000 c 14.000000
tx 103 r 41.000000 c 15.000000
tx 104 r 42.000000 c 12.000000
tx 105 r 42.000000 c 13.000000
tx 106 r 42.000000 c 14.000000
tx 107 r 42.000000 c 15.000000
tx 108 r 43.000000 c 12.000000
tx 109 r 43.000000 c 13.000000
tx 110 r 43.000000 c 14.000000
tx 111 r 43.000000 c 15.000000
tx 112 r 44.000000 c 12.000000
tx 113 r 44.000000 c 13.000000
tx 114 r 44.000000 c 14.000000
tx 115 r 44.000000 c 15.000000
tx 116 r 45.000000 c 12.000000
tx 117 r 45.000000 c 13.000000
tx 118 r 45.000000 c 14.000000
tx 119 r 45.000000 c 15.000000
tx 120 r 46.000000 c 12.000000
tx 121 r 46.000000 c 13.000000
tx 122 r 46.000000 c 14.000000
tx 123 r 46.000000 c 15.000000
tx 124 r 47.000000 c 12.000000
tx 125 r 47.000000 c 13.000000
tx 126 r 47.000000 c 14.000000
tx 127 r 47.000000 c 15.000000
tx 32 r 48.000000 c 12.000000
tx 33 r 48.000000 c 13.000000
tx 34 r 48.000000 c 14.000000
tx 35 r 48.000000 c 15.000000
tx 36 r 49.000000 c 12.000000
tx 37 r 49.000000 c 13.000000
tx 38 r 49.000000 c 14.000000
tx 39 r 49.000000 c 15.000000
tx 40 r 50.000000 c 12.000000
tx 41 r 50.000000 c 13.000000
tx 42 r 50.000000 c 14.000000
tx 43 r 50.000000 c 15.000000
tx 44 r 51.000000 c 12.000000
tx 45 r 51.000000 c 13.000000
tx 46 r 51.000000 c 14.000000
tx 47 r 51.000000 c 15.000000
tx 48 r 52.000000 c 12.000000
tx 49 r 52.000000 c 13.000000
tx 50 r 52.000000 c 14.000000
tx 51 r 52.000000 c 15.000000
tx 52 r 53.000000 c 12.000000
tx 53 r 53.000000 c 13.000000
tx 54 r 53.000000 c 14.000000
tx 55 r 53.000000 c 15.000000
tx 56 r 54.000000 c 12.000000
tx 57 r 54.000000 c 13.000000
tx 58 r 54.000000 c 14.000000
tx 59 r 54.000000 c 15.000000
tx 60 r 55.000000 c 12.000000
tx 61 r 55.000000 c 13.000000
tx 62 r 55.000000 c 14.000000
tx 63 r 55.000000 c 15.000000
tx 160 r 48.000000 c 12.000000
tx 161 r 48.000000 c 13.000000
tx 162 r 48.000000 c 14.000000
tx 163 r 48.000000 c 15.000000
tx 164 r 49.000000 c 12.000000
tx 165 r 49.000000 c 13.000000
tx 166 r 49.000000 c 14.000000
tx 167 r 49.000000 c 15.000000
tx 168 r 50.000000 c 12.000000
tx 169 r 50.000000 c 13.000000
tx 170 r 50.000000 c 14.000000
tx 171 r 50.000000 c 15.000000
tx 172 r 51.000000 c 12.000000
tx 173 r 51.000000 c 13.000000
tx 174 r 51.000000 c 14.000000
tx 175 r 51.000000 c 15.000000
tx 176 r 52.000000 c 12.000000
tx 177 r 52.000000 c 13.000000
tx 178 r 52.000000 c 14.000000
tx 179 r 52.000000 c 15.000000
tx 180 r 53.000000 c 12.000000
tx 181 r 53.000000 c 13.000000
tx 182 r 53.000000 c 14.000000
tx 183 r 53.000000 c 15.000000
tx 184 r 54.000000 c 12.000000
tx 185 r 54.000000 c 13.000000
tx 186 r 54.000000 c 14.000000
tx 187 r 54.000000 c 15.000000
tx 188 r 55.000000 c 12.000000
tx 189 r 55.000000 c 13.000000
tx 190 r 55.000000 c 14.000000
tx 191 r 55.000000 c 15.000000
tx 64 r 16.000000 c 12.000000
tx 65 r 16.000000 c 13.000000
tx 66 r 16.000000 c 14.000000
tx 67 r 16.000000 c 15.000000
tx 68 r 17.000000 c 12.000000
tx 69 r 17.000000 c 13.000000
tx 70 r 17.000000 c 14.000000
tx 71 r 17.000000 c 15.000000
tx 72 r 18.000000 c 12.000000
tx 73 r 18.000000 c 13.000000
tx 74 r 18.000000 c 14.000000
tx 75 r 18.000000 c 15.000000
tx 76 r 19.000000 c 12.000000
tx 77 r 19.000000 c 13.000000
tx 78 r 19.000000 c 14.000000
tx 79 r 19.000000 c 15.000000
tx 80 r 20.000000 c 12.000000
tx 81 r 20.000000 c 13.000000
tx 82 r 20.000000 c 14.000000
tx 83 r 20.000000 c 15.000000
tx 84 r 21.000000 c 12.000000
tx 85 r 21.000000 c 13.000000
tx 86 r 21.000000 c 14.000000
tx 87 r 21.000000 c 15.000000
tx 88 r 22.000000 c 12.000000
tx 89 r 22.000000 c 13.000000
tx 90 r 22.000000 c 14.000000
tx 91 r 22.000000 c 15.000000
tx 92 r 23.000000 c 12.000000
tx 93 r 23.000000 c 13.000000
tx 94 r 23.000000 c 14.000000
tx 95 r 23.000000 c 15.000000
tx 0 r 16.000000 c 12.000000
tx 1 r 16.000000 c 13.000000
tx 2 r 16.000000 c 14.000000
tx 3 r 16.000000 c 15.000000
tx 4 r 17.000000 c 12.000000
tx 5 r 17.000000 c 13.000000
tx 6 r 17.000000 c 14.000000
tx 7 r 17.000000 c 15.000000
tx 8 r 18.000000 c 12.000000
tx 9 r 18.000000 c 13.000000
tx 10 r 18.000000 c 14.000000
tx 11 r 18.000000 c 15.000000
tx 12 r 19.000000 c 12.000000
tx 13 r 19.000000 c 13.000000
tx 14 r 19.000000 c 14.000000
tx 15 r 19.000000 c 15.000000
tx 16 r 20.000000 c 12.000000
tx 17 r 20.000000 c 13.000000
tx 18 r 20.000000 c 14.000000
tx 19 r 20.000000 c 15.000000
tx 20 r 21.000000 c 12.000000
tx 21 r 21.000000 c 13.000000
tx 22 r 21.000000 c 14.000000
tx 23 r 21.000000 c 15.000000
tx 24 r 22.000000 c 12.000000
tx 25 r 22.000000 c 13.000000
tx 26 r 22.000000 c 14.000000
tx 27 r 22.000000 c 15.000000
tx 28 r 23.000000 c 12.000000
tx 29 r 23.000000 c 13.000000
tx 30 r 23.000000 c 14.000000
tx 31 r 23.000000 c 15.000000
tx 224 r 48.000000 c 12.000000
tx 225 r 48.000000 c 13.000000
tx 226 r 48.000000 c 14.000000
tx 227 r 48.000000 c 15.000000
tx 228 r 49.000000 c 12.000000
tx 229 r 49.000000 c 13.000000
tx 230 r 49.000000 c 14.000000
tx 231 r 49.000000 c 15.000000
tx 232 r 50.000000 c 12.000000
tx 233 r 50.000000 c 13.000000
tx 234 r 50.000000 c 14.000000
tx 235 r 50.000000 c 15.000000
tx 236 r 51.000000 c 12.000000
tx 237 r 51.000000 c 13.000000
tx 238 r 51.000000 c 14.000000
tx 239 r 51.000000 c 15.000000
tx 240 r 52.000000 c 12.000000
tx 241 r 52.000000 c 13.000000
tx 242 r 52.000000 c 14.000000
tx 243 r 52.000000 c 15.000000
tx 244 r 53.000000 c 12.000000
tx 245 r 53.000000 c 13.000000
tx 246 r 53.000000 c 14.000000
tx 247 r 53.000000 c 15.000000
tx 248 r 54.000000 c 12.000000
tx 249 r 54.000000 c 13.000000
tx 250 r 54.000000 c 14.000000
tx 251 r 54.000000 c 15.000000
tx 252 r 55.000000 c 12.000000
tx 253 r 55.000000 c 13.000000
tx 254 r 55.000000 c 14.000000
tx 255 r 55.000000 c 15.000000
tx 192 r 16.000000 c 12.000000
tx 193 r 16.000000 c 13.000000
tx 194 r 16.000000 c 14.000000
tx 195 r 16.000000 c 15.000000
tx 196 r 17.000000 c 12.000000
tx 197 r 17.000000 c 13.000000
tx 198 r 17.000000 c 14.000000
tx 199 r 17.000000 c 15.000000
tx 200 r 18.000000 c 12.000000
tx 201 r 18.000000 c 13.000000
tx 202 r 18.000000 c 14.000000
tx 203 r 18.000000 c 15.000000
tx 204 r 19.000000 c 12.000000
tx 205 r 19.000000 c 13.000000
tx 206 r 19.000000 c 14.000000
tx 207 r 19.000000 c 15.000000
tx 208 r 20.000000 c 12.000000
tx 209 r 20.000000 c 13.000000
tx 210 r 20.000000 c 14.000000
tx 211 r 20.000000 c 15.000000
tx 212 r 21.000000 c 12.000000
tx 213 r 21.000000 c 13.000000
tx 214 r 21.000000 c 14.000000
tx 215 r 21.000000 c 15.000000
tx 216 r 22.000000 c 12.000000
tx 217 r 22.000000 c 13.000000
tx 218 r 22.000000 c 14.000000
tx 219 r 22.000000 c 15.000000
tx 220 r 23.000000 c 12.000000
tx 221 r 23.000000 c 13.000000
tx 222 r 23.000000 c 14.000000
tx 223 r 23.000000 c 15.000000
tx 96 r 48.000000 c 12.000000
tx 97 r 48.000000 c 13.000000
tx 98 r 48.000000 c 14.000000
tx 99 r 48.000000 c 15.000000
tx 100 r 49.000000 c 12.000000
tx 101 r 49.000000 c 13.000000
tx 102 r 49.000000 c 14.000000
tx 103 r 49.000000 c 15.000000
tx 104 r 50.000000 c 12.000000
tx 105 r 50.000000 c 13.000000
tx 106 r 50.000000 c 14.000000
tx 107 r 50.000000 c 15.000000
tx 108 r 51.000000 c 12.000000
tx 109 r 51.000000 c 13.000000
tx 110 r 51.000000 c 14.000000
tx 111 r 51.000000 c 15.000000
tx 112 r 52.000000 c 12.000000
tx 113 r 52.000000 c 13.000000
tx 114 r 52.000000 c 14.000000
tx 115 r 52.000000 c 15.000000
tx 116 r 53.000000 c 12.000000
tx 117 r 53.000000 c 13.000000
tx 118 r 53.000000 c 14.000000
tx 119 r 53.000000 c 15.000000
tx 120 r 54.000000 c 12.000000
tx 121 r 54.000000 c 13.000000
tx 122 r 54.000000 c 14.000000
tx 123 r 54.000000 c 15.000000
tx 124 r 55.000000 c 12.000000
tx 125 r 55.000000 c 13.000000
tx 126 r 55.000000 c 14.000000
tx 127 r 55.000000 c 15.000000
tx 128 r 16.000000 c 12.000000
tx 129 r 16.000000 c 13.000000
tx 130 r 16.000000 c 14.000000
tx 131 r 16.000000 c 15.000000
tx 132 r 17.000000 c 12.000000
tx 133 r 17.000000 c 13.000000
tx 134 r 17.000000 c 14.000000
tx 135 r 17.000000 c 15.000000
tx 136 r 18.000000 c 12.000000
tx 137 r 18.000000 c 13.000000
tx 138 r 18.000000 c 14.000000
tx 139 r 18.000000 c 15.000000
tx 140 r 19.000000 c 12.000000
tx 141 r 19.000000 c 13.000000
tx 142 r 19.000000 c 14.000000
tx 143 r 19.000000 c 15.000000
tx 144 r 20.000000 c 12.000000
tx 145 r 20.000000 c 13.000000
tx 146 r 20.000000 c 14.000000
tx 147 r 20.000000 c 15.000000
tx 148 r 21.000000 c 12.000000
srun: error: nid008541: task 0: Exited with exit code 253
tx 149 r 21.000000 c 13.000000
srun: Terminating StepId=16074032.0
tx 150 r 21.000000 c 14.000000
tx 151 r 21.000000 c 15.000000
tx 152 r 22.000000 c 12.000000
tx 153 r 22.000000 c 13.000000
tx 154 r 22.000000 c 14.000000
tx 155 r 22.000000 c 15.000000
tx 156 r 23.000000 c 12.000000
tx 157 r 23.000000 c 13.000000
tx 158 r 23.000000 c 14.000000
tx 159 r 23.000000 c 15.000000
tx 32 r 56.000000 c 12.000000
tx 33 r 56.000000 c 13.000000
tx 34 r 56.000000 c 14.000000
tx 35 r 56.000000 c 15.000000
tx 36 r 57.000000 c 12.000000
tx 37 r 57.000000 c 13.000000
tx 38 r 57.000000 c 14.000000
tx 39 r 57.000000 c 15.000000
tx 40 r 58.000000 c 12.000000
tx 41 r 58.000000 c 13.000000
tx 42 r 58.000000 c 14.000000
tx 43 r 58.000000 c 15.000000
tx 44 r 59.000000 c 12.000000
tx 45 r 59.000000 c 13.000000
tx 46 r 59.000000 c 14.000000
tx 47 r 59.000000 c 15.000000
tx 48 r 60.000000 c 12.000000
tx 49 r 60.000000 c 13.000000
tx 50 r 60.000000 c 14.000000
tx 51 r 60.000000 c 15.000000
tx 52 r 61.000000 c 12.000000
tx 53 r 61.000000 c 13.000000
tx 54 r 61.000000 c 14.000000
tx 55 r 61.000000 c 15.000000
tx 56 r 62.000000 c 12.000000
tx 57 r 62.000000 c 13.000000
tx 58 r 62.000000 c 14.000000
tx 59 r 62.000000 c 15.000000
tx 60 r 63.000000 c 12.000000
tx 61 r 63.000000 c 13.000000
tx 62 r 63.000000 c 14.000000
tx 63 r 63.000000 c 15.000000
tx 0 r 24.000000 c 12.000000
tx 1 r 24.000000 c 13.000000
tx 2 r 24.000000 c 14.000000
tx 3 r 24.000000 c 15.000000
tx 4 r 25.000000 c 12.000000
tx 5 r 25.000000 c 13.000000
tx 6 r 25.000000 c 14.000000
tx 7 r 25.000000 c 15.000000
tx 8 r 26.000000 c 12.000000
tx 9 r 26.000000 c 13.000000
tx 10 r 26.000000 c 14.000000
tx 11 r 26.000000 c 15.000000
tx 12 r 27.000000 c 12.000000
tx 13 r 27.000000 c 13.000000
tx 14 r 27.000000 c 14.000000
tx 15 r 27.000000 c 15.000000
tx 16 r 28.000000 c 12.000000
tx 17 r 28.000000 c 13.000000
tx 18 r 28.000000 c 14.000000
tx 19 r 28.000000 c 15.000000
tx 20 r 29.000000 c 12.000000
tx 21 r 29.000000 c 13.000000
tx 22 r 29.000000 c 14.000000
tx 23 r 29.000000 c 15.000000
tx 24 r 30.000000 c 12.000000
tx 25 r 30.000000 c 13.000000
tx 26 r 30.000000 c 14.000000
tx 27 r 30.000000 c 15.000000
tx 28 r 31.000000 c 12.000000
tx 29 r 31.000000 c 13.000000
tx 30 r 31.000000 c 14.000000
tx 31 r 31.000000 c 15.000000
tx 160 r 56.000000 c 12.000000
tx 161 r 56.000000 c 13.000000
tx 162 r 56.000000 c 14.000000
tx 163 r 56.000000 c 15.000000
tx 164 r 57.000000 c 12.000000
tx 165 r 57.000000 c 13.000000
tx 166 r 57.000000 c 14.000000
tx 167 r 57.000000 c 15.000000
tx 168 r 58.000000 c 12.000000
tx 169 r 58.000000 c 13.000000
tx 170 r 58.000000 c 14.000000
tx 171 r 58.000000 c 15.000000
tx 172 r 59.000000 c 12.000000
tx 173 r 59.000000 c 13.000000
tx 174 r 59.000000 c 14.000000
tx 175 r 59.000000 c 15.000000
tx 176 r 60.000000 c 12.000000
tx 177 r 60.000000 c 13.000000
tx 178 r 60.000000 c 14.000000
tx 179 r 60.000000 c 15.000000
tx 180 r 61.000000 c 12.000000
tx 181 r 61.000000 c 13.000000
tx 182 r 61.000000 c 14.000000
tx 183 r 61.000000 c 15.000000
tx 184 r 62.000000 c 12.000000
tx 185 r 62.000000 c 13.000000
tx 186 r 62.000000 c 14.000000
tx 187 r 62.000000 c 15.000000
tx 188 r 63.000000 c 12.000000
tx 189 r 63.000000 c 13.000000
tx 190 r 63.000000 c 14.000000
tx 191 r 63.000000 c 15.000000
tx 64 r 24.000000 c 12.000000
tx 65 r 24.000000 c 13.000000
tx 66 r 24.000000 c 14.000000
tx 67 r 24.000000 c 15.000000
tx 68 r 25.000000 c 12.000000
tx 69 r 25.000000 c 13.000000
tx 70 r 25.000000 c 14.000000
tx 71 r 25.000000 c 15.000000
tx 72 r 26.000000 c 12.000000
tx 73 r 26.000000 c 13.000000
tx 74 r 26.000000 c 14.000000
tx 75 r 26.000000 c 15.000000
tx 76 r 27.000000 c 12.000000
tx 77 r 27.000000 c 13.000000
tx 78 r 27.000000 c 14.000000
tx 79 r 27.000000 c 15.000000
tx 80 r 28.000000 c 12.000000
tx 81 r 28.000000 c 13.000000
tx 82 r 28.000000 c 14.000000
tx 83 r 28.000000 c 15.000000
tx 84 r 29.000000 c 12.000000
tx 85 r 29.000000 c 13.000000
tx 86 r 29.000000 c 14.000000
tx 87 r 29.000000 c 15.000000
tx 88 r 30.000000 c 12.000000
tx 89 r 30.000000 c 13.000000
tx 90 r 30.000000 c 14.000000
tx 91 r 30.000000 c 15.000000
tx 92 r 31.000000 c 12.000000
tx 93 r 31.000000 c 13.000000
tx 94 r 31.000000 c 14.000000
tx 95 r 31.000000 c 15.000000
tx 224 r 56.000000 c 12.000000
tx 225 r 56.000000 c 13.000000
tx 226 r 56.000000 c 14.000000
tx 227 r 56.000000 c 15.000000
tx 228 r 57.000000 c 12.000000
tx 229 r 57.000000 c 13.000000
tx 230 r 57.000000 c 14.000000
tx 231 r 57.000000 c 15.000000
tx 232 r 58.000000 c 12.000000
tx 233 r 58.000000 c 13.000000
tx 234 r 58.000000 c 14.000000
tx 235 r 58.000000 c 15.000000
tx 236 r 59.000000 c 12.000000
tx 237 r 59.000000 c 13.000000
tx 238 r 59.000000 c 14.000000
tx 239 r 59.000000 c 15.000000
tx 240 r 60.000000 c 12.000000
tx 241 r 60.000000 c 13.000000
tx 242 r 60.000000 c 14.000000
tx 243 r 60.000000 c 15.000000
tx 244 r 61.000000 c 12.000000
tx 245 r 61.000000 c 13.000000
tx 246 r 61.000000 c 14.000000
tx 247 r 61.000000 c 15.000000
tx 248 r 62.000000 c 12.000000
tx 249 r 62.000000 c 13.000000
tx 250 r 62.000000 c 14.000000
tx 251 r 62.000000 c 15.000000
tx 252 r 63.000000 c 12.000000
tx 253 r 63.000000 c 13.000000
tx 254 r 63.000000 c 14.000000
tx 255 r 63.000000 c 15.000000
tx 96 r 56.000000 c 12.000000
tx 97 r 56.000000 c 13.000000
tx 98 r 56.000000 c 14.000000
tx 99 r 56.000000 c 15.000000
tx 100 r 57.000000 c 12.000000
tx 101 r 57.000000 c 13.000000
tx 102 r 57.000000 c 14.000000
tx 103 r 57.000000 c 15.000000
tx 104 r 58.000000 c 12.000000
tx 105 r 58.000000 c 13.000000
tx 106 r 58.000000 c 14.000000
tx 107 r 58.000000 c 15.000000
tx 108 r 59.000000 c 12.000000
tx 109 r 59.000000 c 13.000000
tx 110 r 59.000000 c 14.000000
tx 111 r 59.000000 c 15.000000
tx 112 r 60.000000 c 12.000000
tx 113 r 60.000000 c 13.000000
tx 114 r 60.000000 c 14.000000
tx 115 r 60.000000 c 15.000000
tx 116 r 61.000000 c 12.000000
tx 117 r 61.000000 c 13.000000
tx 118 r 61.000000 c 14.000000
tx 119 r 61.000000 c 15.000000
tx 120 r 62.000000 c 12.000000
tx 121 r 62.000000 c 13.000000
tx 122 r 62.000000 c 14.000000
tx 123 r 62.000000 c 15.000000
tx 124 r 63.000000 c 12.000000
tx 125 r 63.000000 c 13.000000
tx 126 r 63.000000 c 14.000000
tx 127 r 63.000000 c 15.000000
tx 192 r 24.000000 c 12.000000
tx 193 r 24.000000 c 13.000000
tx 194 r 24.000000 c 14.000000
tx 195 r 24.000000 c 15.000000
tx 196 r 25.000000 c 12.000000
tx 197 r 25.000000 c 13.000000
tx 198 r 25.000000 c 14.000000
tx 199 r 25.000000 c 15.000000
tx 200 r 26.000000 c 12.000000
tx 201 r 26.000000 c 13.000000
tx 202 r 26.000000 c 14.000000
tx 203 r 26.000000 c 15.000000
tx 204 r 27.000000 c 12.000000
tx 205 r 27.000000 c 13.000000
tx 206 r 27.000000 c 14.000000
tx 207 r 27.000000 c 15.000000
tx 208 r 28.000000 c 12.000000
tx 209 r 28.000000 c 13.000000
tx 210 r 28.000000 c 14.000000
tx 211 r 28.000000 c 15.000000
tx 212 r 29.000000 c 12.000000
tx 213 r 29.000000 c 13.000000
tx 214 r 29.000000 c 14.000000
tx 215 r 29.000000 c 15.000000
tx 216 r 30.000000 c 12.000000
tx 217 r 30.000000 c 13.000000
tx 218 r 30.000000 c 14.000000
tx 219 r 30.000000 c 15.000000
tx 220 r 31.000000 c 12.000000
tx 221 r 31.000000 c 13.000000
tx 222 r 31.000000 c 14.000000
tx 223 r 31.000000 c 15.000000
tx 128 r 24.000000 c 12.000000
tx 129 r 24.000000 c 13.000000
tx 130 r 24.000000 c 14.000000
tx 131 r 24.000000 c 15.000000
tx 132 r 25.000000 c 12.000000
tx 133 r 25.000000 c 13.000000
tx 134 r 25.000000 c 14.000000
tx 135 r 25.000000 c 15.000000
tx 136 r 26.000000 c 12.000000
tx 137 r 26.000000 c 13.000000
tx 138 r 26.000000 c 14.000000
tx 139 r 26.000000 c 15.000000
tx 140 r 27.000000 c 12.000000
tx 141 r 27.000000 c 13.000000
tx 142 r 27.000000 c 14.000000
tx 143 r 27.000000 c 15.000000
tx 144 r 28.000000 c 12.000000
tx 145 r 28.000000 c 13.000000
tx 146 r 28.000000 c 14.000000
tx 147 r 28.000000 c 15.000000
tx 148 r 29.000000 c 12.000000
tx 149 r 29.000000 c 13.000000
tx 150 r 29.000000 c 14.000000
tx 151 r 29.000000 c 15.000000
tx 152 r 30.000000 c 12.000000
tx 153 r 30.000000 c 13.000000
tx 154 r 30.000000 c 14.000000
tx 155 r 30.000000 c 15.000000
tx 156 r 31.000000 c 12.000000
tx 157 r 31.000000 c 13.000000
tx 158 r 31.000000 c 14.000000
tx 159 r 31.000000 c 15.000000
tx 0 r 0.000000 c 16.000000
tx 1 r 0.000000 c 17.000000
tx 2 r 0.000000 c 18.000000
tx 3 r 0.000000 c 19.000000
tx 4 r 1.000000 c 16.000000
tx 5 r 1.000000 c 17.000000
tx 6 r 1.000000 c 18.000000
tx 7 r 1.000000 c 19.000000
tx 8 r 2.000000 c 16.000000
tx 9 r 2.000000 c 17.000000
tx 10 r 2.000000 c 18.000000
tx 11 r 2.000000 c 19.000000
tx 12 r 3.000000 c 16.000000
tx 13 r 3.000000 c 17.000000
tx 14 r 3.000000 c 18.000000
tx 15 r 3.000000 c 19.000000
tx 16 r 4.000000 c 16.000000
tx 17 r 4.000000 c 17.000000
tx 18 r 4.000000 c 18.000000
tx 19 r 4.000000 c 19.000000
tx 20 r 5.000000 c 16.000000
tx 21 r 5.000000 c 17.000000
tx 22 r 5.000000 c 18.000000
tx 23 r 5.000000 c 19.000000
tx 24 r 6.000000 c 16.000000
tx 25 r 6.000000 c 17.000000
tx 26 r 6.000000 c 18.000000
tx 27 r 6.000000 c 19.000000
tx 28 r 7.000000 c 16.000000
tx 29 r 7.000000 c 17.000000
tx 30 r 7.000000 c 18.000000
tx 31 r 7.000000 c 19.000000
tx 192 r 0.000000 c 16.000000
tx 193 r 0.000000 c 17.000000
tx 194 r 0.000000 c 18.000000
tx 195 r 0.000000 c 19.000000
tx 196 r 1.000000 c 16.000000
tx 197 r 1.000000 c 17.000000
tx 198 r 1.000000 c 18.000000
tx 199 r 1.000000 c 19.000000
tx 200 r 2.000000 c 16.000000
tx 201 r 2.000000 c 17.000000
tx 202 r 2.000000 c 18.000000
tx 203 r 2.000000 c 19.000000
tx 204 r 3.000000 c 16.000000
tx 205 r 3.000000 c 17.000000
tx 206 r 3.000000 c 18.000000
tx 207 r 3.000000 c 19.000000
tx 208 r 4.000000 c 16.000000
tx 209 r 4.000000 c 17.000000
tx 210 r 4.000000 c 18.000000
tx 211 r 4.000000 c 19.000000
tx 212 r 5.000000 c 16.000000
tx 213 r 5.000000 c 17.000000
tx 214 r 5.000000 c 18.000000
tx 215 r 5.000000 c 19.000000
tx 216 r 6.000000 c 16.000000
tx 217 r 6.000000 c 17.000000
tx 218 r 6.000000 c 18.000000
tx 219 r 6.000000 c 19.000000
tx 220 r 7.000000 c 16.000000
tx 221 r 7.000000 c 17.000000
tx 222 r 7.000000 c 18.000000
tx 223 r 7.000000 c 19.000000
tx 224 r 32.000000 c 16.000000
tx 225 r 32.000000 c 17.000000
tx 226 r 32.000000 c 18.000000
tx 227 r 32.000000 c 19.000000
tx 228 r 33.000000 c 16.000000
tx 229 r 33.000000 c 17.000000
tx 230 r 33.000000 c 18.000000
tx 231 r 33.000000 c 19.000000
tx 232 r 34.000000 c 16.000000
tx 233 r 34.000000 c 17.000000
tx 234 r 34.000000 c 18.000000
tx 235 r 34.000000 c 19.000000
tx 236 r 35.000000 c 16.000000
tx 237 r 35.000000 c 17.000000
tx 238 r 35.000000 c 18.000000
tx 239 r 35.000000 c 19.000000
tx 240 r 36.000000 c 16.000000
tx 241 r 36.000000 c 17.000000
tx 242 r 36.000000 c 18.000000
tx 243 r 36.000000 c 19.000000
tx 244 r 37.000000 c 16.000000
tx 245 r 37.000000 c 17.000000
tx 246 r 37.000000 c 18.000000
tx 247 r 37.000000 c 19.000000
tx 248 r 38.000000 c 16.000000
tx 249 r 38.000000 c 17.000000
tx 250 r 38.000000 c 18.000000
tx 251 r 38.000000 c 19.000000
tx 252 r 39.000000 c 16.000000
tx 253 r 39.000000 c 17.000000
tx 254 r 39.000000 c 18.000000
tx 255 r 39.000000 c 19.000000
tx 160 r 32.000000 c 16.000000
tx 161 r 32.000000 c 17.000000
tx 162 r 32.000000 c 18.000000
tx 163 r 32.000000 c 19.000000
tx 164 r 33.000000 c 16.000000
tx 165 r 33.000000 c 17.000000
tx 166 r 33.000000 c 18.000000
tx 167 r 33.000000 c 19.000000
tx 168 r 34.000000 c 16.000000
tx 169 r 34.000000 c 17.000000
tx 170 r 34.000000 c 18.000000
tx 171 r 34.000000 c 19.000000
tx 172 r 35.000000 c 16.000000
tx 173 r 35.000000 c 17.000000
tx 174 r 35.000000 c 18.000000
tx 175 r 35.000000 c 19.000000
tx 176 r 36.000000 c 16.000000
tx 177 r 36.000000 c 17.000000
tx 178 r 36.000000 c 18.000000
tx 179 r 36.000000 c 19.000000
tx 180 r 37.000000 c 16.000000
tx 181 r 37.000000 c 17.000000
tx 182 r 37.000000 c 18.000000
tx 183 r 37.000000 c 19.000000
tx 184 r 38.000000 c 16.000000
tx 185 r 38.000000 c 17.000000
tx 186 r 38.000000 c 18.000000
tx 187 r 38.000000 c 19.000000
tx 188 r 39.000000 c 16.000000
tx 189 r 39.000000 c 17.000000
tx 190 r 39.000000 c 18.000000
tx 191 r 39.000000 c 19.000000
tx 64 r 0.000000 c 16.000000
tx 65 r 0.000000 c 17.000000
tx 66 r 0.000000 c 18.000000
tx 67 r 0.000000 c 19.000000
tx 68 r 1.000000 c 16.000000
tx 69 r 1.000000 c 17.000000
tx 70 r 1.000000 c 18.000000
tx 71 r 1.000000 c 19.000000
tx 72 r 2.000000 c 16.000000
tx 73 r 2.000000 c 17.000000
tx 74 r 2.000000 c 18.000000
tx 75 r 2.000000 c 19.000000
tx 76 r 3.000000 c 16.000000
tx 77 r 3.000000 c 17.000000
tx 78 r 3.000000 c 18.000000
tx 79 r 3.000000 c 19.000000
tx 80 r 4.000000 c 16.000000
tx 81 r 4.000000 c 17.000000
tx 82 r 4.000000 c 18.000000
tx 83 r 4.000000 c 19.000000
tx 84 r 5.000000 c 16.000000
tx 85 r 5.000000 c 17.000000
tx 86 r 5.000000 c 18.000000
tx 87 r 5.000000 c 19.000000
tx 88 r 6.000000 c 16.000000
tx 89 r 6.000000 c 17.000000
tx 90 r 6.000000 c 18.000000
tx 91 r 6.000000 c 19.000000
tx 92 r 7.000000 c 16.000000
tx 93 r 7.000000 c 17.000000
tx 94 r 7.000000 c 18.000000
tx 95 r 7.000000 c 19.000000
tx 96 r 32.000000 c 16.000000
tx 97 r 32.000000 c 17.000000
tx 98 r 32.000000 c 18.000000
tx 99 r 32.000000 c 19.000000
tx 100 r 33.000000 c 16.000000
tx 101 r 33.000000 c 17.000000
tx 102 r 33.000000 c 18.000000
tx 103 r 33.000000 c 19.000000
tx 104 r 34.000000 c 16.000000
tx 105 r 34.000000 c 17.000000
tx 106 r 34.000000 c 18.000000
tx 107 r 34.000000 c 19.000000
tx 108 r 35.000000 c 16.000000
tx 109 r 35.000000 c 17.000000
tx 110 r 35.000000 c 18.000000
tx 111 r 35.000000 c 19.000000
tx 112 r 36.000000 c 16.000000
tx 113 r 36.000000 c 17.000000
tx 114 r 36.000000 c 18.000000
tx 115 r 36.000000 c 19.000000
tx 116 r 37.000000 c 16.000000
tx 117 r 37.000000 c 17.000000
tx 118 r 37.000000 c 18.000000
tx 119 r 37.000000 c 19.000000
tx 120 r 38.000000 c 16.000000
tx 121 r 38.000000 c 17.000000
tx 122 r 38.000000 c 18.000000
tx 123 r 38.000000 c 19.000000
tx 124 r 39.000000 c 16.000000
tx 125 r 39.000000 c 17.000000
tx 126 r 39.000000 c 18.000000
tx 127 r 39.000000 c 19.000000
tx 128 r 0.000000 c 16.000000
tx 129 r 0.000000 c 17.000000
tx 130 r 0.000000 c 18.000000
tx 131 r 0.000000 c 19.000000
tx 132 r 1.000000 c 16.000000
tx 133 r 1.000000 c 17.000000
tx 134 r 1.000000 c 18.000000
tx 135 r 1.000000 c 19.000000
tx 136 r 2.000000 c 16.000000
tx 137 r 2.000000 c 17.000000
tx 138 r 2.000000 c 18.000000
tx 139 r 2.000000 c 19.000000
tx 140 r 3.000000 c 16.000000
tx 141 r 3.000000 c 17.000000
tx 142 r 3.000000 c 18.000000
tx 143 r 3.000000 c 19.000000
tx 144 r 4.000000 c 16.000000
tx 145 r 4.000000 c 17.000000
tx 146 r 4.000000 c 18.000000
tx 147 r 4.000000 c 19.000000
tx 148 r 5.000000 c 16.000000
tx 149 r 5.000000 c 17.000000
tx 150 r 5.000000 c 18.000000
tx 151 r 5.000000 c 19.000000
tx 152 r 6.000000 c 16.000000
tx 153 r 6.000000 c 17.000000
tx 154 r 6.000000 c 18.000000
tx 155 r 6.000000 c 19.000000
tx 156 r 7.000000 c 16.000000
tx 157 r 7.000000 c 17.000000
tx 158 r 7.000000 c 18.000000
tx 159 r 7.000000 c 19.000000
tx 32 r 32.000000 c 16.000000
tx 33 r 32.000000 c 17.000000
tx 34 r 32.000000 c 18.000000
tx 35 r 32.000000 c 19.000000
tx 36 r 33.000000 c 16.000000
tx 37 r 33.000000 c 17.000000
tx 38 r 33.000000 c 18.000000
tx 39 r 33.000000 c 19.000000
tx 40 r 34.000000 c 16.000000
tx 41 r 34.000000 c 17.000000
tx 42 r 34.000000 c 18.000000
tx 43 r 34.000000 c 19.000000
tx 44 r 35.000000 c 16.000000
tx 45 r 35.000000 c 17.000000
tx 46 r 35.000000 c 18.000000
tx 47 r 35.000000 c 19.000000
tx 48 r 36.000000 c 16.000000
tx 49 r 36.000000 c 17.000000
tx 50 r 36.000000 c 18.000000
tx 51 r 36.000000 c 19.000000
tx 52 r 37.000000 c 16.000000
tx 53 r 37.000000 c 17.000000
tx 54 r 37.000000 c 18.000000
tx 55 r 37.000000 c 19.000000
tx 56 r 38.000000 c 16.000000
tx 57 r 38.000000 c 17.000000
tx 58 r 38.000000 c 18.000000
tx 59 r 38.000000 c 19.000000
tx 60 r 39.000000 c 16.000000
tx 61 r 39.000000 c 17.000000
tx 62 r 39.000000 c 18.000000
tx 63 r 39.000000 c 19.000000
tx 224 r 40.000000 c 16.000000
tx 225 r 40.000000 c 17.000000
tx 226 r 40.000000 c 18.000000
tx 227 r 40.000000 c 19.000000
tx 228 r 41.000000 c 16.000000
tx 229 r 41.000000 c 17.000000
tx 230 r 41.000000 c 18.000000
tx 231 r 41.000000 c 19.000000
tx 232 r 42.000000 c 16.000000
tx 233 r 42.000000 c 17.000000
tx 234 r 42.000000 c 18.000000
tx 235 r 42.000000 c 19.000000
tx 236 r 43.000000 c 16.000000
tx 237 r 43.000000 c 17.000000
tx 238 r 43.000000 c 18.000000
tx 239 r 43.000000 c 19.000000
tx 240 r 44.000000 c 16.000000
tx 241 r 44.000000 c 17.000000
tx 242 r 44.000000 c 18.000000
tx 243 r 44.000000 c 19.000000
tx 244 r 45.000000 c 16.000000
tx 245 r 45.000000 c 17.000000
tx 246 r 45.000000 c 18.000000
tx 247 r 45.000000 c 19.000000
tx 248 r 46.000000 c 16.000000
tx 249 r 46.000000 c 17.000000
tx 250 r 46.000000 c 18.000000
tx 251 r 46.000000 c 19.000000
tx 252 r 47.000000 c 16.000000
tx 253 r 47.000000 c 17.000000
tx 254 r 47.000000 c 18.000000
tx 255 r 47.000000 c 19.000000
tx 160 r 40.000000 c 16.000000
tx 161 r 40.000000 c 17.000000
tx 162 r 40.000000 c 18.000000
tx 163 r 40.000000 c 19.000000
tx 164 r 41.000000 c 16.000000
tx 165 r 41.000000 c 17.000000
tx 166 r 41.000000 c 18.000000
tx 167 r 41.000000 c 19.000000
tx 168 r 42.000000 c 16.000000
tx 169 r 42.000000 c 17.000000
tx 170 r 42.000000 c 18.000000
tx 171 r 42.000000 c 19.000000
tx 172 r 43.000000 c 16.000000
tx 173 r 43.000000 c 17.000000
tx 174 r 43.000000 c 18.000000
tx 175 r 43.000000 c 19.000000
tx 176 r 44.000000 c 16.000000
tx 177 r 44.000000 c 17.000000
tx 178 r 44.000000 c 18.000000
tx 179 r 44.000000 c 19.000000
tx 180 r 45.000000 c 16.000000
tx 181 r 45.000000 c 17.000000
tx 182 r 45.000000 c 18.000000
tx 183 r 45.000000 c 19.000000
tx 184 r 46.000000 c 16.000000
tx 185 r 46.000000 c 17.000000
tx 186 r 46.000000 c 18.000000
tx 187 r 46.000000 c 19.000000
tx 188 r 47.000000 c 16.000000
tx 189 r 47.000000 c 17.000000
tx 190 r 47.000000 c 18.000000
tx 191 r 47.000000 c 19.000000
tx 192 r 8.000000 c 16.000000
tx 193 r 8.000000 c 17.000000
tx 194 r 8.000000 c 18.000000
tx 195 r 8.000000 c 19.000000
tx 196 r 9.000000 c 16.000000
tx 197 r 9.000000 c 17.000000
tx 198 r 9.000000 c 18.000000
tx 199 r 9.000000 c 19.000000
tx 200 r 10.000000 c 16.000000
tx 201 r 10.000000 c 17.000000
tx 202 r 10.000000 c 18.000000
tx 203 r 10.000000 c 19.000000
tx 204 r 11.000000 c 16.000000
tx 205 r 11.000000 c 17.000000
tx 206 r 11.000000 c 18.000000
tx 207 r 11.000000 c 19.000000
tx 208 r 12.000000 c 16.000000
tx 209 r 12.000000 c 17.000000
tx 210 r 12.000000 c 18.000000
tx 211 r 12.000000 c 19.000000
tx 212 r 13.000000 c 16.000000
tx 213 r 13.000000 c 17.000000
tx 214 r 13.000000 c 18.000000
tx 215 r 13.000000 c 19.000000
tx 216 r 14.000000 c 16.000000
tx 217 r 14.000000 c 17.000000
tx 218 r 14.000000 c 18.000000
tx 219 r 14.000000 c 19.000000
tx 220 r 15.000000 c 16.000000
tx 221 r 15.000000 c 17.000000
tx 222 r 15.000000 c 18.000000
tx 223 r 15.000000 c 19.000000
tx 0 r 8.000000 c 16.000000
tx 1 r 8.000000 c 17.000000
tx 2 r 8.000000 c 18.000000
tx 3 r 8.000000 c 19.000000
tx 4 r 9.000000 c 16.000000
tx 5 r 9.000000 c 17.000000
tx 6 r 9.000000 c 18.000000
tx 7 r 9.000000 c 19.000000
tx 8 r 10.000000 c 16.000000
tx 9 r 10.000000 c 17.000000
tx 10 r 10.000000 c 18.000000
tx 11 r 10.000000 c 19.000000
tx 12 r 11.000000 c 16.000000
tx 13 r 11.000000 c 17.000000
tx 14 r 11.000000 c 18.000000
tx 15 r 11.000000 c 19.000000
tx 16 r 12.000000 c 16.000000
tx 17 r 12.000000 c 17.000000
tx 18 r 12.000000 c 18.000000
tx 19 r 12.000000 c 19.000000
tx 20 r 13.000000 c 16.000000
tx 21 r 13.000000 c 17.000000
tx 22 r 13.000000 c 18.000000
tx 23 r 13.000000 c 19.000000
tx 24 r 14.000000 c 16.000000
tx 25 r 14.000000 c 17.000000
tx 26 r 14.000000 c 18.000000
tx 27 r 14.000000 c 19.000000
tx 28 r 15.000000 c 16.000000
tx 29 r 15.000000 c 17.000000
tx 30 r 15.000000 c 18.000000
tx 31 r 15.000000 c 19.000000
tx 32 r 40.000000 c 16.000000
tx 33 r 40.000000 c 17.000000
tx 34 r 40.000000 c 18.000000
tx 35 r 40.000000 c 19.000000
tx 36 r 41.000000 c 16.000000
tx 37 r 41.000000 c 17.000000
tx 38 r 41.000000 c 18.000000
tx 39 r 41.000000 c 19.000000
tx 40 r 42.000000 c 16.000000
tx 41 r 42.000000 c 17.000000
tx 42 r 42.000000 c 18.000000
tx 43 r 42.000000 c 19.000000
tx 44 r 43.000000 c 16.000000
tx 45 r 43.000000 c 17.000000
tx 46 r 43.000000 c 18.000000
tx 47 r 43.000000 c 19.000000
tx 48 r 44.000000 c 16.000000
tx 49 r 44.000000 c 17.000000
tx 50 r 44.000000 c 18.000000
tx 51 r 44.000000 c 19.000000
tx 52 r 45.000000 c 16.000000
tx 53 r 45.000000 c 17.000000
tx 54 r 45.000000 c 18.000000
tx 55 r 45.000000 c 19.000000
tx 56 r 46.000000 c 16.000000
tx 57 r 46.000000 c 17.000000
tx 58 r 46.000000 c 18.000000
tx 59 r 46.000000 c 19.000000
tx 60 r 47.000000 c 16.000000
tx 61 r 47.000000 c 17.000000
tx 62 r 47.000000 c 18.000000
tx 63 r 47.000000 c 19.000000
tx 96 r 40.000000 c 16.000000
tx 97 r 40.000000 c 17.000000
tx 98 r 40.000000 c 18.000000
tx 99 r 40.000000 c 19.000000
tx 100 r 41.000000 c 16.000000
tx 101 r 41.000000 c 17.000000
tx 102 r 41.000000 c 18.000000
tx 103 r 41.000000 c 19.000000
tx 104 r 42.000000 c 16.000000
tx 105 r 42.000000 c 17.000000
tx 106 r 42.000000 c 18.000000
tx 107 r 42.000000 c 19.000000
tx 108 r 43.000000 c 16.000000
tx 109 r 43.000000 c 17.000000
tx 110 r 43.000000 c 18.000000
tx 111 r 43.000000 c 19.000000
tx 112 r 44.000000 c 16.000000
tx 113 r 44.000000 c 17.000000
tx 114 r 44.000000 c 18.000000
tx 115 r 44.000000 c 19.000000
tx 116 r 45.000000 c 16.000000
tx 117 r 45.000000 c 17.000000
tx 118 r 45.000000 c 18.000000
tx 119 r 45.000000 c 19.000000
tx 120 r 46.000000 c 16.000000
tx 121 r 46.000000 c 17.000000
tx 122 r 46.000000 c 18.000000
tx 123 r 46.000000 c 19.000000
tx 124 r 47.000000 c 16.000000
tx 125 r 47.000000 c 17.000000
tx 126 r 47.000000 c 18.000000
tx 127 r 47.000000 c 19.000000
tx 64 r 8.000000 c 16.000000
tx 65 r 8.000000 c 17.000000
tx 66 r 8.000000 c 18.000000
tx 67 r 8.000000 c 19.000000
tx 68 r 9.000000 c 16.000000
tx 69 r 9.000000 c 17.000000
tx 70 r 9.000000 c 18.000000
tx 71 r 9.000000 c 19.000000
tx 72 r 10.000000 c 16.000000
tx 73 r 10.000000 c 17.000000
tx 74 r 10.000000 c 18.000000
tx 75 r 10.000000 c 19.000000
tx 76 r 11.000000 c 16.000000
tx 77 r 11.000000 c 17.000000
tx 78 r 11.000000 c 18.000000
tx 79 r 11.000000 c 19.000000
tx 80 r 12.000000 c 16.000000
tx 81 r 12.000000 c 17.000000
tx 82 r 12.000000 c 18.000000
tx 83 r 12.000000 c 19.000000
tx 84 r 13.000000 c 16.000000
tx 85 r 13.000000 c 17.000000
tx 86 r 13.000000 c 18.000000
tx 87 r 13.000000 c 19.000000
tx 88 r 14.000000 c 16.000000
tx 89 r 14.000000 c 17.000000
tx 90 r 14.000000 c 18.000000
tx 91 r 14.000000 c 19.000000
tx 92 r 15.000000 c 16.000000
tx 93 r 15.000000 c 17.000000
tx 94 r 15.000000 c 18.000000
tx 95 r 15.000000 c 19.000000
tx 128 r 8.000000 c 16.000000
tx 129 r 8.000000 c 17.000000
tx 130 r 8.000000 c 18.000000
tx 131 r 8.000000 c 19.000000
tx 132 r 9.000000 c 16.000000
tx 133 r 9.000000 c 17.000000
tx 134 r 9.000000 c 18.000000
tx 135 r 9.000000 c 19.000000
tx 136 r 10.000000 c 16.000000
tx 137 r 10.000000 c 17.000000
tx 138 r 10.000000 c 18.000000
tx 139 r 10.000000 c 19.000000
tx 140 r 11.000000 c 16.000000
tx 141 r 11.000000 c 17.000000
tx 142 r 11.000000 c 18.000000
tx 143 r 11.000000 c 19.000000
tx 144 r 12.000000 c 16.000000
tx 145 r 12.000000 c 17.000000
tx 146 r 12.000000 c 18.000000
tx 147 r 12.000000 c 19.000000
tx 148 r 13.000000 c 16.000000
tx 149 r 13.000000 c 17.000000
tx 150 r 13.000000 c 18.000000
tx 151 r 13.000000 c 19.000000
tx 152 r 14.000000 c 16.000000
tx 153 r 14.000000 c 17.000000
tx 154 r 14.000000 c 18.000000
tx 155 r 14.000000 c 19.000000
tx 156 r 15.000000 c 16.000000
tx 157 r 15.000000 c 17.000000
tx 158 r 15.000000 c 18.000000
tx 159 r 15.000000 c 19.000000
tx 224 r 48.000000 c 16.000000
tx 225 r 48.000000 c 17.000000
tx 226 r 48.000000 c 18.000000
tx 227 r 48.000000 c 19.000000
tx 228 r 49.000000 c 16.000000
tx 229 r 49.000000 c 17.000000
tx 230 r 49.000000 c 18.000000
tx 231 r 49.000000 c 19.000000
tx 232 r 50.000000 c 16.000000
tx 233 r 50.000000 c 17.000000
tx 234 r 50.000000 c 18.000000
tx 235 r 50.000000 c 19.000000
tx 236 r 51.000000 c 16.000000
tx 237 r 51.000000 c 17.000000
tx 238 r 51.000000 c 18.000000
tx 239 r 51.000000 c 19.000000
tx 240 r 52.000000 c 16.000000
tx 241 r 52.000000 c 17.000000
tx 242 r 52.000000 c 18.000000
tx 243 r 52.000000 c 19.000000
tx 244 r 53.000000 c 16.000000
tx 245 r 53.000000 c 17.000000
tx 246 r 53.000000 c 18.000000
tx 247 r 53.000000 c 19.000000
tx 248 r 54.000000 c 16.000000
tx 249 r 54.000000 c 17.000000
tx 250 r 54.000000 c 18.000000
tx 251 r 54.000000 c 19.000000
tx 252 r 55.000000 c 16.000000
tx 253 r 55.000000 c 17.000000
tx 254 r 55.000000 c 18.000000
tx 255 r 55.000000 c 19.000000
tx 96 r 48.000000 c 16.000000
tx 97 r 48.000000 c 17.000000
tx 98 r 48.000000 c 18.000000
tx 99 r 48.000000 c 19.000000
tx 100 r 49.000000 c 16.000000
tx 101 r 49.000000 c 17.000000
tx 102 r 49.000000 c 18.000000
tx 103 r 49.000000 c 19.000000
tx 104 r 50.000000 c 16.000000
tx 105 r 50.000000 c 17.000000
tx 106 r 50.000000 c 18.000000
tx 107 r 50.000000 c 19.000000
tx 108 r 51.000000 c 16.000000
tx 109 r 51.000000 c 17.000000
tx 110 r 51.000000 c 18.000000
tx 111 r 51.000000 c 19.000000
tx 112 r 52.000000 c 16.000000
tx 113 r 52.000000 c 17.000000
tx 114 r 52.000000 c 18.000000
tx 115 r 52.000000 c 19.000000
tx 116 r 53.000000 c 16.000000
tx 117 r 53.000000 c 17.000000
tx 118 r 53.000000 c 18.000000
tx 119 r 53.000000 c 19.000000
tx 120 r 54.000000 c 16.000000
tx 121 r 54.000000 c 17.000000
tx 122 r 54.000000 c 18.000000
tx 123 r 54.000000 c 19.000000
tx 124 r 55.000000 c 16.000000
tx 125 r 55.000000 c 17.000000
tx 126 r 55.000000 c 18.000000
tx 127 r 55.000000 c 19.000000
tx 160 r 48.000000 c 16.000000
tx 161 r 48.000000 c 17.000000
tx 162 r 48.000000 c 18.000000
tx 163 r 48.000000 c 19.000000
tx 164 r 49.000000 c 16.000000
tx 165 r 49.000000 c 17.000000
tx 166 r 49.000000 c 18.000000
tx 167 r 49.000000 c 19.000000
tx 168 r 50.000000 c 16.000000
tx 169 r 50.000000 c 17.000000
tx 170 r 50.000000 c 18.000000
tx 171 r 50.000000 c 19.000000
tx 172 r 51.000000 c 16.000000
tx 173 r 51.000000 c 17.000000
tx 174 r 51.000000 c 18.000000
tx 175 r 51.000000 c 19.000000
tx 176 r 52.000000 c 16.000000
tx 177 r 52.000000 c 17.000000
tx 178 r 52.000000 c 18.000000
tx 179 r 52.000000 c 19.000000
tx 180 r 53.000000 c 16.000000
tx 181 r 53.000000 c 17.000000
tx 182 r 53.000000 c 18.000000
tx 183 r 53.000000 c 19.000000
tx 184 r 54.000000 c 16.000000
tx 185 r 54.000000 c 17.000000
tx 186 r 54.000000 c 18.000000
tx 187 r 54.000000 c 19.000000
tx 188 r 55.000000 c 16.000000
tx 189 r 55.000000 c 17.000000
tx 190 r 55.000000 c 18.000000
tx 191 r 55.000000 c 19.000000
tx 0 r 16.000000 c 16.000000
tx 1 r 16.000000 c 17.000000
tx 2 r 16.000000 c 18.000000
tx 3 r 16.000000 c 19.000000
tx 4 r 17.000000 c 16.000000
tx 5 r 17.000000 c 17.000000
tx 6 r 17.000000 c 18.000000
tx 7 r 17.000000 c 19.000000
tx 8 r 18.000000 c 16.000000
tx 9 r 18.000000 c 17.000000
tx 10 r 18.000000 c 18.000000
tx 11 r 18.000000 c 19.000000
tx 12 r 19.000000 c 16.000000
tx 13 r 19.000000 c 17.000000
tx 14 r 19.000000 c 18.000000
tx 15 r 19.000000 c 19.000000
tx 16 r 20.000000 c 16.000000
tx 17 r 20.000000 c 17.000000
tx 18 r 20.000000 c 18.000000
tx 19 r 20.000000 c 19.000000
tx 20 r 21.000000 c 16.000000
tx 21 r 21.000000 c 17.000000
tx 22 r 21.000000 c 18.000000
tx 23 r 21.000000 c 19.000000
tx 24 r 22.000000 c 16.000000
tx 25 r 22.000000 c 17.000000
tx 26 r 22.000000 c 18.000000
tx 27 r 22.000000 c 19.000000
tx 28 r 23.000000 c 16.000000
tx 29 r 23.000000 c 17.000000
tx 30 r 23.000000 c 18.000000
tx 31 r 23.000000 c 19.000000
tx 32 r 48.000000 c 16.000000
tx 33 r 48.000000 c 17.000000
tx 34 r 48.000000 c 18.000000
tx 35 r 48.000000 c 19.000000
tx 36 r 49.000000 c 16.000000
tx 37 r 49.000000 c 17.000000
tx 38 r 49.000000 c 18.000000
tx 39 r 49.000000 c 19.000000
tx 40 r 50.000000 c 16.000000
tx 41 r 50.000000 c 17.000000
tx 42 r 50.000000 c 18.000000
tx 43 r 50.000000 c 19.000000
tx 44 r 51.000000 c 16.000000
tx 45 r 51.000000 c 17.000000
tx 46 r 51.000000 c 18.000000
tx 47 r 51.000000 c 19.000000
tx 48 r 52.000000 c 16.000000
tx 49 r 52.000000 c 17.000000
tx 50 r 52.000000 c 18.000000
tx 51 r 52.000000 c 19.000000
tx 52 r 53.000000 c 16.000000
tx 53 r 53.000000 c 17.000000
tx 54 r 53.000000 c 18.000000
tx 55 r 53.000000 c 19.000000
tx 56 r 54.000000 c 16.000000
tx 57 r 54.000000 c 17.000000
tx 58 r 54.000000 c 18.000000
tx 59 r 54.000000 c 19.000000
tx 60 r 55.000000 c 16.000000
tx 61 r 55.000000 c 17.000000
tx 62 r 55.000000 c 18.000000
tx 63 r 55.000000 c 19.000000
tx 192 r 16.000000 c 16.000000
tx 193 r 16.000000 c 17.000000
tx 194 r 16.000000 c 18.000000
tx 195 r 16.000000 c 19.000000
tx 196 r 17.000000 c 16.000000
tx 197 r 17.000000 c 17.000000
tx 198 r 17.000000 c 18.000000
tx 199 r 17.000000 c 19.000000
tx 200 r 18.000000 c 16.000000
tx 201 r 18.000000 c 17.000000
tx 202 r 18.000000 c 18.000000
tx 203 r 18.000000 c 19.000000
tx 204 r 19.000000 c 16.000000
tx 205 r 19.000000 c 17.000000
tx 206 r 19.000000 c 18.000000
tx 207 r 19.000000 c 19.000000
tx 208 r 20.000000 c 16.000000
tx 209 r 20.000000 c 17.000000
tx 210 r 20.000000 c 18.000000
tx 211 r 20.000000 c 19.000000
tx 212 r 21.000000 c 16.000000
tx 213 r 21.000000 c 17.000000
tx 214 r 21.000000 c 18.000000
tx 215 r 21.000000 c 19.000000
tx 216 r 22.000000 c 16.000000
tx 217 r 22.000000 c 17.000000
tx 218 r 22.000000 c 18.000000
tx 219 r 22.000000 c 19.000000
tx 220 r 23.000000 c 16.000000
tx 221 r 23.000000 c 17.000000
tx 222 r 23.000000 c 18.000000
tx 223 r 23.000000 c 19.000000
tx 128 r 16.000000 c 16.000000
tx 129 r 16.000000 c 17.000000
tx 130 r 16.000000 c 18.000000
tx 131 r 16.000000 c 19.000000
tx 132 r 17.000000 c 16.000000
tx 133 r 17.000000 c 17.000000
tx 134 r 17.000000 c 18.000000
tx 135 r 17.000000 c 19.000000
tx 136 r 18.000000 c 16.000000
tx 137 r 18.000000 c 17.000000
tx 138 r 18.000000 c 18.000000
tx 139 r 18.000000 c 19.000000
tx 140 r 19.000000 c 16.000000
tx 141 r 19.000000 c 17.000000
tx 142 r 19.000000 c 18.000000
tx 143 r 19.000000 c 19.000000
tx 144 r 20.000000 c 16.000000
tx 145 r 20.000000 c 17.000000
tx 146 r 20.000000 c 18.000000
tx 147 r 20.000000 c 19.000000
tx 148 r 21.000000 c 16.000000
tx 149 r 21.000000 c 17.000000
tx 150 r 21.000000 c 18.000000
tx 151 r 21.000000 c 19.000000
tx 152 r 22.000000 c 16.000000
tx 153 r 22.000000 c 17.000000
tx 154 r 22.000000 c 18.000000
tx 155 r 22.000000 c 19.000000
tx 156 r 23.000000 c 16.000000
tx 157 r 23.000000 c 17.000000
tx 158 r 23.000000 c 18.000000
tx 159 r 23.000000 c 19.000000
tx 64 r 16.000000 c 16.000000
tx 65 r 16.000000 c 17.000000
tx 66 r 16.000000 c 18.000000
tx 67 r 16.000000 c 19.000000
tx 68 r 17.000000 c 16.000000
tx 69 r 17.000000 c 17.000000
tx 70 r 17.000000 c 18.000000
tx 71 r 17.000000 c 19.000000
tx 72 r 18.000000 c 16.000000
tx 73 r 18.000000 c 17.000000
tx 74 r 18.000000 c 18.000000
tx 75 r 18.000000 c 19.000000
tx 76 r 19.000000 c 16.000000
tx 77 r 19.000000 c 17.000000
tx 78 r 19.000000 c 18.000000
tx 79 r 19.000000 c 19.000000
tx 80 r 20.000000 c 16.000000
tx 81 r 20.000000 c 17.000000
tx 82 r 20.000000 c 18.000000
tx 83 r 20.000000 c 19.000000
tx 84 r 21.000000 c 16.000000
tx 85 r 21.000000 c 17.000000
tx 86 r 21.000000 c 18.000000
tx 87 r 21.000000 c 19.000000
tx 88 r 22.000000 c 16.000000
tx 89 r 22.000000 c 17.000000
tx 90 r 22.000000 c 18.000000
tx 91 r 22.000000 c 19.000000
tx 92 r 23.000000 c 16.000000
tx 93 r 23.000000 c 17.000000
tx 94 r 23.000000 c 18.000000
tx 95 r 23.000000 c 19.000000
tx 224 r 56.000000 c 16.000000
tx 225 r 56.000000 c 17.000000
tx 226 r 56.000000 c 18.000000
tx 227 r 56.000000 c 19.000000
tx 228 r 57.000000 c 16.000000
tx 229 r 57.000000 c 17.000000
tx 230 r 57.000000 c 18.000000
tx 231 r 57.000000 c 19.000000
tx 232 r 58.000000 c 16.000000
tx 233 r 58.000000 c 17.000000
tx 234 r 58.000000 c 18.000000
tx 235 r 58.000000 c 19.000000
tx 236 r 59.000000 c 16.000000
tx 237 r 59.000000 c 17.000000
tx 238 r 59.000000 c 18.000000
tx 239 r 59.000000 c 19.000000
tx 240 r 60.000000 c 16.000000
tx 241 r 60.000000 c 17.000000
tx 242 r 60.000000 c 18.000000
tx 243 r 60.000000 c 19.000000
tx 244 r 61.000000 c 16.000000
tx 245 r 61.000000 c 17.000000
tx 246 r 61.000000 c 18.000000
tx 247 r 61.000000 c 19.000000
tx 248 r 62.000000 c 16.000000
tx 249 r 62.000000 c 17.000000
tx 250 r 62.000000 c 18.000000
tx 251 r 62.000000 c 19.000000
tx 252 r 63.000000 c 16.000000
tx 253 r 63.000000 c 17.000000
tx 254 r 63.000000 c 18.000000
tx 255 r 63.000000 c 19.000000
tx 0 r 24.000000 c 16.000000
tx 1 r 24.000000 c 17.000000
tx 2 r 24.000000 c 18.000000
tx 3 r 24.000000 c 19.000000
tx 4 r 25.000000 c 16.000000
tx 5 r 25.000000 c 17.000000
tx 6 r 25.000000 c 18.000000
tx 7 r 25.000000 c 19.000000
tx 8 r 26.000000 c 16.000000
tx 9 r 26.000000 c 17.000000
tx 10 r 26.000000 c 18.000000
tx 11 r 26.000000 c 19.000000
tx 12 r 27.000000 c 16.000000
tx 13 r 27.000000 c 17.000000
tx 14 r 27.000000 c 18.000000
tx 15 r 27.000000 c 19.000000
tx 16 r 28.000000 c 16.000000
tx 17 r 28.000000 c 17.000000
tx 18 r 28.000000 c 18.000000
tx 19 r 28.000000 c 19.000000
tx 20 r 29.000000 c 16.000000
tx 21 r 29.000000 c 17.000000
tx 22 r 29.000000 c 18.000000
tx 23 r 29.000000 c 19.000000
tx 24 r 30.000000 c 16.000000
tx 25 r 30.000000 c 17.000000
tx 26 r 30.000000 c 18.000000
tx 27 r 30.000000 c 19.000000
tx 28 r 31.000000 c 16.000000
tx 29 r 31.000000 c 17.000000
tx 30 r 31.000000 c 18.000000
tx 31 r 31.000000 c 19.000000
tx 96 r 56.000000 c 16.000000
tx 97 r 56.000000 c 17.000000
tx 98 r 56.000000 c 18.000000
tx 99 r 56.000000 c 19.000000
tx 100 r 57.000000 c 16.000000
tx 101 r 57.000000 c 17.000000
tx 102 r 57.000000 c 18.000000
tx 103 r 57.000000 c 19.000000
tx 104 r 58.000000 c 16.000000
tx 105 r 58.000000 c 17.000000
tx 106 r 58.000000 c 18.000000
tx 107 r 58.000000 c 19.000000
tx 108 r 59.000000 c 16.000000
tx 109 r 59.000000 c 17.000000
tx 110 r 59.000000 c 18.000000
tx 111 r 59.000000 c 19.000000
tx 112 r 60.000000 c 16.000000
tx 113 r 60.000000 c 17.000000
tx 114 r 60.000000 c 18.000000
tx 115 r 60.000000 c 19.000000
tx 116 r 61.000000 c 16.000000
tx 117 r 61.000000 c 17.000000
tx 118 r 61.000000 c 18.000000
tx 119 r 61.000000 c 19.000000
tx 120 r 62.000000 c 16.000000
tx 121 r 62.000000 c 17.000000
tx 122 r 62.000000 c 18.000000
tx 123 r 62.000000 c 19.000000
tx 124 r 63.000000 c 16.000000
tx 125 r 63.000000 c 17.000000
tx 126 r 63.000000 c 18.000000
tx 127 r 63.000000 c 19.000000
tx 32 r 56.000000 c 16.000000
tx 33 r 56.000000 c 17.000000
tx 34 r 56.000000 c 18.000000
tx 35 r 56.000000 c 19.000000
tx 36 r 57.000000 c 16.000000
tx 37 r 57.000000 c 17.000000
tx 38 r 57.000000 c 18.000000
tx 39 r 57.000000 c 19.000000
tx 40 r 58.000000 c 16.000000
tx 41 r 58.000000 c 17.000000
tx 42 r 58.000000 c 18.000000
tx 43 r 58.000000 c 19.000000
tx 44 r 59.000000 c 16.000000
tx 45 r 59.000000 c 17.000000
tx 46 r 59.000000 c 18.000000
tx 47 r 59.000000 c 19.000000
tx 48 r 60.000000 c 16.000000
tx 49 r 60.000000 c 17.000000
tx 50 r 60.000000 c 18.000000
tx 51 r 60.000000 c 19.000000
tx 52 r 61.000000 c 16.000000
tx 53 r 61.000000 c 17.000000
tx 54 r 61.000000 c 18.000000
tx 55 r 61.000000 c 19.000000
tx 56 r 62.000000 c 16.000000
tx 57 r 62.000000 c 17.000000
tx 58 r 62.000000 c 18.000000
tx 59 r 62.000000 c 19.000000
tx 60 r 63.000000 c 16.000000
tx 61 r 63.000000 c 17.000000
tx 62 r 63.000000 c 18.000000
tx 63 r 63.000000 c 19.000000
tx 64 r 24.000000 c 16.000000
tx 65 r 24.000000 c 17.000000
tx 66 r 24.000000 c 18.000000
tx 67 r 24.000000 c 19.000000
tx 68 r 25.000000 c 16.000000
tx 69 r 25.000000 c 17.000000
tx 70 r 25.000000 c 18.000000
tx 71 r 25.000000 c 19.000000
tx 72 r 26.000000 c 16.000000
tx 73 r 26.000000 c 17.000000
tx 74 r 26.000000 c 18.000000
tx 75 r 26.000000 c 19.000000
tx 76 r 27.000000 c 16.000000
tx 77 r 27.000000 c 17.000000
tx 78 r 27.000000 c 18.000000
tx 79 r 27.000000 c 19.000000
tx 80 r 28.000000 c 16.000000
tx 81 r 28.000000 c 17.000000
tx 82 r 28.000000 c 18.000000
tx 83 r 28.000000 c 19.000000
tx 84 r 29.000000 c 16.000000
tx 85 r 29.000000 c 17.000000
tx 86 r 29.000000 c 18.000000
tx 87 r 29.000000 c 19.000000
tx 88 r 30.000000 c 16.000000
tx 89 r 30.000000 c 17.000000
tx 90 r 30.000000 c 18.000000
tx 91 r 30.000000 c 19.000000
tx 92 r 31.000000 c 16.000000
tx 93 r 31.000000 c 17.000000
tx 94 r 31.000000 c 18.000000
tx 95 r 31.000000 c 19.000000
tx 192 r 24.000000 c 16.000000
tx 193 r 24.000000 c 17.000000
tx 194 r 24.000000 c 18.000000
tx 195 r 24.000000 c 19.000000
tx 196 r 25.000000 c 16.000000
tx 197 r 25.000000 c 17.000000
tx 198 r 25.000000 c 18.000000
tx 199 r 25.000000 c 19.000000
tx 200 r 26.000000 c 16.000000
tx 201 r 26.000000 c 17.000000
tx 202 r 26.000000 c 18.000000
tx 203 r 26.000000 c 19.000000
tx 204 r 27.000000 c 16.000000
tx 205 r 27.000000 c 17.000000
tx 206 r 27.000000 c 18.000000
tx 207 r 27.000000 c 19.000000
tx 208 r 28.000000 c 16.000000
tx 209 r 28.000000 c 17.000000
tx 210 r 28.000000 c 18.000000
tx 211 r 28.000000 c 19.000000
tx 212 r 29.000000 c 16.000000
tx 213 r 29.000000 c 17.000000
tx 214 r 29.000000 c 18.000000
tx 215 r 29.000000 c 19.000000
tx 216 r 30.000000 c 16.000000
tx 217 r 30.000000 c 17.000000
tx 218 r 30.000000 c 18.000000
tx 219 r 30.000000 c 19.000000
tx 220 r 31.000000 c 16.000000
tx 221 r 31.000000 c 17.000000
tx 222 r 31.000000 c 18.000000
tx 223 r 31.000000 c 19.000000
tx 128 r 24.000000 c 16.000000
tx 129 r 24.000000 c 17.000000
tx 130 r 24.000000 c 18.000000
tx 131 r 24.000000 c 19.000000
tx 132 r 25.000000 c 16.000000
tx 133 r 25.000000 c 17.000000
tx 134 r 25.000000 c 18.000000
tx 135 r 25.000000 c 19.000000
tx 136 r 26.000000 c 16.000000
tx 137 r 26.000000 c 17.000000
tx 138 r 26.000000 c 18.000000
tx 139 r 26.000000 c 19.000000
tx 140 r 27.000000 c 16.000000
tx 141 r 27.000000 c 17.000000
tx 142 r 27.000000 c 18.000000
tx 143 r 27.000000 c 19.000000
tx 144 r 28.000000 c 16.000000
tx 145 r 28.000000 c 17.000000
tx 146 r 28.000000 c 18.000000
tx 147 r 28.000000 c 19.000000
tx 148 r 29.000000 c 16.000000
tx 149 r 29.000000 c 17.000000
tx 150 r 29.000000 c 18.000000
tx 151 r 29.000000 c 19.000000
tx 152 r 30.000000 c 16.000000
tx 153 r 30.000000 c 17.000000
tx 154 r 30.000000 c 18.000000
tx 155 r 30.000000 c 19.000000
tx 156 r 31.000000 c 16.000000
tx 157 r 31.000000 c 17.000000
tx 158 r 31.000000 c 18.000000
tx 159 r 31.000000 c 19.000000
tx 160 r 56.000000 c 16.000000
tx 161 r 56.000000 c 17.000000
tx 162 r 56.000000 c 18.000000
tx 163 r 56.000000 c 19.000000
tx 164 r 57.000000 c 16.000000
tx 165 r 57.000000 c 17.000000
tx 166 r 57.000000 c 18.000000
tx 167 r 57.000000 c 19.000000
tx 168 r 58.000000 c 16.000000
tx 169 r 58.000000 c 17.000000
tx 170 r 58.000000 c 18.000000
tx 171 r 58.000000 c 19.000000
tx 172 r 59.000000 c 16.000000
tx 173 r 59.000000 c 17.000000
tx 174 r 59.000000 c 18.000000
tx 175 r 59.000000 c 19.000000
tx 176 r 60.000000 c 16.000000
tx 177 r 60.000000 c 17.000000
tx 178 r 60.000000 c 18.000000
tx 179 r 60.000000 c 19.000000
tx 180 r 61.000000 c 16.000000
tx 181 r 61.000000 c 17.000000
tx 182 r 61.000000 c 18.000000
tx 183 r 61.000000 c 19.000000
tx 184 r 62.000000 c 16.000000
tx 185 r 62.000000 c 17.000000
tx 186 r 62.000000 c 18.000000
tx 187 r 62.000000 c 19.000000
tx 188 r 63.000000 c 16.000000
tx 189 r 63.000000 c 17.000000
tx 190 r 63.000000 c 18.000000
tx 191 r 63.000000 c 19.000000
tx 224 r 32.000000 c 16.000000
tx 225 r 32.000000 c 17.000000
tx 226 r 32.000000 c 18.000000
tx 227 r 32.000000 c 19.000000
tx 228 r 33.000000 c 16.000000
tx 229 r 33.000000 c 17.000000
tx 230 r 33.000000 c 18.000000
tx 231 r 33.000000 c 19.000000
tx 232 r 34.000000 c 16.000000
tx 233 r 34.000000 c 17.000000
tx 234 r 34.000000 c 18.000000
tx 235 r 34.000000 c 19.000000
tx 236 r 35.000000 c 16.000000
tx 237 r 35.000000 c 17.000000
tx 238 r 35.000000 c 18.000000
tx 239 r 35.000000 c 19.000000
tx 240 r 36.000000 c 16.000000
tx 241 r 36.000000 c 17.000000
tx 242 r 36.000000 c 18.000000
tx 243 r 36.000000 c 19.000000
tx 244 r 37.000000 c 16.000000
tx 245 r 37.000000 c 17.000000
tx 246 r 37.000000 c 18.000000
tx 247 r 37.000000 c 19.000000
tx 248 r 38.000000 c 16.000000
tx 249 r 38.000000 c 17.000000
tx 250 r 38.000000 c 18.000000
tx 251 r 38.000000 c 19.000000
tx 252 r 39.000000 c 16.000000
tx 253 r 39.000000 c 17.000000
tx 254 r 39.000000 c 18.000000
tx 255 r 39.000000 c 19.000000
tx 0 r 0.000000 c 16.000000
tx 1 r 0.000000 c 17.000000
tx 2 r 0.000000 c 18.000000
tx 3 r 0.000000 c 19.000000
tx 4 r 1.000000 c 16.000000
tx 5 r 1.000000 c 17.000000
tx 6 r 1.000000 c 18.000000
tx 7 r 1.000000 c 19.000000
tx 8 r 2.000000 c 16.000000
tx 9 r 2.000000 c 17.000000
tx 10 r 2.000000 c 18.000000
tx 11 r 2.000000 c 19.000000
tx 12 r 3.000000 c 16.000000
tx 13 r 3.000000 c 17.000000
tx 14 r 3.000000 c 18.000000
tx 15 r 3.000000 c 19.000000
tx 16 r 4.000000 c 16.000000
tx 17 r 4.000000 c 17.000000
tx 18 r 4.000000 c 18.000000
tx 19 r 4.000000 c 19.000000
tx 20 r 5.000000 c 16.000000
tx 21 r 5.000000 c 17.000000
tx 22 r 5.000000 c 18.000000
tx 23 r 5.000000 c 19.000000
tx 24 r 6.000000 c 16.000000
tx 25 r 6.000000 c 17.000000
tx 26 r 6.000000 c 18.000000
tx 27 r 6.000000 c 19.000000
tx 28 r 7.000000 c 16.000000
tx 29 r 7.000000 c 17.000000
tx 30 r 7.000000 c 18.000000
tx 31 r 7.000000 c 19.000000
tx 96 r 32.000000 c 16.000000
tx 97 r 32.000000 c 17.000000
tx 98 r 32.000000 c 18.000000
tx 99 r 32.000000 c 19.000000
tx 100 r 33.000000 c 16.000000
tx 101 r 33.000000 c 17.000000
tx 102 r 33.000000 c 18.000000
tx 103 r 33.000000 c 19.000000
tx 104 r 34.000000 c 16.000000
tx 105 r 34.000000 c 17.000000
tx 106 r 34.000000 c 18.000000
tx 107 r 34.000000 c 19.000000
tx 108 r 35.000000 c 16.000000
tx 109 r 35.000000 c 17.000000
tx 110 r 35.000000 c 18.000000
tx 111 r 35.000000 c 19.000000
tx 112 r 36.000000 c 16.000000
tx 113 r 36.000000 c 17.000000
tx 114 r 36.000000 c 18.000000
tx 115 r 36.000000 c 19.000000
tx 116 r 37.000000 c 16.000000
tx 117 r 37.000000 c 17.000000
tx 118 r 37.000000 c 18.000000
tx 119 r 37.000000 c 19.000000
tx 120 r 38.000000 c 16.000000
tx 121 r 38.000000 c 17.000000
tx 122 r 38.000000 c 18.000000
tx 123 r 38.000000 c 19.000000
tx 124 r 39.000000 c 16.000000
tx 125 r 39.000000 c 17.000000
tx 126 r 39.000000 c 18.000000
tx 127 r 39.000000 c 19.000000
tx 32 r 32.000000 c 16.000000
tx 33 r 32.000000 c 17.000000
tx 34 r 32.000000 c 18.000000
tx 35 r 32.000000 c 19.000000
tx 36 r 33.000000 c 16.000000
tx 37 r 33.000000 c 17.000000
tx 38 r 33.000000 c 18.000000
tx 39 r 33.000000 c 19.000000
tx 40 r 34.000000 c 16.000000
tx 41 r 34.000000 c 17.000000
tx 42 r 34.000000 c 18.000000
tx 43 r 34.000000 c 19.000000
tx 44 r 35.000000 c 16.000000
tx 45 r 35.000000 c 17.000000
tx 46 r 35.000000 c 18.000000
tx 47 r 35.000000 c 19.000000
tx 48 r 36.000000 c 16.000000
tx 49 r 36.000000 c 17.000000
tx 50 r 36.000000 c 18.000000
tx 51 r 36.000000 c 19.000000
tx 52 r 37.000000 c 16.000000
tx 53 r 37.000000 c 17.000000
tx 54 r 37.000000 c 18.000000
tx 55 r 37.000000 c 19.000000
tx 56 r 38.000000 c 16.000000
tx 57 r 38.000000 c 17.000000
tx 58 r 38.000000 c 18.000000
tx 59 r 38.000000 c 19.000000
tx 60 r 39.000000 c 16.000000
tx 61 r 39.000000 c 17.000000
tx 62 r 39.000000 c 18.000000
tx 63 r 39.000000 c 19.000000
tx 64 r 0.000000 c 16.000000
tx 65 r 0.000000 c 17.000000
tx 66 r 0.000000 c 18.000000
tx 67 r 0.000000 c 19.000000
tx 68 r 1.000000 c 16.000000
tx 69 r 1.000000 c 17.000000
tx 70 r 1.000000 c 18.000000
tx 71 r 1.000000 c 19.000000
tx 72 r 2.000000 c 16.000000
tx 73 r 2.000000 c 17.000000
tx 74 r 2.000000 c 18.000000
tx 75 r 2.000000 c 19.000000
tx 76 r 3.000000 c 16.000000
tx 77 r 3.000000 c 17.000000
tx 78 r 3.000000 c 18.000000
tx 79 r 3.000000 c 19.000000
tx 80 r 4.000000 c 16.000000
tx 81 r 4.000000 c 17.000000
tx 82 r 4.000000 c 18.000000
tx 83 r 4.000000 c 19.000000
tx 84 r 5.000000 c 16.000000
tx 85 r 5.000000 c 17.000000
tx 86 r 5.000000 c 18.000000
tx 87 r 5.000000 c 19.000000
tx 88 r 6.000000 c 16.000000
tx 89 r 6.000000 c 17.000000
tx 90 r 6.000000 c 18.000000
tx 91 r 6.000000 c 19.000000
tx 92 r 7.000000 c 16.000000
tx 93 r 7.000000 c 17.000000
tx 94 r 7.000000 c 18.000000
tx 95 r 7.000000 c 19.000000
tx 192 r 0.000000 c 16.000000
tx 193 r 0.000000 c 17.000000
tx 194 r 0.000000 c 18.000000
tx 195 r 0.000000 c 19.000000
tx 196 r 1.000000 c 16.000000
tx 197 r 1.000000 c 17.000000
tx 198 r 1.000000 c 18.000000
tx 199 r 1.000000 c 19.000000
tx 200 r 2.000000 c 16.000000
tx 201 r 2.000000 c 17.000000
tx 202 r 2.000000 c 18.000000
tx 203 r 2.000000 c 19.000000
tx 204 r 3.000000 c 16.000000
tx 205 r 3.000000 c 17.000000
tx 206 r 3.000000 c 18.000000
tx 207 r 3.000000 c 19.000000
tx 208 r 4.000000 c 16.000000
tx 209 r 4.000000 c 17.000000
tx 210 r 4.000000 c 18.000000
tx 211 r 4.000000 c 19.000000
tx 212 r 5.000000 c 16.000000
tx 213 r 5.000000 c 17.000000
tx 214 r 5.000000 c 18.000000
tx 215 r 5.000000 c 19.000000
tx 216 r 6.000000 c 16.000000
tx 217 r 6.000000 c 17.000000
tx 218 r 6.000000 c 18.000000
tx 219 r 6.000000 c 19.000000
tx 220 r 7.000000 c 16.000000
tx 221 r 7.000000 c 17.000000
tx 222 r 7.000000 c 18.000000
tx 223 r 7.000000 c 19.000000
tx 128 r 0.000000 c 16.000000
tx 129 r 0.000000 c 17.000000
tx 130 r 0.000000 c 18.000000
tx 131 r 0.000000 c 19.000000
tx 132 r 1.000000 c 16.000000
tx 133 r 1.000000 c 17.000000
tx 134 r 1.000000 c 18.000000
tx 135 r 1.000000 c 19.000000
tx 136 r 2.000000 c 16.000000
tx 137 r 2.000000 c 17.000000
tx 138 r 2.000000 c 18.000000
tx 139 r 2.000000 c 19.000000
tx 140 r 3.000000 c 16.000000
tx 141 r 3.000000 c 17.000000
tx 142 r 3.000000 c 18.000000
tx 143 r 3.000000 c 19.000000
tx 144 r 4.000000 c 16.000000
tx 145 r 4.000000 c 17.000000
tx 146 r 4.000000 c 18.000000
tx 147 r 4.000000 c 19.000000
tx 148 r 5.000000 c 16.000000
tx 149 r 5.000000 c 17.000000
tx 150 r 5.000000 c 18.000000
tx 151 r 5.000000 c 19.000000
tx 152 r 6.000000 c 16.000000
tx 153 r 6.000000 c 17.000000
tx 154 r 6.000000 c 18.000000
tx 155 r 6.000000 c 19.000000
tx 156 r 7.000000 c 16.000000
tx 157 r 7.000000 c 17.000000
tx 158 r 7.000000 c 18.000000
tx 159 r 7.000000 c 19.000000
tx 160 r 32.000000 c 16.000000
tx 161 r 32.000000 c 17.000000
tx 162 r 32.000000 c 18.000000
tx 163 r 32.000000 c 19.000000
tx 164 r 33.000000 c 16.000000
tx 165 r 33.000000 c 17.000000
tx 166 r 33.000000 c 18.000000
tx 167 r 33.000000 c 19.000000
tx 168 r 34.000000 c 16.000000
tx 169 r 34.000000 c 17.000000
tx 170 r 34.000000 c 18.000000
tx 171 r 34.000000 c 19.000000
tx 172 r 35.000000 c 16.000000
tx 173 r 35.000000 c 17.000000
tx 174 r 35.000000 c 18.000000
tx 175 r 35.000000 c 19.000000
tx 176 r 36.000000 c 16.000000
tx 177 r 36.000000 c 17.000000
tx 178 r 36.000000 c 18.000000
tx 179 r 36.000000 c 19.000000
tx 180 r 37.000000 c 16.000000
tx 181 r 37.000000 c 17.000000
tx 182 r 37.000000 c 18.000000
tx 183 r 37.000000 c 19.000000
tx 184 r 38.000000 c 16.000000
tx 185 r 38.000000 c 17.000000
tx 186 r 38.000000 c 18.000000
tx 187 r 38.000000 c 19.000000
tx 188 r 39.000000 c 16.000000
tx 189 r 39.000000 c 17.000000
tx 190 r 39.000000 c 18.000000
tx 191 r 39.000000 c 19.000000
tx 224 r 40.000000 c 16.000000
tx 225 r 40.000000 c 17.000000
tx 226 r 40.000000 c 18.000000
tx 227 r 40.000000 c 19.000000
tx 228 r 41.000000 c 16.000000
tx 229 r 41.000000 c 17.000000
tx 230 r 41.000000 c 18.000000
tx 231 r 41.000000 c 19.000000
tx 232 r 42.000000 c 16.000000
tx 233 r 42.000000 c 17.000000
tx 234 r 42.000000 c 18.000000
tx 235 r 42.000000 c 19.000000
tx 236 r 43.000000 c 16.000000
tx 237 r 43.000000 c 17.000000
tx 238 r 43.000000 c 18.000000
tx 239 r 43.000000 c 19.000000
tx 240 r 44.000000 c 16.000000
tx 241 r 44.000000 c 17.000000
tx 242 r 44.000000 c 18.000000
tx 243 r 44.000000 c 19.000000
tx 244 r 45.000000 c 16.000000
tx 245 r 45.000000 c 17.000000
tx 246 r 45.000000 c 18.000000
tx 247 r 45.000000 c 19.000000
tx 248 r 46.000000 c 16.000000
tx 249 r 46.000000 c 17.000000
tx 250 r 46.000000 c 18.000000
tx 251 r 46.000000 c 19.000000
tx 252 r 47.000000 c 16.000000
tx 253 r 47.000000 c 17.000000
tx 254 r 47.000000 c 18.000000
tx 255 r 47.000000 c 19.000000
tx 0 r 8.000000 c 16.000000
tx 1 r 8.000000 c 17.000000
tx 2 r 8.000000 c 18.000000
tx 3 r 8.000000 c 19.000000
tx 4 r 9.000000 c 16.000000
tx 5 r 9.000000 c 17.000000
tx 6 r 9.000000 c 18.000000
tx 7 r 9.000000 c 19.000000
tx 8 r 10.000000 c 16.000000
tx 9 r 10.000000 c 17.000000
tx 10 r 10.000000 c 18.000000
tx 11 r 10.000000 c 19.000000
tx 12 r 11.000000 c 16.000000
tx 13 r 11.000000 c 17.000000
tx 14 r 11.000000 c 18.000000
tx 15 r 11.000000 c 19.000000
tx 16 r 12.000000 c 16.000000
tx 17 r 12.000000 c 17.000000
tx 18 r 12.000000 c 18.000000
tx 19 r 12.000000 c 19.000000
tx 20 r 13.000000 c 16.000000
tx 21 r 13.000000 c 17.000000
tx 22 r 13.000000 c 18.000000
tx 23 r 13.000000 c 19.000000
tx 24 r 14.000000 c 16.000000
tx 25 r 14.000000 c 17.000000
tx 26 r 14.000000 c 18.000000
tx 27 r 14.000000 c 19.000000
tx 28 r 15.000000 c 16.000000
tx 29 r 15.000000 c 17.000000
tx 30 r 15.000000 c 18.000000
tx 31 r 15.000000 c 19.000000
tx 96 r 40.000000 c 16.000000
tx 97 r 40.000000 c 17.000000
tx 98 r 40.000000 c 18.000000
tx 99 r 40.000000 c 19.000000
tx 100 r 41.000000 c 16.000000
tx 101 r 41.000000 c 17.000000
tx 102 r 41.000000 c 18.000000
tx 103 r 41.000000 c 19.000000
tx 104 r 42.000000 c 16.000000
tx 105 r 42.000000 c 17.000000
tx 106 r 42.000000 c 18.000000
tx 107 r 42.000000 c 19.000000
tx 108 r 43.000000 c 16.000000
tx 109 r 43.000000 c 17.000000
tx 110 r 43.000000 c 18.000000
tx 111 r 43.000000 c 19.000000
tx 112 r 44.000000 c 16.000000
tx 113 r 44.000000 c 17.000000
tx 114 r 44.000000 c 18.000000
tx 115 r 44.000000 c 19.000000
tx 116 r 45.000000 c 16.000000
tx 117 r 45.000000 c 17.000000
tx 118 r 45.000000 c 18.000000
tx 119 r 45.000000 c 19.000000
tx 120 r 46.000000 c 16.000000
tx 121 r 46.000000 c 17.000000
tx 122 r 46.000000 c 18.000000
tx 123 r 46.000000 c 19.000000
tx 124 r 47.000000 c 16.000000
tx 125 r 47.000000 c 17.000000
tx 126 r 47.000000 c 18.000000
tx 127 r 47.000000 c 19.000000
tx 32 r 40.000000 c 16.000000
tx 33 r 40.000000 c 17.000000
tx 34 r 40.000000 c 18.000000
tx 35 r 40.000000 c 19.000000
tx 36 r 41.000000 c 16.000000
tx 37 r 41.000000 c 17.000000
tx 38 r 41.000000 c 18.000000
tx 39 r 41.000000 c 19.000000
tx 40 r 42.000000 c 16.000000
tx 41 r 42.000000 c 17.000000
tx 42 r 42.000000 c 18.000000
tx 43 r 42.000000 c 19.000000
tx 44 r 43.000000 c 16.000000
tx 45 r 43.000000 c 17.000000
tx 46 r 43.000000 c 18.000000
tx 47 r 43.000000 c 19.000000
tx 48 r 44.000000 c 16.000000
tx 49 r 44.000000 c 17.000000
tx 50 r 44.000000 c 18.000000
tx 51 r 44.000000 c 19.000000
tx 52 r 45.000000 c 16.000000
tx 53 r 45.000000 c 17.000000
tx 54 r 45.000000 c 18.000000
tx 55 r 45.000000 c 19.000000
tx 56 r 46.000000 c 16.000000
tx 57 r 46.000000 c 17.000000
tx 58 r 46.000000 c 18.000000
tx 59 r 46.000000 c 19.000000
tx 60 r 47.000000 c 16.000000
tx 61 r 47.000000 c 17.000000
tx 62 r 47.000000 c 18.000000
tx 63 r 47.000000 c 19.000000
tx 64 r 8.000000 c 16.000000
tx 65 r 8.000000 c 17.000000
tx 66 r 8.000000 c 18.000000
tx 67 r 8.000000 c 19.000000
tx 68 r 9.000000 c 16.000000
tx 69 r 9.000000 c 17.000000
tx 70 r 9.000000 c 18.000000
tx 71 r 9.000000 c 19.000000
tx 72 r 10.000000 c 16.000000
tx 73 r 10.000000 c 17.000000
tx 74 r 10.000000 c 18.000000
tx 75 r 10.000000 c 19.000000
tx 76 r 11.000000 c 16.000000
tx 77 r 11.000000 c 17.000000
tx 78 r 11.000000 c 18.000000
tx 79 r 11.000000 c 19.000000
tx 80 r 12.000000 c 16.000000
tx 81 r 12.000000 c 17.000000
tx 82 r 12.000000 c 18.000000
tx 83 r 12.000000 c 19.000000
tx 84 r 13.000000 c 16.000000
tx 85 r 13.000000 c 17.000000
tx 86 r 13.000000 c 18.000000
tx 87 r 13.000000 c 19.000000
tx 88 r 14.000000 c 16.000000
tx 89 r 14.000000 c 17.000000
tx 90 r 14.000000 c 18.000000
tx 91 r 14.000000 c 19.000000
tx 92 r 15.000000 c 16.000000
tx 93 r 15.000000 c 17.000000
tx 94 r 15.000000 c 18.000000
tx 95 r 15.000000 c 19.000000
tx 192 r 8.000000 c 16.000000
tx 193 r 8.000000 c 17.000000
tx 194 r 8.000000 c 18.000000
tx 195 r 8.000000 c 19.000000
tx 196 r 9.000000 c 16.000000
tx 197 r 9.000000 c 17.000000
tx 198 r 9.000000 c 18.000000
tx 199 r 9.000000 c 19.000000
tx 200 r 10.000000 c 16.000000
tx 201 r 10.000000 c 17.000000
tx 202 r 10.000000 c 18.000000
tx 203 r 10.000000 c 19.000000
tx 204 r 11.000000 c 16.000000
tx 205 r 11.000000 c 17.000000
tx 206 r 11.000000 c 18.000000
tx 207 r 11.000000 c 19.000000
tx 208 r 12.000000 c 16.000000
tx 209 r 12.000000 c 17.000000
tx 210 r 12.000000 c 18.000000
tx 211 r 12.000000 c 19.000000
tx 212 r 13.000000 c 16.000000
tx 213 r 13.000000 c 17.000000
tx 214 r 13.000000 c 18.000000
tx 215 r 13.000000 c 19.000000
tx 216 r 14.000000 c 16.000000
tx 217 r 14.000000 c 17.000000
tx 218 r 14.000000 c 18.000000
tx 219 r 14.000000 c 19.000000
tx 220 r 15.000000 c 16.000000
tx 221 r 15.000000 c 17.000000
tx 222 r 15.000000 c 18.000000
tx 223 r 15.000000 c 19.000000
tx 128 r 8.000000 c 16.000000
tx 129 r 8.000000 c 17.000000
tx 130 r 8.000000 c 18.000000
tx 131 r 8.000000 c 19.000000
tx 132 r 9.000000 c 16.000000
tx 133 r 9.000000 c 17.000000
tx 134 r 9.000000 c 18.000000
tx 135 r 9.000000 c 19.000000
tx 136 r 10.000000 c 16.000000
tx 137 r 10.000000 c 17.000000
tx 138 r 10.000000 c 18.000000
tx 139 r 10.000000 c 19.000000
tx 140 r 11.000000 c 16.000000
tx 141 r 11.000000 c 17.000000
tx 142 r 11.000000 c 18.000000
tx 143 r 11.000000 c 19.000000
tx 144 r 12.000000 c 16.000000
tx 145 r 12.000000 c 17.000000
tx 146 r 12.000000 c 18.000000
tx 147 r 12.000000 c 19.000000
tx 148 r 13.000000 c 16.000000
tx 149 r 13.000000 c 17.000000
tx 150 r 13.000000 c 18.000000
tx 151 r 13.000000 c 19.000000
tx 152 r 14.000000 c 16.000000
tx 153 r 14.000000 c 17.000000
tx 154 r 14.000000 c 18.000000
tx 155 r 14.000000 c 19.000000
tx 156 r 15.000000 c 16.000000
tx 157 r 15.000000 c 17.000000
tx 158 r 15.000000 c 18.000000
tx 159 r 15.000000 c 19.000000
tx 160 r 40.000000 c 16.000000
tx 161 r 40.000000 c 17.000000
tx 162 r 40.000000 c 18.000000
tx 163 r 40.000000 c 19.000000
tx 164 r 41.000000 c 16.000000
tx 165 r 41.000000 c 17.000000
tx 166 r 41.000000 c 18.000000
tx 167 r 41.000000 c 19.000000
tx 168 r 42.000000 c 16.000000
tx 169 r 42.000000 c 17.000000
tx 170 r 42.000000 c 18.000000
tx 171 r 42.000000 c 19.000000
tx 172 r 43.000000 c 16.000000
tx 173 r 43.000000 c 17.000000
tx 174 r 43.000000 c 18.000000
tx 175 r 43.000000 c 19.000000
tx 176 r 44.000000 c 16.000000
tx 177 r 44.000000 c 17.000000
tx 178 r 44.000000 c 18.000000
tx 179 r 44.000000 c 19.000000
tx 180 r 45.000000 c 16.000000
tx 181 r 45.000000 c 17.000000
tx 182 r 45.000000 c 18.000000
tx 183 r 45.000000 c 19.000000
tx 184 r 46.000000 c 16.000000
tx 185 r 46.000000 c 17.000000
tx 186 r 46.000000 c 18.000000
tx 187 r 46.000000 c 19.000000
tx 188 r 47.000000 c 16.000000
tx 189 r 47.000000 c 17.000000
tx 190 r 47.000000 c 18.000000
tx 191 r 47.000000 c 19.000000
tx 224 r 48.000000 c 16.000000
tx 225 r 48.000000 c 17.000000
tx 226 r 48.000000 c 18.000000
tx 227 r 48.000000 c 19.000000
tx 228 r 49.000000 c 16.000000
tx 229 r 49.000000 c 17.000000
tx 230 r 49.000000 c 18.000000
tx 231 r 49.000000 c 19.000000
tx 232 r 50.000000 c 16.000000
tx 233 r 50.000000 c 17.000000
tx 234 r 50.000000 c 18.000000
tx 235 r 50.000000 c 19.000000
tx 236 r 51.000000 c 16.000000
tx 237 r 51.000000 c 17.000000
tx 238 r 51.000000 c 18.000000
tx 239 r 51.000000 c 19.000000
tx 240 r 52.000000 c 16.000000
tx 241 r 52.000000 c 17.000000
tx 242 r 52.000000 c 18.000000
tx 243 r 52.000000 c 19.000000
tx 244 r 53.000000 c 16.000000
tx 245 r 53.000000 c 17.000000
tx 246 r 53.000000 c 18.000000
tx 247 r 53.000000 c 19.000000
tx 248 r 54.000000 c 16.000000
tx 249 r 54.000000 c 17.000000
tx 250 r 54.000000 c 18.000000
tx 251 r 54.000000 c 19.000000
tx 252 r 55.000000 c 16.000000
tx 253 r 55.000000 c 17.000000
tx 254 r 55.000000 c 18.000000
tx 255 r 55.000000 c 19.000000
tx 96 r 48.000000 c 16.000000
tx 97 r 48.000000 c 17.000000
tx 98 r 48.000000 c 18.000000
tx 99 r 48.000000 c 19.000000
tx 100 r 49.000000 c 16.000000
tx 101 r 49.000000 c 17.000000
tx 102 r 49.000000 c 18.000000
tx 103 r 49.000000 c 19.000000
tx 104 r 50.000000 c 16.000000
tx 105 r 50.000000 c 17.000000
tx 106 r 50.000000 c 18.000000
tx 107 r 50.000000 c 19.000000
tx 108 r 51.000000 c 16.000000
tx 109 r 51.000000 c 17.000000
tx 110 r 51.000000 c 18.000000
tx 111 r 51.000000 c 19.000000
tx 112 r 52.000000 c 16.000000
tx 113 r 52.000000 c 17.000000
tx 114 r 52.000000 c 18.000000
tx 115 r 52.000000 c 19.000000
tx 116 r 53.000000 c 16.000000
tx 117 r 53.000000 c 17.000000
tx 118 r 53.000000 c 18.000000
tx 119 r 53.000000 c 19.000000
tx 120 r 54.000000 c 16.000000
tx 121 r 54.000000 c 17.000000
tx 122 r 54.000000 c 18.000000
tx 123 r 54.000000 c 19.000000
tx 124 r 55.000000 c 16.000000
tx 125 r 55.000000 c 17.000000
tx 126 r 55.000000 c 18.000000
tx 127 r 55.000000 c 19.000000
tx 64 r 16.000000 c 16.000000
tx 65 r 16.000000 c 17.000000
tx 66 r 16.000000 c 18.000000
tx 67 r 16.000000 c 19.000000
tx 68 r 17.000000 c 16.000000
tx 69 r 17.000000 c 17.000000
tx 70 r 17.000000 c 18.000000
tx 71 r 17.000000 c 19.000000
tx 72 r 18.000000 c 16.000000
tx 73 r 18.000000 c 17.000000
tx 74 r 18.000000 c 18.000000
tx 75 r 18.000000 c 19.000000
tx 76 r 19.000000 c 16.000000
tx 77 r 19.000000 c 17.000000
tx 78 r 19.000000 c 18.000000
tx 79 r 19.000000 c 19.000000
tx 80 r 20.000000 c 16.000000
tx 81 r 20.000000 c 17.000000
tx 82 r 20.000000 c 18.000000
tx 83 r 20.000000 c 19.000000
tx 84 r 21.000000 c 16.000000
tx 85 r 21.000000 c 17.000000
tx 86 r 21.000000 c 18.000000
tx 87 r 21.000000 c 19.000000
tx 88 r 22.000000 c 16.000000
tx 89 r 22.000000 c 17.000000
tx 90 r 22.000000 c 18.000000
tx 91 r 22.000000 c 19.000000
tx 92 r 23.000000 c 16.000000
tx 93 r 23.000000 c 17.000000
tx 94 r 23.000000 c 18.000000
tx 95 r 23.000000 c 19.000000
tx 160 r 48.000000 c 16.000000
tx 161 r 48.000000 c 17.000000
tx 162 r 48.000000 c 18.000000
tx 163 r 48.000000 c 19.000000
tx 164 r 49.000000 c 16.000000
tx 165 r 49.000000 c 17.000000
tx 166 r 49.000000 c 18.000000
tx 167 r 49.000000 c 19.000000
tx 168 r 50.000000 c 16.000000
tx 169 r 50.000000 c 17.000000
tx 170 r 50.000000 c 18.000000
tx 171 r 50.000000 c 19.000000
tx 172 r 51.000000 c 16.000000
tx 173 r 51.000000 c 17.000000
tx 174 r 51.000000 c 18.000000
tx 175 r 51.000000 c 19.000000
tx 176 r 52.000000 c 16.000000
tx 177 r 52.000000 c 17.000000
tx 178 r 52.000000 c 18.000000
tx 179 r 52.000000 c 19.000000
tx 180 r 53.000000 c 16.000000
tx 181 r 53.000000 c 17.000000
tx 182 r 53.000000 c 18.000000
tx 183 r 53.000000 c 19.000000
tx 184 r 54.000000 c 16.000000
tx 185 r 54.000000 c 17.000000
tx 186 r 54.000000 c 18.000000
tx 187 r 54.000000 c 19.000000
tx 188 r 55.000000 c 16.000000
tx 189 r 55.000000 c 17.000000
tx 190 r 55.000000 c 18.000000
tx 191 r 55.000000 c 19.000000
tx 0 r 16.000000 c 16.000000
tx 1 r 16.000000 c 17.000000
tx 2 r 16.000000 c 18.000000
tx 3 r 16.000000 c 19.000000
tx 4 r 17.000000 c 16.000000
tx 5 r 17.000000 c 17.000000
tx 6 r 17.000000 c 18.000000
tx 7 r 17.000000 c 19.000000
tx 8 r 18.000000 c 16.000000
tx 9 r 18.000000 c 17.000000
tx 10 r 18.000000 c 18.000000
tx 11 r 18.000000 c 19.000000
tx 12 r 19.000000 c 16.000000
tx 13 r 19.000000 c 17.000000
tx 14 r 19.000000 c 18.000000
tx 15 r 19.000000 c 19.000000
tx 16 r 20.000000 c 16.000000
tx 17 r 20.000000 c 17.000000
tx 18 r 20.000000 c 18.000000
tx 19 r 20.000000 c 19.000000
tx 20 r 21.000000 c 16.000000
tx 21 r 21.000000 c 17.000000
tx 22 r 21.000000 c 18.000000
tx 23 r 21.000000 c 19.000000
tx 24 r 22.000000 c 16.000000
tx 25 r 22.000000 c 17.000000
tx 26 r 22.000000 c 18.000000
tx 27 r 22.000000 c 19.000000
tx 28 r 23.000000 c 16.000000
tx 29 r 23.000000 c 17.000000
tx 30 r 23.000000 c 18.000000
tx 31 r 23.000000 c 19.000000
tx 32 r 48.000000 c 16.000000
tx 33 r 48.000000 c 17.000000
tx 34 r 48.000000 c 18.000000
tx 35 r 48.000000 c 19.000000
tx 36 r 49.000000 c 16.000000
tx 37 r 49.000000 c 17.000000
tx 38 r 49.000000 c 18.000000
tx 39 r 49.000000 c 19.000000
tx 40 r 50.000000 c 16.000000
tx 41 r 50.000000 c 17.000000
tx 42 r 50.000000 c 18.000000
tx 43 r 50.000000 c 19.000000
tx 44 r 51.000000 c 16.000000
tx 45 r 51.000000 c 17.000000
tx 46 r 51.000000 c 18.000000
tx 47 r 51.000000 c 19.000000
tx 48 r 52.000000 c 16.000000
tx 49 r 52.000000 c 17.000000
tx 50 r 52.000000 c 18.000000
tx 51 r 52.000000 c 19.000000
tx 52 r 53.000000 c 16.000000
tx 53 r 53.000000 c 17.000000
tx 54 r 53.000000 c 18.000000
tx 55 r 53.000000 c 19.000000
tx 56 r 54.000000 c 16.000000
tx 57 r 54.000000 c 17.000000
tx 58 r 54.000000 c 18.000000
tx 59 r 54.000000 c 19.000000
tx 60 r 55.000000 c 16.000000
tx 61 r 55.000000 c 17.000000
tx 62 r 55.000000 c 18.000000
tx 63 r 55.000000 c 19.000000
tx 128 r 16.000000 c 16.000000
tx 129 r 16.000000 c 17.000000
tx 130 r 16.000000 c 18.000000
tx 131 r 16.000000 c 19.000000
tx 132 r 17.000000 c 16.000000
tx 133 r 17.000000 c 17.000000
tx 134 r 17.000000 c 18.000000
tx 135 r 17.000000 c 19.000000
tx 136 r 18.000000 c 16.000000
tx 137 r 18.000000 c 17.000000
tx 138 r 18.000000 c 18.000000
tx 139 r 18.000000 c 19.000000
tx 140 r 19.000000 c 16.000000
tx 141 r 19.000000 c 17.000000
tx 142 r 19.000000 c 18.000000
tx 143 r 19.000000 c 19.000000
tx 144 r 20.000000 c 16.000000
tx 145 r 20.000000 c 17.000000
tx 146 r 20.000000 c 18.000000
tx 147 r 20.000000 c 19.000000
tx 148 r 21.000000 c 16.000000
tx 149 r 21.000000 c 17.000000
tx 150 r 21.000000 c 18.000000
tx 151 r 21.000000 c 19.000000
tx 152 r 22.000000 c 16.000000
tx 153 r 22.000000 c 17.000000
tx 154 r 22.000000 c 18.000000
tx 155 r 22.000000 c 19.000000
tx 156 r 23.000000 c 16.000000
tx 157 r 23.000000 c 17.000000
tx 158 r 23.000000 c 18.000000
tx 159 r 23.000000 c 19.000000
tx 192 r 16.000000 c 16.000000
tx 193 r 16.000000 c 17.000000
tx 194 r 16.000000 c 18.000000
tx 195 r 16.000000 c 19.000000
tx 196 r 17.000000 c 16.000000
tx 197 r 17.000000 c 17.000000
tx 198 r 17.000000 c 18.000000
tx 199 r 17.000000 c 19.000000
tx 200 r 18.000000 c 16.000000
tx 201 r 18.000000 c 17.000000
tx 202 r 18.000000 c 18.000000
tx 203 r 18.000000 c 19.000000
tx 204 r 19.000000 c 16.000000
tx 205 r 19.000000 c 17.000000
tx 206 r 19.000000 c 18.000000
tx 207 r 19.000000 c 19.000000
tx 208 r 20.000000 c 16.000000
tx 209 r 20.000000 c 17.000000
tx 210 r 20.000000 c 18.000000
tx 211 r 20.000000 c 19.000000
tx 212 r 21.000000 c 16.000000
tx 213 r 21.000000 c 17.000000
tx 214 r 21.000000 c 18.000000
tx 215 r 21.000000 c 19.000000
tx 216 r 22.000000 c 16.000000
tx 217 r 22.000000 c 17.000000
tx 218 r 22.000000 c 18.000000
tx 219 r 22.000000 c 19.000000
tx 220 r 23.000000 c 16.000000
tx 221 r 23.000000 c 17.000000
tx 222 r 23.000000 c 18.000000
tx 223 r 23.000000 c 19.000000
tx 224 r 56.000000 c 16.000000
tx 225 r 56.000000 c 17.000000
tx 226 r 56.000000 c 18.000000
tx 227 r 56.000000 c 19.000000
tx 228 r 57.000000 c 16.000000
tx 229 r 57.000000 c 17.000000
tx 230 r 57.000000 c 18.000000
tx 231 r 57.000000 c 19.000000
tx 232 r 58.000000 c 16.000000
tx 233 r 58.000000 c 17.000000
tx 234 r 58.000000 c 18.000000
tx 235 r 58.000000 c 19.000000
tx 236 r 59.000000 c 16.000000
tx 237 r 59.000000 c 17.000000
tx 238 r 59.000000 c 18.000000
tx 239 r 59.000000 c 19.000000
tx 240 r 60.000000 c 16.000000
tx 241 r 60.000000 c 17.000000
tx 242 r 60.000000 c 18.000000
tx 243 r 60.000000 c 19.000000
tx 244 r 61.000000 c 16.000000
tx 245 r 61.000000 c 17.000000
tx 246 r 61.000000 c 18.000000
tx 247 r 61.000000 c 19.000000
tx 248 r 62.000000 c 16.000000
tx 249 r 62.000000 c 17.000000
tx 250 r 62.000000 c 18.000000
tx 251 r 62.000000 c 19.000000
tx 252 r 63.000000 c 16.000000
tx 253 r 63.000000 c 17.000000
tx 254 r 63.000000 c 18.000000
tx 255 r 63.000000 c 19.000000
tx 64 r 24.000000 c 16.000000
tx 65 r 24.000000 c 17.000000
tx 66 r 24.000000 c 18.000000
tx 67 r 24.000000 c 19.000000
tx 68 r 25.000000 c 16.000000
tx 69 r 25.000000 c 17.000000
tx 70 r 25.000000 c 18.000000
tx 71 r 25.000000 c 19.000000
tx 72 r 26.000000 c 16.000000
tx 73 r 26.000000 c 17.000000
tx 74 r 26.000000 c 18.000000
tx 75 r 26.000000 c 19.000000
tx 76 r 27.000000 c 16.000000
tx 77 r 27.000000 c 17.000000
tx 78 r 27.000000 c 18.000000
tx 79 r 27.000000 c 19.000000
tx 80 r 28.000000 c 16.000000
tx 81 r 28.000000 c 17.000000
tx 82 r 28.000000 c 18.000000
tx 83 r 28.000000 c 19.000000
tx 84 r 29.000000 c 16.000000
tx 85 r 29.000000 c 17.000000
tx 86 r 29.000000 c 18.000000
tx 87 r 29.000000 c 19.000000
tx 88 r 30.000000 c 16.000000
tx 89 r 30.000000 c 17.000000
tx 90 r 30.000000 c 18.000000
tx 91 r 30.000000 c 19.000000
tx 92 r 31.000000 c 16.000000
tx 93 r 31.000000 c 17.000000
tx 94 r 31.000000 c 18.000000
tx 95 r 31.000000 c 19.000000
tx 96 r 56.000000 c 16.000000
tx 97 r 56.000000 c 17.000000
tx 98 r 56.000000 c 18.000000
tx 99 r 56.000000 c 19.000000
tx 100 r 57.000000 c 16.000000
tx 101 r 57.000000 c 17.000000
tx 102 r 57.000000 c 18.000000
tx 103 r 57.000000 c 19.000000
tx 104 r 58.000000 c 16.000000
tx 105 r 58.000000 c 17.000000
tx 106 r 58.000000 c 18.000000
tx 107 r 58.000000 c 19.000000
tx 108 r 59.000000 c 16.000000
tx 109 r 59.000000 c 17.000000
tx 110 r 59.000000 c 18.000000
tx 111 r 59.000000 c 19.000000
tx 112 r 60.000000 c 16.000000
tx 113 r 60.000000 c 17.000000
tx 114 r 60.000000 c 18.000000
tx 115 r 60.000000 c 19.000000
tx 116 r 61.000000 c 16.000000
tx 117 r 61.000000 c 17.000000
tx 118 r 61.000000 c 18.000000
tx 119 r 61.000000 c 19.000000
tx 120 r 62.000000 c 16.000000
tx 121 r 62.000000 c 17.000000
tx 122 r 62.000000 c 18.000000
tx 123 r 62.000000 c 19.000000
tx 124 r 63.000000 c 16.000000
tx 125 r 63.000000 c 17.000000
tx 126 r 63.000000 c 18.000000
tx 127 r 63.000000 c 19.000000
tx 160 r 56.000000 c 16.000000
tx 161 r 56.000000 c 17.000000
tx 162 r 56.000000 c 18.000000
tx 163 r 56.000000 c 19.000000
tx 164 r 57.000000 c 16.000000
tx 165 r 57.000000 c 17.000000
tx 166 r 57.000000 c 18.000000
tx 167 r 57.000000 c 19.000000
tx 168 r 58.000000 c 16.000000
tx 169 r 58.000000 c 17.000000
tx 170 r 58.000000 c 18.000000
tx 171 r 58.000000 c 19.000000
tx 172 r 59.000000 c 16.000000
tx 173 r 59.000000 c 17.000000
tx 174 r 59.000000 c 18.000000
tx 175 r 59.000000 c 19.000000
tx 176 r 60.000000 c 16.000000
tx 177 r 60.000000 c 17.000000
tx 178 r 60.000000 c 18.000000
tx 179 r 60.000000 c 19.000000
tx 180 r 61.000000 c 16.000000
tx 181 r 61.000000 c 17.000000
tx 182 r 61.000000 c 18.000000
tx 183 r 61.000000 c 19.000000
tx 184 r 62.000000 c 16.000000
tx 185 r 62.000000 c 17.000000
tx 186 r 62.000000 c 18.000000
tx 187 r 62.000000 c 19.000000
tx 188 r 63.000000 c 16.000000
tx 189 r 63.000000 c 17.000000
tx 190 r 63.000000 c 18.000000
tx 191 r 63.000000 c 19.000000
tx 0 r 24.000000 c 16.000000
tx 1 r 24.000000 c 17.000000
tx 2 r 24.000000 c 18.000000
tx 3 r 24.000000 c 19.000000
tx 4 r 25.000000 c 16.000000
tx 5 r 25.000000 c 17.000000
tx 6 r 25.000000 c 18.000000
tx 7 r 25.000000 c 19.000000
tx 8 r 26.000000 c 16.000000
tx 9 r 26.000000 c 17.000000
tx 10 r 26.000000 c 18.000000
tx 11 r 26.000000 c 19.000000
tx 12 r 27.000000 c 16.000000
tx 13 r 27.000000 c 17.000000
tx 14 r 27.000000 c 18.000000
tx 15 r 27.000000 c 19.000000
tx 16 r 28.000000 c 16.000000
tx 17 r 28.000000 c 17.000000
tx 18 r 28.000000 c 18.000000
tx 19 r 28.000000 c 19.000000
tx 20 r 29.000000 c 16.000000
tx 21 r 29.000000 c 17.000000
tx 22 r 29.000000 c 18.000000
tx 23 r 29.000000 c 19.000000
tx 24 r 30.000000 c 16.000000
tx 25 r 30.000000 c 17.000000
tx 26 r 30.000000 c 18.000000
tx 27 r 30.000000 c 19.000000
tx 28 r 31.000000 c 16.000000
tx 29 r 31.000000 c 17.000000
tx 30 r 31.000000 c 18.000000
tx 31 r 31.000000 c 19.000000
tx 32 r 56.000000 c 16.000000
tx 33 r 56.000000 c 17.000000
tx 34 r 56.000000 c 18.000000
tx 35 r 56.000000 c 19.000000
tx 36 r 57.000000 c 16.000000
tx 37 r 57.000000 c 17.000000
tx 38 r 57.000000 c 18.000000
tx 39 r 57.000000 c 19.000000
tx 40 r 58.000000 c 16.000000
tx 41 r 58.000000 c 17.000000
tx 42 r 58.000000 c 18.000000
tx 43 r 58.000000 c 19.000000
tx 44 r 59.000000 c 16.000000
tx 45 r 59.000000 c 17.000000
tx 46 r 59.000000 c 18.000000
tx 47 r 59.000000 c 19.000000
tx 48 r 60.000000 c 16.000000
tx 49 r 60.000000 c 17.000000
tx 50 r 60.000000 c 18.000000
tx 51 r 60.000000 c 19.000000
tx 52 r 61.000000 c 16.000000
tx 53 r 61.000000 c 17.000000
tx 54 r 61.000000 c 18.000000
tx 55 r 61.000000 c 19.000000
tx 56 r 62.000000 c 16.000000
tx 57 r 62.000000 c 17.000000
tx 58 r 62.000000 c 18.000000
tx 59 r 62.000000 c 19.000000
tx 60 r 63.000000 c 16.000000
tx 61 r 63.000000 c 17.000000
tx 62 r 63.000000 c 18.000000
tx 63 r 63.000000 c 19.000000
tx 128 r 24.000000 c 16.000000
tx 129 r 24.000000 c 17.000000
tx 130 r 24.000000 c 18.000000
tx 131 r 24.000000 c 19.000000
tx 132 r 25.000000 c 16.000000
tx 133 r 25.000000 c 17.000000
tx 134 r 25.000000 c 18.000000
tx 135 r 25.000000 c 19.000000
tx 136 r 26.000000 c 16.000000
tx 137 r 26.000000 c 17.000000
tx 138 r 26.000000 c 18.000000
tx 139 r 26.000000 c 19.000000
tx 140 r 27.000000 c 16.000000
tx 141 r 27.000000 c 17.000000
tx 142 r 27.000000 c 18.000000
tx 143 r 27.000000 c 19.000000
tx 144 r 28.000000 c 16.000000
tx 145 r 28.000000 c 17.000000
tx 146 r 28.000000 c 18.000000
tx 147 r 28.000000 c 19.000000
tx 148 r 29.000000 c 16.000000
tx 149 r 29.000000 c 17.000000
tx 150 r 29.000000 c 18.000000
tx 151 r 29.000000 c 19.000000
tx 152 r 30.000000 c 16.000000
tx 153 r 30.000000 c 17.000000
tx 154 r 30.000000 c 18.000000
tx 155 r 30.000000 c 19.000000
tx 156 r 31.000000 c 16.000000
tx 157 r 31.000000 c 17.000000
tx 158 r 31.000000 c 18.000000
tx 159 r 31.000000 c 19.000000
tx 192 r 24.000000 c 16.000000
tx 193 r 24.000000 c 17.000000
tx 194 r 24.000000 c 18.000000
tx 195 r 24.000000 c 19.000000
tx 196 r 25.000000 c 16.000000
tx 197 r 25.000000 c 17.000000
tx 198 r 25.000000 c 18.000000
tx 199 r 25.000000 c 19.000000
tx 200 r 26.000000 c 16.000000
tx 201 r 26.000000 c 17.000000
tx 202 r 26.000000 c 18.000000
tx 203 r 26.000000 c 19.000000
tx 204 r 27.000000 c 16.000000
tx 205 r 27.000000 c 17.000000
tx 206 r 27.000000 c 18.000000
tx 207 r 27.000000 c 19.000000
tx 208 r 28.000000 c 16.000000
tx 209 r 28.000000 c 17.000000
tx 210 r 28.000000 c 18.000000
tx 211 r 28.000000 c 19.000000
tx 212 r 29.000000 c 16.000000
tx 213 r 29.000000 c 17.000000
tx 214 r 29.000000 c 18.000000
tx 215 r 29.000000 c 19.000000
tx 216 r 30.000000 c 16.000000
tx 217 r 30.000000 c 17.000000
tx 218 r 30.000000 c 18.000000
tx 219 r 30.000000 c 19.000000
tx 220 r 31.000000 c 16.000000
tx 221 r 31.000000 c 17.000000
tx 222 r 31.000000 c 18.000000
tx 223 r 31.000000 c 19.000000
tx 192 r 0.000000 c 20.000000
tx 193 r 0.000000 c 21.000000
tx 194 r 0.000000 c 22.000000
tx 195 r 0.000000 c 23.000000
tx 196 r 1.000000 c 20.000000
tx 197 r 1.000000 c 21.000000
tx 198 r 1.000000 c 22.000000
tx 199 r 1.000000 c 23.000000
tx 200 r 2.000000 c 20.000000
tx 201 r 2.000000 c 21.000000
tx 202 r 2.000000 c 22.000000
tx 203 r 2.000000 c 23.000000
tx 204 r 3.000000 c 20.000000
tx 205 r 3.000000 c 21.000000
tx 206 r 3.000000 c 22.000000
tx 207 r 3.000000 c 23.000000
tx 208 r 4.000000 c 20.000000
tx 209 r 4.000000 c 21.000000
tx 210 r 4.000000 c 22.000000
tx 211 r 4.000000 c 23.000000
tx 212 r 5.000000 c 20.000000
tx 213 r 5.000000 c 21.000000
tx 214 r 5.000000 c 22.000000
tx 215 r 5.000000 c 23.000000
tx 216 r 6.000000 c 20.000000
tx 217 r 6.000000 c 21.000000
tx 218 r 6.000000 c 22.000000
tx 219 r 6.000000 c 23.000000
tx 220 r 7.000000 c 20.000000
tx 221 r 7.000000 c 21.000000
tx 222 r 7.000000 c 22.000000
tx 223 r 7.000000 c 23.000000
tx 96 r 32.000000 c 20.000000
tx 97 r 32.000000 c 21.000000
tx 98 r 32.000000 c 22.000000
tx 99 r 32.000000 c 23.000000
tx 100 r 33.000000 c 20.000000
tx 101 r 33.000000 c 21.000000
tx 102 r 33.000000 c 22.000000
tx 103 r 33.000000 c 23.000000
tx 104 r 34.000000 c 20.000000
tx 105 r 34.000000 c 21.000000
tx 106 r 34.000000 c 22.000000
tx 107 r 34.000000 c 23.000000
tx 108 r 35.000000 c 20.000000
tx 109 r 35.000000 c 21.000000
tx 110 r 35.000000 c 22.000000
tx 111 r 35.000000 c 23.000000
tx 112 r 36.000000 c 20.000000
tx 113 r 36.000000 c 21.000000
tx 114 r 36.000000 c 22.000000
tx 115 r 36.000000 c 23.000000
tx 116 r 37.000000 c 20.000000
tx 117 r 37.000000 c 21.000000
tx 118 r 37.000000 c 22.000000
tx 119 r 37.000000 c 23.000000
tx 120 r 38.000000 c 20.000000
tx 121 r 38.000000 c 21.000000
tx 122 r 38.000000 c 22.000000
tx 123 r 38.000000 c 23.000000
tx 124 r 39.000000 c 20.000000
tx 125 r 39.000000 c 21.000000
tx 126 r 39.000000 c 22.000000
tx 127 r 39.000000 c 23.000000
tx 224 r 32.000000 c 20.000000
tx 225 r 32.000000 c 21.000000
tx 226 r 32.000000 c 22.000000
tx 227 r 32.000000 c 23.000000
tx 228 r 33.000000 c 20.000000
tx 229 r 33.000000 c 21.000000
tx 230 r 33.000000 c 22.000000
tx 231 r 33.000000 c 23.000000
tx 232 r 34.000000 c 20.000000
tx 233 r 34.000000 c 21.000000
tx 234 r 34.000000 c 22.000000
tx 235 r 34.000000 c 23.000000
tx 236 r 35.000000 c 20.000000
tx 237 r 35.000000 c 21.000000
tx 238 r 35.000000 c 22.000000
tx 239 r 35.000000 c 23.000000
tx 240 r 36.000000 c 20.000000
tx 241 r 36.000000 c 21.000000
tx 242 r 36.000000 c 22.000000
tx 243 r 36.000000 c 23.000000
tx 244 r 37.000000 c 20.000000
tx 245 r 37.000000 c 21.000000
tx 246 r 37.000000 c 22.000000
tx 247 r 37.000000 c 23.000000
tx 248 r 38.000000 c 20.000000
tx 249 r 38.000000 c 21.000000
tx 250 r 38.000000 c 22.000000
tx 251 r 38.000000 c 23.000000
tx 252 r 39.000000 c 20.000000
tx 253 r 39.000000 c 21.000000
tx 254 r 39.000000 c 22.000000
tx 255 r 39.000000 c 23.000000
tx 64 r 0.000000 c 20.000000
tx 65 r 0.000000 c 21.000000
tx 66 r 0.000000 c 22.000000
tx 67 r 0.000000 c 23.000000
tx 68 r 1.000000 c 20.000000
tx 69 r 1.000000 c 21.000000
tx 70 r 1.000000 c 22.000000
tx 71 r 1.000000 c 23.000000
tx 72 r 2.000000 c 20.000000
tx 73 r 2.000000 c 21.000000
tx 74 r 2.000000 c 22.000000
tx 75 r 2.000000 c 23.000000
tx 76 r 3.000000 c 20.000000
tx 77 r 3.000000 c 21.000000
tx 78 r 3.000000 c 22.000000
tx 79 r 3.000000 c 23.000000
tx 80 r 4.000000 c 20.000000
tx 81 r 4.000000 c 21.000000
tx 82 r 4.000000 c 22.000000
tx 83 r 4.000000 c 23.000000
tx 84 r 5.000000 c 20.000000
tx 85 r 5.000000 c 21.000000
tx 86 r 5.000000 c 22.000000
tx 87 r 5.000000 c 23.000000
tx 88 r 6.000000 c 20.000000
tx 89 r 6.000000 c 21.000000
tx 90 r 6.000000 c 22.000000
tx 91 r 6.000000 c 23.000000
tx 92 r 7.000000 c 20.000000
tx 93 r 7.000000 c 21.000000
tx 94 r 7.000000 c 22.000000
tx 95 r 7.000000 c 23.000000
tx 128 r 0.000000 c 20.000000
tx 129 r 0.000000 c 21.000000
tx 130 r 0.000000 c 22.000000
tx 131 r 0.000000 c 23.000000
tx 132 r 1.000000 c 20.000000
tx 133 r 1.000000 c 21.000000
tx 134 r 1.000000 c 22.000000
tx 135 r 1.000000 c 23.000000
tx 136 r 2.000000 c 20.000000
tx 137 r 2.000000 c 21.000000
tx 138 r 2.000000 c 22.000000
tx 139 r 2.000000 c 23.000000
tx 140 r 3.000000 c 20.000000
tx 141 r 3.000000 c 21.000000
tx 142 r 3.000000 c 22.000000
tx 143 r 3.000000 c 23.000000
tx 144 r 4.000000 c 20.000000
tx 145 r 4.000000 c 21.000000
tx 146 r 4.000000 c 22.000000
tx 147 r 4.000000 c 23.000000
tx 148 r 5.000000 c 20.000000
tx 149 r 5.000000 c 21.000000
tx 150 r 5.000000 c 22.000000
tx 151 r 5.000000 c 23.000000
tx 152 r 6.000000 c 20.000000
tx 153 r 6.000000 c 21.000000
tx 154 r 6.000000 c 22.000000
tx 155 r 6.000000 c 23.000000
tx 156 r 7.000000 c 20.000000
tx 157 r 7.000000 c 21.000000
tx 158 r 7.000000 c 22.000000
tx 159 r 7.000000 c 23.000000
tx 160 r 32.000000 c 20.000000
tx 161 r 32.000000 c 21.000000
tx 162 r 32.000000 c 22.000000
tx 163 r 32.000000 c 23.000000
tx 164 r 33.000000 c 20.000000
tx 165 r 33.000000 c 21.000000
tx 166 r 33.000000 c 22.000000
tx 167 r 33.000000 c 23.000000
tx 168 r 34.000000 c 20.000000
tx 169 r 34.000000 c 21.000000
tx 170 r 34.000000 c 22.000000
tx 171 r 34.000000 c 23.000000
tx 172 r 35.000000 c 20.000000
tx 173 r 35.000000 c 21.000000
tx 174 r 35.000000 c 22.000000
tx 175 r 35.000000 c 23.000000
tx 176 r 36.000000 c 20.000000
tx 177 r 36.000000 c 21.000000
tx 178 r 36.000000 c 22.000000
tx 179 r 36.000000 c 23.000000
tx 180 r 37.000000 c 20.000000
tx 181 r 37.000000 c 21.000000
tx 182 r 37.000000 c 22.000000
tx 183 r 37.000000 c 23.000000
tx 184 r 38.000000 c 20.000000
tx 185 r 38.000000 c 21.000000
tx 186 r 38.000000 c 22.000000
tx 187 r 38.000000 c 23.000000
tx 188 r 39.000000 c 20.000000
tx 189 r 39.000000 c 21.000000
tx 190 r 39.000000 c 22.000000
tx 191 r 39.000000 c 23.000000
tx 32 r 32.000000 c 20.000000
tx 33 r 32.000000 c 21.000000
tx 34 r 32.000000 c 22.000000
tx 35 r 32.000000 c 23.000000
tx 36 r 33.000000 c 20.000000
tx 37 r 33.000000 c 21.000000
tx 38 r 33.000000 c 22.000000
tx 39 r 33.000000 c 23.000000
tx 40 r 34.000000 c 20.000000
tx 41 r 34.000000 c 21.000000
tx 42 r 34.000000 c 22.000000
tx 43 r 34.000000 c 23.000000
tx 44 r 35.000000 c 20.000000
tx 45 r 35.000000 c 21.000000
tx 46 r 35.000000 c 22.000000
tx 47 r 35.000000 c 23.000000
tx 48 r 36.000000 c 20.000000
tx 49 r 36.000000 c 21.000000
tx 50 r 36.000000 c 22.000000
tx 51 r 36.000000 c 23.000000
tx 52 r 37.000000 c 20.000000
tx 53 r 37.000000 c 21.000000
tx 54 r 37.000000 c 22.000000
tx 55 r 37.000000 c 23.000000
tx 56 r 38.000000 c 20.000000
tx 57 r 38.000000 c 21.000000
tx 58 r 38.000000 c 22.000000
tx 59 r 38.000000 c 23.000000
tx 60 r 39.000000 c 20.000000
tx 61 r 39.000000 c 21.000000
tx 62 r 39.000000 c 22.000000
tx 63 r 39.000000 c 23.000000
tx 0 r 0.000000 c 20.000000
tx 1 r 0.000000 c 21.000000
tx 2 r 0.000000 c 22.000000
tx 3 r 0.000000 c 23.000000
tx 4 r 1.000000 c 20.000000
tx 5 r 1.000000 c 21.000000
tx 6 r 1.000000 c 22.000000
tx 7 r 1.000000 c 23.000000
tx 8 r 2.000000 c 20.000000
tx 9 r 2.000000 c 21.000000
tx 10 r 2.000000 c 22.000000
tx 11 r 2.000000 c 23.000000
tx 12 r 3.000000 c 20.000000
tx 13 r 3.000000 c 21.000000
tx 14 r 3.000000 c 22.000000
tx 15 r 3.000000 c 23.000000
tx 16 r 4.000000 c 20.000000
tx 17 r 4.000000 c 21.000000
tx 18 r 4.000000 c 22.000000
tx 19 r 4.000000 c 23.000000
tx 20 r 5.000000 c 20.000000
tx 21 r 5.000000 c 21.000000
tx 22 r 5.000000 c 22.000000
tx 23 r 5.000000 c 23.000000
tx 24 r 6.000000 c 20.000000
tx 25 r 6.000000 c 21.000000
tx 26 r 6.000000 c 22.000000
tx 27 r 6.000000 c 23.000000
tx 28 r 7.000000 c 20.000000
tx 29 r 7.000000 c 21.000000
tx 30 r 7.000000 c 22.000000
tx 31 r 7.000000 c 23.000000
tx 128 r 8.000000 c 20.000000
tx 129 r 8.000000 c 21.000000
tx 130 r 8.000000 c 22.000000
tx 131 r 8.000000 c 23.000000
tx 132 r 9.000000 c 20.000000
tx 133 r 9.000000 c 21.000000
tx 134 r 9.000000 c 22.000000
tx 135 r 9.000000 c 23.000000
tx 136 r 10.000000 c 20.000000
tx 137 r 10.000000 c 21.000000
tx 138 r 10.000000 c 22.000000
tx 139 r 10.000000 c 23.000000
tx 140 r 11.000000 c 20.000000
tx 141 r 11.000000 c 21.000000
tx 142 r 11.000000 c 22.000000
tx 143 r 11.000000 c 23.000000
tx 144 r 12.000000 c 20.000000
tx 145 r 12.000000 c 21.000000
tx 146 r 12.000000 c 22.000000
tx 147 r 12.000000 c 23.000000
tx 148 r 13.000000 c 20.000000
tx 149 r 13.000000 c 21.000000
tx 150 r 13.000000 c 22.000000
tx 151 r 13.000000 c 23.000000
tx 152 r 14.000000 c 20.000000
tx 153 r 14.000000 c 21.000000
tx 154 r 14.000000 c 22.000000
tx 155 r 14.000000 c 23.000000
tx 156 r 15.000000 c 20.000000
tx 157 r 15.000000 c 21.000000
tx 158 r 15.000000 c 22.000000
tx 159 r 15.000000 c 23.000000
tx 0 r 8.000000 c 20.000000
tx 1 r 8.000000 c 21.000000
tx 2 r 8.000000 c 22.000000
tx 3 r 8.000000 c 23.000000
tx 4 r 9.000000 c 20.000000
tx 5 r 9.000000 c 21.000000
tx 6 r 9.000000 c 22.000000
tx 7 r 9.000000 c 23.000000
tx 8 r 10.000000 c 20.000000
tx 9 r 10.000000 c 21.000000
tx 10 r 10.000000 c 22.000000
tx 11 r 10.000000 c 23.000000
tx 12 r 11.000000 c 20.000000
tx 13 r 11.000000 c 21.000000
tx 14 r 11.000000 c 22.000000
tx 15 r 11.000000 c 23.000000
tx 16 r 12.000000 c 20.000000
tx 17 r 12.000000 c 21.000000
tx 18 r 12.000000 c 22.000000
tx 19 r 12.000000 c 23.000000
tx 20 r 13.000000 c 20.000000
tx 21 r 13.000000 c 21.000000
tx 22 r 13.000000 c 22.000000
tx 23 r 13.000000 c 23.000000
tx 24 r 14.000000 c 20.000000
tx 25 r 14.000000 c 21.000000
tx 26 r 14.000000 c 22.000000
tx 27 r 14.000000 c 23.000000
tx 28 r 15.000000 c 20.000000
tx 29 r 15.000000 c 21.000000
tx 30 r 15.000000 c 22.000000
tx 31 r 15.000000 c 23.000000
tx 160 r 40.000000 c 20.000000
tx 161 r 40.000000 c 21.000000
tx 162 r 40.000000 c 22.000000
tx 163 r 40.000000 c 23.000000
tx 164 r 41.000000 c 20.000000
tx 165 r 41.000000 c 21.000000
tx 166 r 41.000000 c 22.000000
tx 167 r 41.000000 c 23.000000
tx 168 r 42.000000 c 20.000000
tx 169 r 42.000000 c 21.000000
tx 170 r 42.000000 c 22.000000
tx 171 r 42.000000 c 23.000000
tx 172 r 43.000000 c 20.000000
tx 173 r 43.000000 c 21.000000
tx 174 r 43.000000 c 22.000000
tx 175 r 43.000000 c 23.000000
tx 176 r 44.000000 c 20.000000
tx 177 r 44.000000 c 21.000000
tx 178 r 44.000000 c 22.000000
tx 179 r 44.000000 c 23.000000
tx 180 r 45.000000 c 20.000000
tx 181 r 45.000000 c 21.000000
tx 182 r 45.000000 c 22.000000
tx 183 r 45.000000 c 23.000000
tx 184 r 46.000000 c 20.000000
tx 185 r 46.000000 c 21.000000
tx 186 r 46.000000 c 22.000000
tx 187 r 46.000000 c 23.000000
tx 188 r 47.000000 c 20.000000
tx 189 r 47.000000 c 21.000000
tx 190 r 47.000000 c 22.000000
tx 191 r 47.000000 c 23.000000
tx 96 r 40.000000 c 20.000000
tx 97 r 40.000000 c 21.000000
tx 98 r 40.000000 c 22.000000
tx 99 r 40.000000 c 23.000000
tx 100 r 41.000000 c 20.000000
tx 101 r 41.000000 c 21.000000
tx 102 r 41.000000 c 22.000000
tx 103 r 41.000000 c 23.000000
tx 104 r 42.000000 c 20.000000
tx 105 r 42.000000 c 21.000000
tx 106 r 42.000000 c 22.000000
tx 107 r 42.000000 c 23.000000
tx 108 r 43.000000 c 20.000000
tx 109 r 43.000000 c 21.000000
tx 110 r 43.000000 c 22.000000
tx 111 r 43.000000 c 23.000000
tx 112 r 44.000000 c 20.000000
tx 113 r 44.000000 c 21.000000
tx 114 r 44.000000 c 22.000000
tx 115 r 44.000000 c 23.000000
tx 116 r 45.000000 c 20.000000
tx 117 r 45.000000 c 21.000000
tx 118 r 45.000000 c 22.000000
tx 119 r 45.000000 c 23.000000
tx 120 r 46.000000 c 20.000000
tx 121 r 46.000000 c 21.000000
tx 122 r 46.000000 c 22.000000
tx 123 r 46.000000 c 23.000000
tx 124 r 47.000000 c 20.000000
tx 125 r 47.000000 c 21.000000
tx 126 r 47.000000 c 22.000000
tx 127 r 47.000000 c 23.000000
tx 64 r 8.000000 c 20.000000
tx 65 r 8.000000 c 21.000000
tx 66 r 8.000000 c 22.000000
tx 67 r 8.000000 c 23.000000
tx 68 r 9.000000 c 20.000000
tx 69 r 9.000000 c 21.000000
tx 70 r 9.000000 c 22.000000
tx 71 r 9.000000 c 23.000000
tx 72 r 10.000000 c 20.000000
tx 73 r 10.000000 c 21.000000
tx 74 r 10.000000 c 22.000000
tx 75 r 10.000000 c 23.000000
tx 76 r 11.000000 c 20.000000
tx 77 r 11.000000 c 21.000000
tx 78 r 11.000000 c 22.000000
tx 79 r 11.000000 c 23.000000
tx 80 r 12.000000 c 20.000000
tx 81 r 12.000000 c 21.000000
tx 82 r 12.000000 c 22.000000
tx 83 r 12.000000 c 23.000000
tx 84 r 13.000000 c 20.000000
tx 85 r 13.000000 c 21.000000
tx 86 r 13.000000 c 22.000000
tx 87 r 13.000000 c 23.000000
tx 88 r 14.000000 c 20.000000
tx 89 r 14.000000 c 21.000000
tx 90 r 14.000000 c 22.000000
tx 91 r 14.000000 c 23.000000
tx 92 r 15.000000 c 20.000000
tx 93 r 15.000000 c 21.000000
tx 94 r 15.000000 c 22.000000
tx 95 r 15.000000 c 23.000000
tx 224 r 40.000000 c 20.000000
tx 225 r 40.000000 c 21.000000
tx 226 r 40.000000 c 22.000000
tx 227 r 40.000000 c 23.000000
tx 228 r 41.000000 c 20.000000
tx 229 r 41.000000 c 21.000000
tx 230 r 41.000000 c 22.000000
tx 231 r 41.000000 c 23.000000
tx 232 r 42.000000 c 20.000000
tx 233 r 42.000000 c 21.000000
tx 234 r 42.000000 c 22.000000
tx 235 r 42.000000 c 23.000000
tx 236 r 43.000000 c 20.000000
tx 237 r 43.000000 c 21.000000
tx 238 r 43.000000 c 22.000000
tx 239 r 43.000000 c 23.000000
tx 240 r 44.000000 c 20.000000
tx 241 r 44.000000 c 21.000000
tx 242 r 44.000000 c 22.000000
tx 243 r 44.000000 c 23.000000
tx 244 r 45.000000 c 20.000000
tx 245 r 45.000000 c 21.000000
tx 246 r 45.000000 c 22.000000
tx 247 r 45.000000 c 23.000000
tx 248 r 46.000000 c 20.000000
tx 249 r 46.000000 c 21.000000
tx 250 r 46.000000 c 22.000000
tx 251 r 46.000000 c 23.000000
tx 252 r 47.000000 c 20.000000
tx 253 r 47.000000 c 21.000000
tx 254 r 47.000000 c 22.000000
tx 255 r 47.000000 c 23.000000
tx 32 r 40.000000 c 20.000000
tx 33 r 40.000000 c 21.000000
tx 34 r 40.000000 c 22.000000
tx 35 r 40.000000 c 23.000000
tx 36 r 41.000000 c 20.000000
tx 37 r 41.000000 c 21.000000
tx 38 r 41.000000 c 22.000000
tx 39 r 41.000000 c 23.000000
tx 40 r 42.000000 c 20.000000
tx 41 r 42.000000 c 21.000000
tx 42 r 42.000000 c 22.000000
tx 43 r 42.000000 c 23.000000
tx 44 r 43.000000 c 20.000000
tx 45 r 43.000000 c 21.000000
tx 46 r 43.000000 c 22.000000
tx 47 r 43.000000 c 23.000000
tx 48 r 44.000000 c 20.000000
tx 49 r 44.000000 c 21.000000
tx 50 r 44.000000 c 22.000000
tx 51 r 44.000000 c 23.000000
tx 52 r 45.000000 c 20.000000
tx 53 r 45.000000 c 21.000000
tx 54 r 45.000000 c 22.000000
tx 55 r 45.000000 c 23.000000
tx 56 r 46.000000 c 20.000000
tx 57 r 46.000000 c 21.000000
tx 58 r 46.000000 c 22.000000
tx 59 r 46.000000 c 23.000000
tx 60 r 47.000000 c 20.000000
tx 61 r 47.000000 c 21.000000
tx 62 r 47.000000 c 22.000000
tx 63 r 47.000000 c 23.000000
tx 192 r 8.000000 c 20.000000
tx 193 r 8.000000 c 21.000000
tx 194 r 8.000000 c 22.000000
tx 195 r 8.000000 c 23.000000
tx 196 r 9.000000 c 20.000000
tx 197 r 9.000000 c 21.000000
tx 198 r 9.000000 c 22.000000
tx 199 r 9.000000 c 23.000000
tx 200 r 10.000000 c 20.000000
tx 201 r 10.000000 c 21.000000
tx 202 r 10.000000 c 22.000000
tx 203 r 10.000000 c 23.000000
tx 204 r 11.000000 c 20.000000
tx 205 r 11.000000 c 21.000000
tx 206 r 11.000000 c 22.000000
tx 207 r 11.000000 c 23.000000
tx 208 r 12.000000 c 20.000000
tx 209 r 12.000000 c 21.000000
tx 210 r 12.000000 c 22.000000
tx 211 r 12.000000 c 23.000000
tx 212 r 13.000000 c 20.000000
tx 213 r 13.000000 c 21.000000
tx 214 r 13.000000 c 22.000000
tx 215 r 13.000000 c 23.000000
tx 216 r 14.000000 c 20.000000
tx 217 r 14.000000 c 21.000000
tx 218 r 14.000000 c 22.000000
tx 219 r 14.000000 c 23.000000
tx 220 r 15.000000 c 20.000000
tx 221 r 15.000000 c 21.000000
tx 222 r 15.000000 c 22.000000
tx 223 r 15.000000 c 23.000000
tx 128 r 16.000000 c 20.000000
tx 129 r 16.000000 c 21.000000
tx 130 r 16.000000 c 22.000000
tx 131 r 16.000000 c 23.000000
tx 132 r 17.000000 c 20.000000
tx 133 r 17.000000 c 21.000000
tx 134 r 17.000000 c 22.000000
tx 135 r 17.000000 c 23.000000
tx 136 r 18.000000 c 20.000000
tx 137 r 18.000000 c 21.000000
tx 138 r 18.000000 c 22.000000
tx 139 r 18.000000 c 23.000000
tx 140 r 19.000000 c 20.000000
tx 141 r 19.000000 c 21.000000
tx 142 r 19.000000 c 22.000000
tx 143 r 19.000000 c 23.000000
tx 144 r 20.000000 c 20.000000
tx 145 r 20.000000 c 21.000000
tx 146 r 20.000000 c 22.000000
tx 147 r 20.000000 c 23.000000
tx 148 r 21.000000 c 20.000000
tx 149 r 21.000000 c 21.000000
tx 150 r 21.000000 c 22.000000
tx 151 r 21.000000 c 23.000000
tx 152 r 22.000000 c 20.000000
tx 153 r 22.000000 c 21.000000
tx 154 r 22.000000 c 22.000000
tx 155 r 22.000000 c 23.000000
tx 156 r 23.000000 c 20.000000
tx 157 r 23.000000 c 21.000000
tx 158 r 23.000000 c 22.000000
tx 159 r 23.000000 c 23.000000
tx 64 r 16.000000 c 20.000000
tx 65 r 16.000000 c 21.000000
tx 66 r 16.000000 c 22.000000
tx 67 r 16.000000 c 23.000000
tx 68 r 17.000000 c 20.000000
tx 69 r 17.000000 c 21.000000
tx 70 r 17.000000 c 22.000000
tx 71 r 17.000000 c 23.000000
tx 72 r 18.000000 c 20.000000
tx 73 r 18.000000 c 21.000000
tx 74 r 18.000000 c 22.000000
tx 75 r 18.000000 c 23.000000
tx 76 r 19.000000 c 20.000000
tx 77 r 19.000000 c 21.000000
tx 78 r 19.000000 c 22.000000
tx 79 r 19.000000 c 23.000000
tx 80 r 20.000000 c 20.000000
tx 81 r 20.000000 c 21.000000
tx 82 r 20.000000 c 22.000000
tx 83 r 20.000000 c 23.000000
tx 84 r 21.000000 c 20.000000
tx 85 r 21.000000 c 21.000000
tx 86 r 21.000000 c 22.000000
tx 87 r 21.000000 c 23.000000
tx 88 r 22.000000 c 20.000000
tx 89 r 22.000000 c 21.000000
tx 90 r 22.000000 c 22.000000
tx 91 r 22.000000 c 23.000000
tx 92 r 23.000000 c 20.000000
tx 93 r 23.000000 c 21.000000
tx 94 r 23.000000 c 22.000000
tx 95 r 23.000000 c 23.000000
tx 0 r 16.000000 c 20.000000
tx 1 r 16.000000 c 21.000000
tx 2 r 16.000000 c 22.000000
tx 3 r 16.000000 c 23.000000
tx 4 r 17.000000 c 20.000000
tx 5 r 17.000000 c 21.000000
tx 6 r 17.000000 c 22.000000
tx 7 r 17.000000 c 23.000000
tx 8 r 18.000000 c 20.000000
tx 9 r 18.000000 c 21.000000
tx 10 r 18.000000 c 22.000000
tx 11 r 18.000000 c 23.000000
tx 12 r 19.000000 c 20.000000
tx 13 r 19.000000 c 21.000000
tx 14 r 19.000000 c 22.000000
tx 15 r 19.000000 c 23.000000
tx 16 r 20.000000 c 20.000000
tx 17 r 20.000000 c 21.000000
tx 18 r 20.000000 c 22.000000
tx 19 r 20.000000 c 23.000000
tx 20 r 21.000000 c 20.000000
tx 21 r 21.000000 c 21.000000
tx 22 r 21.000000 c 22.000000
tx 23 r 21.000000 c 23.000000
tx 24 r 22.000000 c 20.000000
tx 25 r 22.000000 c 21.000000
tx 26 r 22.000000 c 22.000000
tx 27 r 22.000000 c 23.000000
tx 28 r 23.000000 c 20.000000
tx 29 r 23.000000 c 21.000000
tx 30 r 23.000000 c 22.000000
tx 31 r 23.000000 c 23.000000
tx 160 r 48.000000 c 20.000000
tx 161 r 48.000000 c 21.000000
tx 162 r 48.000000 c 22.000000
tx 163 r 48.000000 c 23.000000
tx 164 r 49.000000 c 20.000000
tx 165 r 49.000000 c 21.000000
tx 166 r 49.000000 c 22.000000
tx 167 r 49.000000 c 23.000000
tx 168 r 50.000000 c 20.000000
tx 169 r 50.000000 c 21.000000
tx 170 r 50.000000 c 22.000000
tx 171 r 50.000000 c 23.000000
tx 172 r 51.000000 c 20.000000
tx 173 r 51.000000 c 21.000000
tx 174 r 51.000000 c 22.000000
tx 175 r 51.000000 c 23.000000
tx 176 r 52.000000 c 20.000000
tx 177 r 52.000000 c 21.000000
tx 178 r 52.000000 c 22.000000
tx 179 r 52.000000 c 23.000000
tx 180 r 53.000000 c 20.000000
tx 181 r 53.000000 c 21.000000
tx 182 r 53.000000 c 22.000000
tx 183 r 53.000000 c 23.000000
tx 184 r 54.000000 c 20.000000
tx 185 r 54.000000 c 21.000000
tx 186 r 54.000000 c 22.000000
tx 187 r 54.000000 c 23.000000
tx 188 r 55.000000 c 20.000000
tx 189 r 55.000000 c 21.000000
tx 190 r 55.000000 c 22.000000
tx 191 r 55.000000 c 23.000000
tx 32 r 48.000000 c 20.000000
tx 33 r 48.000000 c 21.000000
tx 34 r 48.000000 c 22.000000
tx 35 r 48.000000 c 23.000000
tx 36 r 49.000000 c 20.000000
tx 37 r 49.000000 c 21.000000
tx 38 r 49.000000 c 22.000000
tx 39 r 49.000000 c 23.000000
tx 40 r 50.000000 c 20.000000
tx 41 r 50.000000 c 21.000000
tx 42 r 50.000000 c 22.000000
tx 43 r 50.000000 c 23.000000
tx 44 r 51.000000 c 20.000000
tx 45 r 51.000000 c 21.000000
tx 46 r 51.000000 c 22.000000
tx 47 r 51.000000 c 23.000000
tx 48 r 52.000000 c 20.000000
tx 49 r 52.000000 c 21.000000
tx 50 r 52.000000 c 22.000000
tx 51 r 52.000000 c 23.000000
tx 52 r 53.000000 c 20.000000
tx 53 r 53.000000 c 21.000000
tx 54 r 53.000000 c 22.000000
tx 55 r 53.000000 c 23.000000
tx 56 r 54.000000 c 20.000000
tx 57 r 54.000000 c 21.000000
tx 58 r 54.000000 c 22.000000
tx 59 r 54.000000 c 23.000000
tx 60 r 55.000000 c 20.000000
tx 61 r 55.000000 c 21.000000
tx 62 r 55.000000 c 22.000000
tx 63 r 55.000000 c 23.000000
tx 96 r 48.000000 c 20.000000
tx 97 r 48.000000 c 21.000000
tx 98 r 48.000000 c 22.000000
tx 99 r 48.000000 c 23.000000
tx 100 r 49.000000 c 20.000000
tx 101 r 49.000000 c 21.000000
tx 102 r 49.000000 c 22.000000
tx 103 r 49.000000 c 23.000000
tx 104 r 50.000000 c 20.000000
tx 105 r 50.000000 c 21.000000
tx 106 r 50.000000 c 22.000000
tx 107 r 50.000000 c 23.000000
tx 108 r 51.000000 c 20.000000
tx 109 r 51.000000 c 21.000000
tx 110 r 51.000000 c 22.000000
tx 111 r 51.000000 c 23.000000
tx 112 r 52.000000 c 20.000000
tx 113 r 52.000000 c 21.000000
tx 114 r 52.000000 c 22.000000
tx 115 r 52.000000 c 23.000000
tx 116 r 53.000000 c 20.000000
tx 117 r 53.000000 c 21.000000
tx 118 r 53.000000 c 22.000000
tx 119 r 53.000000 c 23.000000
tx 120 r 54.000000 c 20.000000
tx 121 r 54.000000 c 21.000000
tx 122 r 54.000000 c 22.000000
tx 123 r 54.000000 c 23.000000
tx 124 r 55.000000 c 20.000000
tx 125 r 55.000000 c 21.000000
tx 126 r 55.000000 c 22.000000
tx 127 r 55.000000 c 23.000000
tx 224 r 48.000000 c 20.000000
tx 225 r 48.000000 c 21.000000
tx 226 r 48.000000 c 22.000000
tx 227 r 48.000000 c 23.000000
tx 228 r 49.000000 c 20.000000
tx 229 r 49.000000 c 21.000000
tx 230 r 49.000000 c 22.000000
tx 231 r 49.000000 c 23.000000
tx 232 r 50.000000 c 20.000000
tx 233 r 50.000000 c 21.000000
tx 234 r 50.000000 c 22.000000
tx 235 r 50.000000 c 23.000000
tx 236 r 51.000000 c 20.000000
tx 237 r 51.000000 c 21.000000
tx 238 r 51.000000 c 22.000000
tx 239 r 51.000000 c 23.000000
tx 240 r 52.000000 c 20.000000
tx 241 r 52.000000 c 21.000000
tx 242 r 52.000000 c 22.000000
tx 243 r 52.000000 c 23.000000
tx 244 r 53.000000 c 20.000000
tx 245 r 53.000000 c 21.000000
tx 246 r 53.000000 c 22.000000
tx 247 r 53.000000 c 23.000000
tx 248 r 54.000000 c 20.000000
tx 249 r 54.000000 c 21.000000
tx 250 r 54.000000 c 22.000000
tx 251 r 54.000000 c 23.000000
tx 252 r 55.000000 c 20.000000
tx 253 r 55.000000 c 21.000000
tx 254 r 55.000000 c 22.000000
tx 255 r 55.000000 c 23.000000
tx 192 r 16.000000 c 20.000000
tx 193 r 16.000000 c 21.000000
tx 194 r 16.000000 c 22.000000
tx 195 r 16.000000 c 23.000000
tx 196 r 17.000000 c 20.000000
tx 197 r 17.000000 c 21.000000
tx 198 r 17.000000 c 22.000000
tx 199 r 17.000000 c 23.000000
tx 200 r 18.000000 c 20.000000
tx 201 r 18.000000 c 21.000000
tx 202 r 18.000000 c 22.000000
tx 203 r 18.000000 c 23.000000
tx 204 r 19.000000 c 20.000000
tx 205 r 19.000000 c 21.000000
tx 206 r 19.000000 c 22.000000
tx 207 r 19.000000 c 23.000000
tx 208 r 20.000000 c 20.000000
tx 209 r 20.000000 c 21.000000
tx 210 r 20.000000 c 22.000000
tx 211 r 20.000000 c 23.000000
tx 212 r 21.000000 c 20.000000
tx 213 r 21.000000 c 21.000000
tx 214 r 21.000000 c 22.000000
tx 215 r 21.000000 c 23.000000
tx 216 r 22.000000 c 20.000000
tx 217 r 22.000000 c 21.000000
tx 218 r 22.000000 c 22.000000
tx 219 r 22.000000 c 23.000000
tx 220 r 23.000000 c 20.000000
tx 221 r 23.000000 c 21.000000
tx 222 r 23.000000 c 22.000000
tx 223 r 23.000000 c 23.000000
tx 0 r 24.000000 c 20.000000
tx 1 r 24.000000 c 21.000000
tx 2 r 24.000000 c 22.000000
tx 3 r 24.000000 c 23.000000
tx 4 r 25.000000 c 20.000000
tx 5 r 25.000000 c 21.000000
tx 6 r 25.000000 c 22.000000
tx 7 r 25.000000 c 23.000000
tx 8 r 26.000000 c 20.000000
tx 9 r 26.000000 c 21.000000
tx 10 r 26.000000 c 22.000000
tx 11 r 26.000000 c 23.000000
tx 12 r 27.000000 c 20.000000
tx 13 r 27.000000 c 21.000000
tx 14 r 27.000000 c 22.000000
tx 15 r 27.000000 c 23.000000
tx 16 r 28.000000 c 20.000000
tx 17 r 28.000000 c 21.000000
tx 18 r 28.000000 c 22.000000
tx 19 r 28.000000 c 23.000000
tx 20 r 29.000000 c 20.000000
tx 21 r 29.000000 c 21.000000
tx 22 r 29.000000 c 22.000000
tx 23 r 29.000000 c 23.000000
tx 24 r 30.000000 c 20.000000
tx 25 r 30.000000 c 21.000000
tx 26 r 30.000000 c 22.000000
tx 27 r 30.000000 c 23.000000
tx 28 r 31.000000 c 20.000000
tx 29 r 31.000000 c 21.000000
tx 30 r 31.000000 c 22.000000
tx 31 r 31.000000 c 23.000000
tx 128 r 24.000000 c 20.000000
tx 129 r 24.000000 c 21.000000
tx 130 r 24.000000 c 22.000000
tx 131 r 24.000000 c 23.000000
tx 132 r 25.000000 c 20.000000
tx 133 r 25.000000 c 21.000000
tx 134 r 25.000000 c 22.000000
tx 135 r 25.000000 c 23.000000
tx 136 r 26.000000 c 20.000000
tx 137 r 26.000000 c 21.000000
tx 138 r 26.000000 c 22.000000
tx 139 r 26.000000 c 23.000000
tx 140 r 27.000000 c 20.000000
tx 141 r 27.000000 c 21.000000
tx 142 r 27.000000 c 22.000000
tx 143 r 27.000000 c 23.000000
tx 144 r 28.000000 c 20.000000
tx 145 r 28.000000 c 21.000000
tx 146 r 28.000000 c 22.000000
tx 147 r 28.000000 c 23.000000
tx 148 r 29.000000 c 20.000000
tx 149 r 29.000000 c 21.000000
tx 150 r 29.000000 c 22.000000
tx 151 r 29.000000 c 23.000000
tx 152 r 30.000000 c 20.000000
tx 153 r 30.000000 c 21.000000
tx 154 r 30.000000 c 22.000000
tx 155 r 30.000000 c 23.000000
tx 156 r 31.000000 c 20.000000
tx 157 r 31.000000 c 21.000000
tx 158 r 31.000000 c 22.000000
tx 159 r 31.000000 c 23.000000
tx 160 r 56.000000 c 20.000000
tx 161 r 56.000000 c 21.000000
tx 162 r 56.000000 c 22.000000
tx 163 r 56.000000 c 23.000000
tx 164 r 57.000000 c 20.000000
tx 165 r 57.000000 c 21.000000
tx 166 r 57.000000 c 22.000000
tx 167 r 57.000000 c 23.000000
tx 168 r 58.000000 c 20.000000
tx 169 r 58.000000 c 21.000000
tx 170 r 58.000000 c 22.000000
tx 171 r 58.000000 c 23.000000
tx 172 r 59.000000 c 20.000000
tx 173 r 59.000000 c 21.000000
tx 174 r 59.000000 c 22.000000
tx 175 r 59.000000 c 23.000000
tx 176 r 60.000000 c 20.000000
tx 177 r 60.000000 c 21.000000
tx 178 r 60.000000 c 22.000000
tx 179 r 60.000000 c 23.000000
tx 180 r 61.000000 c 20.000000
tx 181 r 61.000000 c 21.000000
tx 182 r 61.000000 c 22.000000
tx 183 r 61.000000 c 23.000000
tx 184 r 62.000000 c 20.000000
tx 185 r 62.000000 c 21.000000
tx 186 r 62.000000 c 22.000000
tx 187 r 62.000000 c 23.000000
tx 188 r 63.000000 c 20.000000
tx 189 r 63.000000 c 21.000000
tx 190 r 63.000000 c 22.000000
tx 191 r 63.000000 c 23.000000
tx 224 r 56.000000 c 20.000000
tx 225 r 56.000000 c 21.000000
tx 226 r 56.000000 c 22.000000
tx 227 r 56.000000 c 23.000000
tx 228 r 57.000000 c 20.000000
tx 229 r 57.000000 c 21.000000
tx 230 r 57.000000 c 22.000000
tx 231 r 57.000000 c 23.000000
tx 232 r 58.000000 c 20.000000
tx 233 r 58.000000 c 21.000000
tx 234 r 58.000000 c 22.000000
tx 235 r 58.000000 c 23.000000
tx 236 r 59.000000 c 20.000000
tx 237 r 59.000000 c 21.000000
tx 238 r 59.000000 c 22.000000
tx 239 r 59.000000 c 23.000000
tx 240 r 60.000000 c 20.000000
tx 241 r 60.000000 c 21.000000
tx 242 r 60.000000 c 22.000000
tx 243 r 60.000000 c 23.000000
tx 244 r 61.000000 c 20.000000
tx 245 r 61.000000 c 21.000000
tx 246 r 61.000000 c 22.000000
tx 247 r 61.000000 c 23.000000
tx 248 r 62.000000 c 20.000000
tx 249 r 62.000000 c 21.000000
tx 250 r 62.000000 c 22.000000
tx 251 r 62.000000 c 23.000000
tx 252 r 63.000000 c 20.000000
tx 253 r 63.000000 c 21.000000
tx 254 r 63.000000 c 22.000000
tx 255 r 63.000000 c 23.000000
tx 32 r 56.000000 c 20.000000
tx 33 r 56.000000 c 21.000000
tx 34 r 56.000000 c 22.000000
tx 35 r 56.000000 c 23.000000
tx 36 r 57.000000 c 20.000000
tx 37 r 57.000000 c 21.000000
tx 38 r 57.000000 c 22.000000
tx 39 r 57.000000 c 23.000000
tx 40 r 58.000000 c 20.000000
tx 41 r 58.000000 c 21.000000
tx 42 r 58.000000 c 22.000000
tx 43 r 58.000000 c 23.000000
tx 44 r 59.000000 c 20.000000
tx 45 r 59.000000 c 21.000000
tx 46 r 59.000000 c 22.000000
tx 47 r 59.000000 c 23.000000
tx 48 r 60.000000 c 20.000000
tx 49 r 60.000000 c 21.000000
tx 50 r 60.000000 c 22.000000
tx 51 r 60.000000 c 23.000000
tx 52 r 61.000000 c 20.000000
tx 53 r 61.000000 c 21.000000
tx 54 r 61.000000 c 22.000000
tx 55 r 61.000000 c 23.000000
tx 56 r 62.000000 c 20.000000
tx 57 r 62.000000 c 21.000000
tx 58 r 62.000000 c 22.000000
tx 59 r 62.000000 c 23.000000
tx 60 r 63.000000 c 20.000000
tx 61 r 63.000000 c 21.000000
tx 62 r 63.000000 c 22.000000
tx 63 r 63.000000 c 23.000000
tx 192 r 24.000000 c 20.000000
tx 193 r 24.000000 c 21.000000
tx 194 r 24.000000 c 22.000000
tx 195 r 24.000000 c 23.000000
tx 196 r 25.000000 c 20.000000
tx 197 r 25.000000 c 21.000000
tx 198 r 25.000000 c 22.000000
tx 199 r 25.000000 c 23.000000
tx 200 r 26.000000 c 20.000000
tx 201 r 26.000000 c 21.000000
tx 202 r 26.000000 c 22.000000
tx 203 r 26.000000 c 23.000000
tx 204 r 27.000000 c 20.000000
tx 205 r 27.000000 c 21.000000
tx 206 r 27.000000 c 22.000000
tx 207 r 27.000000 c 23.000000
tx 208 r 28.000000 c 20.000000
tx 209 r 28.000000 c 21.000000
tx 210 r 28.000000 c 22.000000
tx 211 r 28.000000 c 23.000000
tx 212 r 29.000000 c 20.000000
tx 213 r 29.000000 c 21.000000
tx 214 r 29.000000 c 22.000000
tx 215 r 29.000000 c 23.000000
tx 216 r 30.000000 c 20.000000
tx 217 r 30.000000 c 21.000000
tx 218 r 30.000000 c 22.000000
tx 219 r 30.000000 c 23.000000
tx 220 r 31.000000 c 20.000000
tx 221 r 31.000000 c 21.000000
tx 222 r 31.000000 c 22.000000
tx 223 r 31.000000 c 23.000000
tx 64 r 24.000000 c 20.000000
tx 65 r 24.000000 c 21.000000
tx 66 r 24.000000 c 22.000000
tx 67 r 24.000000 c 23.000000
tx 68 r 25.000000 c 20.000000
tx 69 r 25.000000 c 21.000000
tx 70 r 25.000000 c 22.000000
tx 71 r 25.000000 c 23.000000
tx 72 r 26.000000 c 20.000000
tx 73 r 26.000000 c 21.000000
tx 74 r 26.000000 c 22.000000
tx 75 r 26.000000 c 23.000000
tx 76 r 27.000000 c 20.000000
tx 77 r 27.000000 c 21.000000
tx 78 r 27.000000 c 22.000000
tx 79 r 27.000000 c 23.000000
tx 80 r 28.000000 c 20.000000
tx 81 r 28.000000 c 21.000000
tx 82 r 28.000000 c 22.000000
tx 83 r 28.000000 c 23.000000
tx 84 r 29.000000 c 20.000000
tx 85 r 29.000000 c 21.000000
tx 86 r 29.000000 c 22.000000
tx 87 r 29.000000 c 23.000000
tx 88 r 30.000000 c 20.000000
tx 89 r 30.000000 c 21.000000
tx 90 r 30.000000 c 22.000000
tx 91 r 30.000000 c 23.000000
tx 92 r 31.000000 c 20.000000
tx 93 r 31.000000 c 21.000000
tx 94 r 31.000000 c 22.000000
tx 95 r 31.000000 c 23.000000
tx 96 r 56.000000 c 20.000000
tx 97 r 56.000000 c 21.000000
tx 98 r 56.000000 c 22.000000
tx 99 r 56.000000 c 23.000000
tx 100 r 57.000000 c 20.000000
tx 101 r 57.000000 c 21.000000
tx 102 r 57.000000 c 22.000000
tx 103 r 57.000000 c 23.000000
tx 104 r 58.000000 c 20.000000
tx 105 r 58.000000 c 21.000000
tx 106 r 58.000000 c 22.000000
tx 107 r 58.000000 c 23.000000
tx 108 r 59.000000 c 20.000000
tx 109 r 59.000000 c 21.000000
tx 110 r 59.000000 c 22.000000
tx 111 r 59.000000 c 23.000000
tx 112 r 60.000000 c 20.000000
tx 113 r 60.000000 c 21.000000
tx 114 r 60.000000 c 22.000000
tx 115 r 60.000000 c 23.000000
tx 116 r 61.000000 c 20.000000
tx 117 r 61.000000 c 21.000000
tx 118 r 61.000000 c 22.000000
tx 119 r 61.000000 c 23.000000
tx 120 r 62.000000 c 20.000000
tx 121 r 62.000000 c 21.000000
tx 122 r 62.000000 c 22.000000
tx 123 r 62.000000 c 23.000000
tx 124 r 63.000000 c 20.000000
tx 125 r 63.000000 c 21.000000
tx 126 r 63.000000 c 22.000000
tx 127 r 63.000000 c 23.000000
tx 0 r 0.000000 c 20.000000
tx 1 r 0.000000 c 21.000000
tx 2 r 0.000000 c 22.000000
tx 3 r 0.000000 c 23.000000
tx 4 r 1.000000 c 20.000000
tx 5 r 1.000000 c 21.000000
tx 6 r 1.000000 c 22.000000
tx 7 r 1.000000 c 23.000000
tx 8 r 2.000000 c 20.000000
tx 9 r 2.000000 c 21.000000
tx 10 r 2.000000 c 22.000000
tx 11 r 2.000000 c 23.000000
tx 12 r 3.000000 c 20.000000
tx 13 r 3.000000 c 21.000000
tx 14 r 3.000000 c 22.000000
tx 15 r 3.000000 c 23.000000
tx 16 r 4.000000 c 20.000000
tx 17 r 4.000000 c 21.000000
tx 18 r 4.000000 c 22.000000
tx 19 r 4.000000 c 23.000000
tx 20 r 5.000000 c 20.000000
tx 21 r 5.000000 c 21.000000
tx 22 r 5.000000 c 22.000000
tx 23 r 5.000000 c 23.000000
tx 24 r 6.000000 c 20.000000
tx 25 r 6.000000 c 21.000000
tx 26 r 6.000000 c 22.000000
tx 27 r 6.000000 c 23.000000
tx 28 r 7.000000 c 20.000000
tx 29 r 7.000000 c 21.000000
tx 30 r 7.000000 c 22.000000
tx 31 r 7.000000 c 23.000000
tx 128 r 0.000000 c 20.000000
tx 129 r 0.000000 c 21.000000
tx 130 r 0.000000 c 22.000000
tx 131 r 0.000000 c 23.000000
tx 132 r 1.000000 c 20.000000
tx 133 r 1.000000 c 21.000000
tx 134 r 1.000000 c 22.000000
tx 135 r 1.000000 c 23.000000
tx 136 r 2.000000 c 20.000000
tx 137 r 2.000000 c 21.000000
tx 138 r 2.000000 c 22.000000
tx 139 r 2.000000 c 23.000000
tx 140 r 3.000000 c 20.000000
tx 141 r 3.000000 c 21.000000
tx 142 r 3.000000 c 22.000000
tx 143 r 3.000000 c 23.000000
tx 144 r 4.000000 c 20.000000
tx 145 r 4.000000 c 21.000000
tx 146 r 4.000000 c 22.000000
tx 147 r 4.000000 c 23.000000
tx 148 r 5.000000 c 20.000000
tx 149 r 5.000000 c 21.000000
tx 150 r 5.000000 c 22.000000
tx 151 r 5.000000 c 23.000000
tx 152 r 6.000000 c 20.000000
tx 153 r 6.000000 c 21.000000
tx 154 r 6.000000 c 22.000000
tx 155 r 6.000000 c 23.000000
tx 156 r 7.000000 c 20.000000
tx 157 r 7.000000 c 21.000000
tx 158 r 7.000000 c 22.000000
tx 159 r 7.000000 c 23.000000
tx 160 r 32.000000 c 20.000000
tx 161 r 32.000000 c 21.000000
tx 162 r 32.000000 c 22.000000
tx 163 r 32.000000 c 23.000000
tx 164 r 33.000000 c 20.000000
tx 165 r 33.000000 c 21.000000
tx 166 r 33.000000 c 22.000000
tx 167 r 33.000000 c 23.000000
tx 168 r 34.000000 c 20.000000
tx 169 r 34.000000 c 21.000000
tx 170 r 34.000000 c 22.000000
tx 171 r 34.000000 c 23.000000
tx 172 r 35.000000 c 20.000000
tx 173 r 35.000000 c 21.000000
tx 174 r 35.000000 c 22.000000
tx 175 r 35.000000 c 23.000000
tx 176 r 36.000000 c 20.000000
tx 177 r 36.000000 c 21.000000
tx 178 r 36.000000 c 22.000000
tx 179 r 36.000000 c 23.000000
tx 180 r 37.000000 c 20.000000
tx 181 r 37.000000 c 21.000000
tx 182 r 37.000000 c 22.000000
tx 183 r 37.000000 c 23.000000
tx 184 r 38.000000 c 20.000000
tx 185 r 38.000000 c 21.000000
tx 186 r 38.000000 c 22.000000
tx 187 r 38.000000 c 23.000000
tx 188 r 39.000000 c 20.000000
tx 189 r 39.000000 c 21.000000
tx 190 r 39.000000 c 22.000000
tx 191 r 39.000000 c 23.000000
tx 64 r 0.000000 c 20.000000
tx 65 r 0.000000 c 21.000000
tx 66 r 0.000000 c 22.000000
tx 67 r 0.000000 c 23.000000
tx 68 r 1.000000 c 20.000000
tx 69 r 1.000000 c 21.000000
tx 70 r 1.000000 c 22.000000
tx 71 r 1.000000 c 23.000000
tx 72 r 2.000000 c 20.000000
tx 73 r 2.000000 c 21.000000
tx 74 r 2.000000 c 22.000000
tx 75 r 2.000000 c 23.000000
tx 76 r 3.000000 c 20.000000
tx 77 r 3.000000 c 21.000000
tx 78 r 3.000000 c 22.000000
tx 79 r 3.000000 c 23.000000
tx 80 r 4.000000 c 20.000000
tx 81 r 4.000000 c 21.000000
tx 82 r 4.000000 c 22.000000
tx 83 r 4.000000 c 23.000000
tx 84 r 5.000000 c 20.000000
tx 85 r 5.000000 c 21.000000
tx 86 r 5.000000 c 22.000000
tx 87 r 5.000000 c 23.000000
tx 88 r 6.000000 c 20.000000
tx 89 r 6.000000 c 21.000000
tx 90 r 6.000000 c 22.000000
tx 91 r 6.000000 c 23.000000
tx 92 r 7.000000 c 20.000000
tx 93 r 7.000000 c 21.000000
tx 94 r 7.000000 c 22.000000
tx 95 r 7.000000 c 23.000000
tx 96 r 32.000000 c 20.000000
tx 97 r 32.000000 c 21.000000
tx 98 r 32.000000 c 22.000000
tx 99 r 32.000000 c 23.000000
tx 100 r 33.000000 c 20.000000
tx 101 r 33.000000 c 21.000000
tx 102 r 33.000000 c 22.000000
tx 103 r 33.000000 c 23.000000
tx 104 r 34.000000 c 20.000000
tx 105 r 34.000000 c 21.000000
tx 106 r 34.000000 c 22.000000
tx 107 r 34.000000 c 23.000000
tx 108 r 35.000000 c 20.000000
tx 109 r 35.000000 c 21.000000
tx 110 r 35.000000 c 22.000000
tx 111 r 35.000000 c 23.000000
tx 112 r 36.000000 c 20.000000
tx 113 r 36.000000 c 21.000000
tx 114 r 36.000000 c 22.000000
tx 115 r 36.000000 c 23.000000
tx 116 r 37.000000 c 20.000000
tx 117 r 37.000000 c 21.000000
tx 118 r 37.000000 c 22.000000
tx 119 r 37.000000 c 23.000000
tx 120 r 38.000000 c 20.000000
tx 121 r 38.000000 c 21.000000
tx 122 r 38.000000 c 22.000000
tx 123 r 38.000000 c 23.000000
tx 124 r 39.000000 c 20.000000
tx 125 r 39.000000 c 21.000000
tx 126 r 39.000000 c 22.000000
tx 127 r 39.000000 c 23.000000
tx 32 r 32.000000 c 20.000000
tx 33 r 32.000000 c 21.000000
tx 34 r 32.000000 c 22.000000
tx 35 r 32.000000 c 23.000000
tx 36 r 33.000000 c 20.000000
tx 37 r 33.000000 c 21.000000
tx 38 r 33.000000 c 22.000000
tx 39 r 33.000000 c 23.000000
tx 40 r 34.000000 c 20.000000
tx 41 r 34.000000 c 21.000000
tx 42 r 34.000000 c 22.000000
tx 43 r 34.000000 c 23.000000
tx 44 r 35.000000 c 20.000000
tx 45 r 35.000000 c 21.000000
tx 46 r 35.000000 c 22.000000
tx 47 r 35.000000 c 23.000000
tx 48 r 36.000000 c 20.000000
tx 49 r 36.000000 c 21.000000
tx 50 r 36.000000 c 22.000000
tx 51 r 36.000000 c 23.000000
tx 52 r 37.000000 c 20.000000
tx 53 r 37.000000 c 21.000000
tx 54 r 37.000000 c 22.000000
tx 55 r 37.000000 c 23.000000
tx 56 r 38.000000 c 20.000000
tx 57 r 38.000000 c 21.000000
tx 58 r 38.000000 c 22.000000
tx 59 r 38.000000 c 23.000000
tx 60 r 39.000000 c 20.000000
tx 61 r 39.000000 c 21.000000
tx 62 r 39.000000 c 22.000000
tx 63 r 39.000000 c 23.000000
tx 192 r 0.000000 c 20.000000
tx 193 r 0.000000 c 21.000000
tx 194 r 0.000000 c 22.000000
tx 195 r 0.000000 c 23.000000
tx 196 r 1.000000 c 20.000000
tx 197 r 1.000000 c 21.000000
tx 198 r 1.000000 c 22.000000
tx 199 r 1.000000 c 23.000000
tx 200 r 2.000000 c 20.000000
tx 201 r 2.000000 c 21.000000
tx 202 r 2.000000 c 22.000000
tx 203 r 2.000000 c 23.000000
tx 204 r 3.000000 c 20.000000
tx 205 r 3.000000 c 21.000000
tx 206 r 3.000000 c 22.000000
tx 207 r 3.000000 c 23.000000
tx 208 r 4.000000 c 20.000000
tx 209 r 4.000000 c 21.000000
tx 210 r 4.000000 c 22.000000
tx 211 r 4.000000 c 23.000000
tx 212 r 5.000000 c 20.000000
tx 213 r 5.000000 c 21.000000
tx 214 r 5.000000 c 22.000000
tx 215 r 5.000000 c 23.000000
tx 216 r 6.000000 c 20.000000
tx 217 r 6.000000 c 21.000000
tx 218 r 6.000000 c 22.000000
tx 219 r 6.000000 c 23.000000
tx 220 r 7.000000 c 20.000000
tx 221 r 7.000000 c 21.000000
tx 222 r 7.000000 c 22.000000
tx 223 r 7.000000 c 23.000000
tx 224 r 32.000000 c 20.000000
tx 225 r 32.000000 c 21.000000
tx 226 r 32.000000 c 22.000000
tx 227 r 32.000000 c 23.000000
tx 228 r 33.000000 c 20.000000
tx 229 r 33.000000 c 21.000000
tx 230 r 33.000000 c 22.000000
tx 231 r 33.000000 c 23.000000
tx 232 r 34.000000 c 20.000000
tx 233 r 34.000000 c 21.000000
tx 234 r 34.000000 c 22.000000
tx 235 r 34.000000 c 23.000000
tx 236 r 35.000000 c 20.000000
tx 237 r 35.000000 c 21.000000
tx 238 r 35.000000 c 22.000000
tx 239 r 35.000000 c 23.000000
tx 240 r 36.000000 c 20.000000
tx 241 r 36.000000 c 21.000000
tx 242 r 36.000000 c 22.000000
tx 243 r 36.000000 c 23.000000
tx 244 r 37.000000 c 20.000000
tx 245 r 37.000000 c 21.000000
tx 246 r 37.000000 c 22.000000
tx 247 r 37.000000 c 23.000000
tx 248 r 38.000000 c 20.000000
tx 249 r 38.000000 c 21.000000
tx 250 r 38.000000 c 22.000000
tx 251 r 38.000000 c 23.000000
tx 252 r 39.000000 c 20.000000
tx 253 r 39.000000 c 21.000000
tx 254 r 39.000000 c 22.000000
tx 255 r 39.000000 c 23.000000
tx 0 r 8.000000 c 20.000000
tx 1 r 8.000000 c 21.000000
tx 2 r 8.000000 c 22.000000
tx 3 r 8.000000 c 23.000000
tx 4 r 9.000000 c 20.000000
tx 5 r 9.000000 c 21.000000
tx 6 r 9.000000 c 22.000000
tx 7 r 9.000000 c 23.000000
tx 8 r 10.000000 c 20.000000
tx 9 r 10.000000 c 21.000000
tx 10 r 10.000000 c 22.000000
tx 11 r 10.000000 c 23.000000
tx 12 r 11.000000 c 20.000000
tx 13 r 11.000000 c 21.000000
tx 14 r 11.000000 c 22.000000
tx 15 r 11.000000 c 23.000000
tx 16 r 12.000000 c 20.000000
tx 17 r 12.000000 c 21.000000
tx 18 r 12.000000 c 22.000000
tx 19 r 12.000000 c 23.000000
tx 20 r 13.000000 c 20.000000
tx 21 r 13.000000 c 21.000000
tx 22 r 13.000000 c 22.000000
tx 23 r 13.000000 c 23.000000
tx 24 r 14.000000 c 20.000000
tx 25 r 14.000000 c 21.000000
tx 26 r 14.000000 c 22.000000
tx 27 r 14.000000 c 23.000000
tx 28 r 15.000000 c 20.000000
tx 29 r 15.000000 c 21.000000
tx 30 r 15.000000 c 22.000000
tx 31 r 15.000000 c 23.000000
tx 160 r 40.000000 c 20.000000
tx 161 r 40.000000 c 21.000000
tx 162 r 40.000000 c 22.000000
tx 163 r 40.000000 c 23.000000
tx 164 r 41.000000 c 20.000000
tx 165 r 41.000000 c 21.000000
tx 166 r 41.000000 c 22.000000
tx 167 r 41.000000 c 23.000000
tx 168 r 42.000000 c 20.000000
tx 169 r 42.000000 c 21.000000
tx 170 r 42.000000 c 22.000000
tx 171 r 42.000000 c 23.000000
tx 172 r 43.000000 c 20.000000
tx 173 r 43.000000 c 21.000000
tx 174 r 43.000000 c 22.000000
tx 175 r 43.000000 c 23.000000
tx 176 r 44.000000 c 20.000000
tx 177 r 44.000000 c 21.000000
tx 178 r 44.000000 c 22.000000
tx 179 r 44.000000 c 23.000000
tx 180 r 45.000000 c 20.000000
tx 181 r 45.000000 c 21.000000
tx 182 r 45.000000 c 22.000000
tx 183 r 45.000000 c 23.000000
tx 184 r 46.000000 c 20.000000
tx 185 r 46.000000 c 21.000000
tx 186 r 46.000000 c 22.000000
tx 187 r 46.000000 c 23.000000
tx 188 r 47.000000 c 20.000000
tx 189 r 47.000000 c 21.000000
tx 190 r 47.000000 c 22.000000
tx 191 r 47.000000 c 23.000000
tx 192 r 8.000000 c 20.000000
tx 193 r 8.000000 c 21.000000
tx 194 r 8.000000 c 22.000000
tx 195 r 8.000000 c 23.000000
tx 196 r 9.000000 c 20.000000
tx 197 r 9.000000 c 21.000000
tx 198 r 9.000000 c 22.000000
tx 199 r 9.000000 c 23.000000
tx 200 r 10.000000 c 20.000000
tx 201 r 10.000000 c 21.000000
tx 202 r 10.000000 c 22.000000
tx 203 r 10.000000 c 23.000000
tx 204 r 11.000000 c 20.000000
tx 205 r 11.000000 c 21.000000
tx 206 r 11.000000 c 22.000000
tx 207 r 11.000000 c 23.000000
tx 208 r 12.000000 c 20.000000
tx 209 r 12.000000 c 21.000000
tx 210 r 12.000000 c 22.000000
tx 211 r 12.000000 c 23.000000
tx 212 r 13.000000 c 20.000000
tx 213 r 13.000000 c 21.000000
tx 214 r 13.000000 c 22.000000
tx 215 r 13.000000 c 23.000000
tx 216 r 14.000000 c 20.000000
tx 217 r 14.000000 c 21.000000
tx 218 r 14.000000 c 22.000000
tx 219 r 14.000000 c 23.000000
tx 220 r 15.000000 c 20.000000
tx 221 r 15.000000 c 21.000000
tx 222 r 15.000000 c 22.000000
tx 223 r 15.000000 c 23.000000
tx 32 r 40.000000 c 20.000000
tx 33 r 40.000000 c 21.000000
tx 34 r 40.000000 c 22.000000
tx 35 r 40.000000 c 23.000000
tx 36 r 41.000000 c 20.000000
tx 37 r 41.000000 c 21.000000
tx 38 r 41.000000 c 22.000000
tx 39 r 41.000000 c 23.000000
tx 40 r 42.000000 c 20.000000
tx 41 r 42.000000 c 21.000000
tx 42 r 42.000000 c 22.000000
tx 43 r 42.000000 c 23.000000
tx 44 r 43.000000 c 20.000000
tx 45 r 43.000000 c 21.000000
tx 46 r 43.000000 c 22.000000
tx 47 r 43.000000 c 23.000000
tx 48 r 44.000000 c 20.000000
tx 49 r 44.000000 c 21.000000
tx 50 r 44.000000 c 22.000000
tx 51 r 44.000000 c 23.000000
tx 52 r 45.000000 c 20.000000
tx 53 r 45.000000 c 21.000000
tx 54 r 45.000000 c 22.000000
tx 55 r 45.000000 c 23.000000
tx 56 r 46.000000 c 20.000000
tx 57 r 46.000000 c 21.000000
tx 58 r 46.000000 c 22.000000
tx 59 r 46.000000 c 23.000000
tx 60 r 47.000000 c 20.000000
tx 61 r 47.000000 c 21.000000
tx 62 r 47.000000 c 22.000000
tx 63 r 47.000000 c 23.000000
tx 64 r 8.000000 c 20.000000
tx 65 r 8.000000 c 21.000000
tx 66 r 8.000000 c 22.000000
tx 67 r 8.000000 c 23.000000
tx 68 r 9.000000 c 20.000000
tx 69 r 9.000000 c 21.000000
tx 70 r 9.000000 c 22.000000
tx 71 r 9.000000 c 23.000000
tx 72 r 10.000000 c 20.000000
tx 73 r 10.000000 c 21.000000
tx 74 r 10.000000 c 22.000000
tx 75 r 10.000000 c 23.000000
tx 76 r 11.000000 c 20.000000
tx 77 r 11.000000 c 21.000000
tx 78 r 11.000000 c 22.000000
tx 79 r 11.000000 c 23.000000
tx 80 r 12.000000 c 20.000000
tx 81 r 12.000000 c 21.000000
tx 82 r 12.000000 c 22.000000
tx 83 r 12.000000 c 23.000000
tx 84 r 13.000000 c 20.000000
tx 85 r 13.000000 c 21.000000
tx 86 r 13.000000 c 22.000000
tx 87 r 13.000000 c 23.000000
tx 88 r 14.000000 c 20.000000
tx 89 r 14.000000 c 21.000000
tx 90 r 14.000000 c 22.000000
tx 91 r 14.000000 c 23.000000
tx 92 r 15.000000 c 20.000000
tx 93 r 15.000000 c 21.000000
tx 94 r 15.000000 c 22.000000
tx 95 r 15.000000 c 23.000000
tx 96 r 40.000000 c 20.000000
tx 97 r 40.000000 c 21.000000
tx 98 r 40.000000 c 22.000000
tx 99 r 40.000000 c 23.000000
tx 100 r 41.000000 c 20.000000
tx 101 r 41.000000 c 21.000000
tx 102 r 41.000000 c 22.000000
tx 103 r 41.000000 c 23.000000
tx 104 r 42.000000 c 20.000000
tx 105 r 42.000000 c 21.000000
tx 106 r 42.000000 c 22.000000
tx 107 r 42.000000 c 23.000000
tx 108 r 43.000000 c 20.000000
tx 109 r 43.000000 c 21.000000
tx 110 r 43.000000 c 22.000000
tx 111 r 43.000000 c 23.000000
tx 112 r 44.000000 c 20.000000
tx 113 r 44.000000 c 21.000000
tx 114 r 44.000000 c 22.000000
tx 115 r 44.000000 c 23.000000
tx 116 r 45.000000 c 20.000000
tx 117 r 45.000000 c 21.000000
tx 118 r 45.000000 c 22.000000
tx 119 r 45.000000 c 23.000000
tx 120 r 46.000000 c 20.000000
tx 121 r 46.000000 c 21.000000
tx 122 r 46.000000 c 22.000000
tx 123 r 46.000000 c 23.000000
tx 124 r 47.000000 c 20.000000
tx 125 r 47.000000 c 21.000000
tx 126 r 47.000000 c 22.000000
tx 127 r 47.000000 c 23.000000
tx 224 r 40.000000 c 20.000000
tx 225 r 40.000000 c 21.000000
tx 226 r 40.000000 c 22.000000
tx 227 r 40.000000 c 23.000000
tx 228 r 41.000000 c 20.000000
tx 229 r 41.000000 c 21.000000
tx 230 r 41.000000 c 22.000000
tx 231 r 41.000000 c 23.000000
tx 232 r 42.000000 c 20.000000
tx 233 r 42.000000 c 21.000000
tx 234 r 42.000000 c 22.000000
tx 235 r 42.000000 c 23.000000
tx 236 r 43.000000 c 20.000000
tx 237 r 43.000000 c 21.000000
tx 238 r 43.000000 c 22.000000
tx 239 r 43.000000 c 23.000000
tx 240 r 44.000000 c 20.000000
tx 241 r 44.000000 c 21.000000
tx 242 r 44.000000 c 22.000000
tx 243 r 44.000000 c 23.000000
tx 244 r 45.000000 c 20.000000
tx 245 r 45.000000 c 21.000000
tx 246 r 45.000000 c 22.000000
tx 247 r 45.000000 c 23.000000
tx 248 r 46.000000 c 20.000000
tx 249 r 46.000000 c 21.000000
tx 250 r 46.000000 c 22.000000
tx 251 r 46.000000 c 23.000000
tx 252 r 47.000000 c 20.000000
tx 253 r 47.000000 c 21.000000
tx 254 r 47.000000 c 22.000000
tx 255 r 47.000000 c 23.000000
tx 128 r 8.000000 c 20.000000
tx 129 r 8.000000 c 21.000000
tx 130 r 8.000000 c 22.000000
tx 131 r 8.000000 c 23.000000
tx 132 r 9.000000 c 20.000000
tx 133 r 9.000000 c 21.000000
tx 134 r 9.000000 c 22.000000
tx 135 r 9.000000 c 23.000000
tx 136 r 10.000000 c 20.000000
tx 137 r 10.000000 c 21.000000
tx 138 r 10.000000 c 22.000000
tx 139 r 10.000000 c 23.000000
tx 140 r 11.000000 c 20.000000
tx 141 r 11.000000 c 21.000000
tx 142 r 11.000000 c 22.000000
tx 143 r 11.000000 c 23.000000
tx 144 r 12.000000 c 20.000000
tx 145 r 12.000000 c 21.000000
tx 146 r 12.000000 c 22.000000
tx 147 r 12.000000 c 23.000000
tx 148 r 13.000000 c 20.000000
tx 149 r 13.000000 c 21.000000
tx 150 r 13.000000 c 22.000000
tx 151 r 13.000000 c 23.000000
tx 152 r 14.000000 c 20.000000
tx 153 r 14.000000 c 21.000000
tx 154 r 14.000000 c 22.000000
tx 155 r 14.000000 c 23.000000
tx 156 r 15.000000 c 20.000000
tx 157 r 15.000000 c 21.000000
tx 158 r 15.000000 c 22.000000
tx 159 r 15.000000 c 23.000000
tx 0 r 16.000000 c 20.000000
tx 1 r 16.000000 c 21.000000
tx 2 r 16.000000 c 22.000000
tx 3 r 16.000000 c 23.000000
tx 4 r 17.000000 c 20.000000
tx 5 r 17.000000 c 21.000000
tx 6 r 17.000000 c 22.000000
tx 7 r 17.000000 c 23.000000
tx 8 r 18.000000 c 20.000000
tx 9 r 18.000000 c 21.000000
tx 10 r 18.000000 c 22.000000
tx 11 r 18.000000 c 23.000000
tx 12 r 19.000000 c 20.000000
tx 13 r 19.000000 c 21.000000
tx 14 r 19.000000 c 22.000000
tx 15 r 19.000000 c 23.000000
tx 16 r 20.000000 c 20.000000
tx 17 r 20.000000 c 21.000000
tx 18 r 20.000000 c 22.000000
tx 19 r 20.000000 c 23.000000
tx 20 r 21.000000 c 20.000000
tx 21 r 21.000000 c 21.000000
tx 22 r 21.000000 c 22.000000
tx 23 r 21.000000 c 23.000000
tx 24 r 22.000000 c 20.000000
tx 25 r 22.000000 c 21.000000
tx 26 r 22.000000 c 22.000000
tx 27 r 22.000000 c 23.000000
tx 28 r 23.000000 c 20.000000
tx 29 r 23.000000 c 21.000000
tx 30 r 23.000000 c 22.000000
tx 31 r 23.000000 c 23.000000
tx 160 r 48.000000 c 20.000000
tx 161 r 48.000000 c 21.000000
tx 162 r 48.000000 c 22.000000
tx 163 r 48.000000 c 23.000000
tx 164 r 49.000000 c 20.000000
tx 165 r 49.000000 c 21.000000
tx 166 r 49.000000 c 22.000000
tx 167 r 49.000000 c 23.000000
tx 168 r 50.000000 c 20.000000
tx 169 r 50.000000 c 21.000000
tx 170 r 50.000000 c 22.000000
tx 171 r 50.000000 c 23.000000
tx 172 r 51.000000 c 20.000000
tx 173 r 51.000000 c 21.000000
tx 174 r 51.000000 c 22.000000
tx 175 r 51.000000 c 23.000000
tx 176 r 52.000000 c 20.000000
tx 177 r 52.000000 c 21.000000
tx 178 r 52.000000 c 22.000000
tx 179 r 52.000000 c 23.000000
tx 180 r 53.000000 c 20.000000
tx 181 r 53.000000 c 21.000000
tx 182 r 53.000000 c 22.000000
tx 183 r 53.000000 c 23.000000
tx 184 r 54.000000 c 20.000000
tx 185 r 54.000000 c 21.000000
tx 186 r 54.000000 c 22.000000
tx 187 r 54.000000 c 23.000000
tx 188 r 55.000000 c 20.000000
tx 189 r 55.000000 c 21.000000
tx 190 r 55.000000 c 22.000000
tx 191 r 55.000000 c 23.000000
tx 64 r 16.000000 c 20.000000
tx 65 r 16.000000 c 21.000000
tx 66 r 16.000000 c 22.000000
tx 67 r 16.000000 c 23.000000
tx 68 r 17.000000 c 20.000000
tx 69 r 17.000000 c 21.000000
tx 70 r 17.000000 c 22.000000
tx 71 r 17.000000 c 23.000000
tx 72 r 18.000000 c 20.000000
tx 73 r 18.000000 c 21.000000
tx 74 r 18.000000 c 22.000000
tx 75 r 18.000000 c 23.000000
tx 76 r 19.000000 c 20.000000
tx 77 r 19.000000 c 21.000000
tx 78 r 19.000000 c 22.000000
tx 79 r 19.000000 c 23.000000
tx 80 r 20.000000 c 20.000000
tx 81 r 20.000000 c 21.000000
tx 82 r 20.000000 c 22.000000
tx 83 r 20.000000 c 23.000000
tx 84 r 21.000000 c 20.000000
tx 85 r 21.000000 c 21.000000
tx 86 r 21.000000 c 22.000000
tx 87 r 21.000000 c 23.000000
tx 88 r 22.000000 c 20.000000
tx 89 r 22.000000 c 21.000000
tx 90 r 22.000000 c 22.000000
tx 91 r 22.000000 c 23.000000
tx 92 r 23.000000 c 20.000000
tx 93 r 23.000000 c 21.000000
tx 94 r 23.000000 c 22.000000
tx 95 r 23.000000 c 23.000000
tx 96 r 48.000000 c 20.000000
tx 97 r 48.000000 c 21.000000
tx 98 r 48.000000 c 22.000000
tx 99 r 48.000000 c 23.000000
tx 100 r 49.000000 c 20.000000
tx 101 r 49.000000 c 21.000000
tx 102 r 49.000000 c 22.000000
tx 103 r 49.000000 c 23.000000
tx 104 r 50.000000 c 20.000000
tx 105 r 50.000000 c 21.000000
tx 106 r 50.000000 c 22.000000
tx 107 r 50.000000 c 23.000000
tx 108 r 51.000000 c 20.000000
tx 109 r 51.000000 c 21.000000
tx 110 r 51.000000 c 22.000000
tx 111 r 51.000000 c 23.000000
tx 112 r 52.000000 c 20.000000
tx 113 r 52.000000 c 21.000000
tx 114 r 52.000000 c 22.000000
tx 115 r 52.000000 c 23.000000
tx 116 r 53.000000 c 20.000000
tx 117 r 53.000000 c 21.000000
tx 118 r 53.000000 c 22.000000
tx 119 r 53.000000 c 23.000000
tx 120 r 54.000000 c 20.000000
tx 121 r 54.000000 c 21.000000
tx 122 r 54.000000 c 22.000000
tx 123 r 54.000000 c 23.000000
tx 124 r 55.000000 c 20.000000
tx 125 r 55.000000 c 21.000000
tx 126 r 55.000000 c 22.000000
tx 127 r 55.000000 c 23.000000
tx 32 r 48.000000 c 20.000000
tx 33 r 48.000000 c 21.000000
tx 34 r 48.000000 c 22.000000
tx 35 r 48.000000 c 23.000000
tx 36 r 49.000000 c 20.000000
tx 37 r 49.000000 c 21.000000
tx 38 r 49.000000 c 22.000000
tx 39 r 49.000000 c 23.000000
tx 40 r 50.000000 c 20.000000
tx 41 r 50.000000 c 21.000000
tx 42 r 50.000000 c 22.000000
tx 43 r 50.000000 c 23.000000
tx 44 r 51.000000 c 20.000000
tx 45 r 51.000000 c 21.000000
tx 46 r 51.000000 c 22.000000
tx 47 r 51.000000 c 23.000000
tx 48 r 52.000000 c 20.000000
tx 49 r 52.000000 c 21.000000
tx 50 r 52.000000 c 22.000000
tx 51 r 52.000000 c 23.000000
tx 52 r 53.000000 c 20.000000
tx 53 r 53.000000 c 21.000000
tx 54 r 53.000000 c 22.000000
tx 55 r 53.000000 c 23.000000
tx 56 r 54.000000 c 20.000000
tx 57 r 54.000000 c 21.000000
tx 58 r 54.000000 c 22.000000
tx 59 r 54.000000 c 23.000000
tx 60 r 55.000000 c 20.000000
tx 61 r 55.000000 c 21.000000
tx 62 r 55.000000 c 22.000000
tx 63 r 55.000000 c 23.000000
tx 192 r 16.000000 c 20.000000
tx 193 r 16.000000 c 21.000000
tx 194 r 16.000000 c 22.000000
tx 195 r 16.000000 c 23.000000
tx 196 r 17.000000 c 20.000000
tx 197 r 17.000000 c 21.000000
tx 198 r 17.000000 c 22.000000
tx 199 r 17.000000 c 23.000000
tx 200 r 18.000000 c 20.000000
tx 201 r 18.000000 c 21.000000
tx 202 r 18.000000 c 22.000000
tx 203 r 18.000000 c 23.000000
tx 204 r 19.000000 c 20.000000
tx 205 r 19.000000 c 21.000000
tx 206 r 19.000000 c 22.000000
tx 207 r 19.000000 c 23.000000
tx 208 r 20.000000 c 20.000000
tx 209 r 20.000000 c 21.000000
tx 210 r 20.000000 c 22.000000
tx 211 r 20.000000 c 23.000000
tx 212 r 21.000000 c 20.000000
tx 213 r 21.000000 c 21.000000
tx 214 r 21.000000 c 22.000000
tx 215 r 21.000000 c 23.000000
tx 216 r 22.000000 c 20.000000
tx 217 r 22.000000 c 21.000000
tx 218 r 22.000000 c 22.000000
tx 219 r 22.000000 c 23.000000
tx 220 r 23.000000 c 20.000000
tx 221 r 23.000000 c 21.000000
tx 222 r 23.000000 c 22.000000
tx 223 r 23.000000 c 23.000000
tx 128 r 16.000000 c 20.000000
tx 129 r 16.000000 c 21.000000
tx 130 r 16.000000 c 22.000000
tx 131 r 16.000000 c 23.000000
tx 132 r 17.000000 c 20.000000
tx 133 r 17.000000 c 21.000000
tx 134 r 17.000000 c 22.000000
tx 135 r 17.000000 c 23.000000
tx 136 r 18.000000 c 20.000000
tx 137 r 18.000000 c 21.000000
tx 138 r 18.000000 c 22.000000
tx 139 r 18.000000 c 23.000000
tx 140 r 19.000000 c 20.000000
tx 141 r 19.000000 c 21.000000
tx 142 r 19.000000 c 22.000000
tx 143 r 19.000000 c 23.000000
tx 144 r 20.000000 c 20.000000
tx 145 r 20.000000 c 21.000000
tx 146 r 20.000000 c 22.000000
tx 147 r 20.000000 c 23.000000
tx 148 r 21.000000 c 20.000000
tx 149 r 21.000000 c 21.000000
tx 150 r 21.000000 c 22.000000
tx 151 r 21.000000 c 23.000000
tx 152 r 22.000000 c 20.000000
tx 153 r 22.000000 c 21.000000
tx 154 r 22.000000 c 22.000000
tx 155 r 22.000000 c 23.000000
tx 156 r 23.000000 c 20.000000
tx 157 r 23.000000 c 21.000000
tx 158 r 23.000000 c 22.000000
tx 159 r 23.000000 c 23.000000
tx 224 r 48.000000 c 20.000000
tx 225 r 48.000000 c 21.000000
tx 226 r 48.000000 c 22.000000
tx 227 r 48.000000 c 23.000000
tx 228 r 49.000000 c 20.000000
tx 229 r 49.000000 c 21.000000
tx 230 r 49.000000 c 22.000000
tx 231 r 49.000000 c 23.000000
tx 232 r 50.000000 c 20.000000
tx 233 r 50.000000 c 21.000000
tx 234 r 50.000000 c 22.000000
tx 235 r 50.000000 c 23.000000
tx 236 r 51.000000 c 20.000000
tx 237 r 51.000000 c 21.000000
tx 238 r 51.000000 c 22.000000
tx 239 r 51.000000 c 23.000000
tx 240 r 52.000000 c 20.000000
tx 241 r 52.000000 c 21.000000
tx 242 r 52.000000 c 22.000000
tx 243 r 52.000000 c 23.000000
tx 244 r 53.000000 c 20.000000
tx 245 r 53.000000 c 21.000000
tx 246 r 53.000000 c 22.000000
tx 247 r 53.000000 c 23.000000
tx 248 r 54.000000 c 20.000000
tx 249 r 54.000000 c 21.000000
tx 250 r 54.000000 c 22.000000
tx 251 r 54.000000 c 23.000000
tx 252 r 55.000000 c 20.000000
tx 253 r 55.000000 c 21.000000
tx 254 r 55.000000 c 22.000000
tx 255 r 55.000000 c 23.000000
tx 0 r 24.000000 c 20.000000
tx 1 r 24.000000 c 21.000000
tx 2 r 24.000000 c 22.000000
tx 3 r 24.000000 c 23.000000
tx 4 r 25.000000 c 20.000000
tx 5 r 25.000000 c 21.000000
tx 6 r 25.000000 c 22.000000
tx 7 r 25.000000 c 23.000000
tx 8 r 26.000000 c 20.000000
tx 9 r 26.000000 c 21.000000
tx 10 r 26.000000 c 22.000000
tx 11 r 26.000000 c 23.000000
tx 12 r 27.000000 c 20.000000
tx 13 r 27.000000 c 21.000000
tx 14 r 27.000000 c 22.000000
tx 15 r 27.000000 c 23.000000
tx 16 r 28.000000 c 20.000000
tx 17 r 28.000000 c 21.000000
tx 18 r 28.000000 c 22.000000
tx 19 r 28.000000 c 23.000000
tx 20 r 29.000000 c 20.000000
tx 21 r 29.000000 c 21.000000
tx 22 r 29.000000 c 22.000000
tx 23 r 29.000000 c 23.000000
tx 24 r 30.000000 c 20.000000
tx 25 r 30.000000 c 21.000000
tx 26 r 30.000000 c 22.000000
tx 27 r 30.000000 c 23.000000
tx 28 r 31.000000 c 20.000000
tx 29 r 31.000000 c 21.000000
tx 30 r 31.000000 c 22.000000
tx 31 r 31.000000 c 23.000000
tx 96 r 56.000000 c 20.000000
tx 97 r 56.000000 c 21.000000
tx 98 r 56.000000 c 22.000000
tx 99 r 56.000000 c 23.000000
tx 100 r 57.000000 c 20.000000
tx 101 r 57.000000 c 21.000000
tx 102 r 57.000000 c 22.000000
tx 103 r 57.000000 c 23.000000
tx 104 r 58.000000 c 20.000000
tx 105 r 58.000000 c 21.000000
tx 106 r 58.000000 c 22.000000
tx 107 r 58.000000 c 23.000000
tx 108 r 59.000000 c 20.000000
tx 109 r 59.000000 c 21.000000
tx 110 r 59.000000 c 22.000000
tx 111 r 59.000000 c 23.000000
tx 112 r 60.000000 c 20.000000
tx 113 r 60.000000 c 21.000000
tx 114 r 60.000000 c 22.000000
tx 115 r 60.000000 c 23.000000
tx 116 r 61.000000 c 20.000000
tx 117 r 61.000000 c 21.000000
tx 118 r 61.000000 c 22.000000
tx 119 r 61.000000 c 23.000000
tx 120 r 62.000000 c 20.000000
tx 121 r 62.000000 c 21.000000
tx 122 r 62.000000 c 22.000000
tx 123 r 62.000000 c 23.000000
tx 124 r 63.000000 c 20.000000
tx 125 r 63.000000 c 21.000000
tx 126 r 63.000000 c 22.000000
tx 127 r 63.000000 c 23.000000
tx 192 r 24.000000 c 20.000000
tx 193 r 24.000000 c 21.000000
tx 194 r 24.000000 c 22.000000
tx 195 r 24.000000 c 23.000000
tx 196 r 25.000000 c 20.000000
tx 197 r 25.000000 c 21.000000
tx 198 r 25.000000 c 22.000000
tx 199 r 25.000000 c 23.000000
tx 200 r 26.000000 c 20.000000
tx 201 r 26.000000 c 21.000000
tx 202 r 26.000000 c 22.000000
tx 203 r 26.000000 c 23.000000
tx 204 r 27.000000 c 20.000000
tx 205 r 27.000000 c 21.000000
tx 206 r 27.000000 c 22.000000
tx 207 r 27.000000 c 23.000000
tx 208 r 28.000000 c 20.000000
tx 209 r 28.000000 c 21.000000
tx 210 r 28.000000 c 22.000000
tx 211 r 28.000000 c 23.000000
tx 212 r 29.000000 c 20.000000
tx 213 r 29.000000 c 21.000000
tx 214 r 29.000000 c 22.000000
tx 215 r 29.000000 c 23.000000
tx 216 r 30.000000 c 20.000000
tx 217 r 30.000000 c 21.000000
tx 218 r 30.000000 c 22.000000
tx 219 r 30.000000 c 23.000000
tx 220 r 31.000000 c 20.000000
tx 221 r 31.000000 c 21.000000
tx 222 r 31.000000 c 22.000000
tx 223 r 31.000000 c 23.000000
tx 160 r 56.000000 c 20.000000
tx 161 r 56.000000 c 21.000000
tx 162 r 56.000000 c 22.000000
tx 163 r 56.000000 c 23.000000
tx 164 r 57.000000 c 20.000000
tx 165 r 57.000000 c 21.000000
tx 166 r 57.000000 c 22.000000
tx 167 r 57.000000 c 23.000000
tx 168 r 58.000000 c 20.000000
tx 169 r 58.000000 c 21.000000
tx 170 r 58.000000 c 22.000000
tx 171 r 58.000000 c 23.000000
tx 172 r 59.000000 c 20.000000
tx 173 r 59.000000 c 21.000000
tx 174 r 59.000000 c 22.000000
tx 175 r 59.000000 c 23.000000
tx 176 r 60.000000 c 20.000000
tx 177 r 60.000000 c 21.000000
tx 178 r 60.000000 c 22.000000
tx 179 r 60.000000 c 23.000000
tx 180 r 61.000000 c 20.000000
tx 181 r 61.000000 c 21.000000
tx 182 r 61.000000 c 22.000000
tx 183 r 61.000000 c 23.000000
tx 184 r 62.000000 c 20.000000
tx 185 r 62.000000 c 21.000000
tx 186 r 62.000000 c 22.000000
tx 187 r 62.000000 c 23.000000
tx 188 r 63.000000 c 20.000000
tx 189 r 63.000000 c 21.000000
tx 190 r 63.000000 c 22.000000
tx 191 r 63.000000 c 23.000000
tx 32 r 56.000000 c 20.000000
tx 33 r 56.000000 c 21.000000
tx 34 r 56.000000 c 22.000000
tx 35 r 56.000000 c 23.000000
tx 36 r 57.000000 c 20.000000
tx 37 r 57.000000 c 21.000000
tx 38 r 57.000000 c 22.000000
tx 39 r 57.000000 c 23.000000
tx 40 r 58.000000 c 20.000000
tx 41 r 58.000000 c 21.000000
tx 42 r 58.000000 c 22.000000
tx 43 r 58.000000 c 23.000000
tx 44 r 59.000000 c 20.000000
tx 45 r 59.000000 c 21.000000
tx 46 r 59.000000 c 22.000000
tx 47 r 59.000000 c 23.000000
tx 48 r 60.000000 c 20.000000
tx 49 r 60.000000 c 21.000000
tx 50 r 60.000000 c 22.000000
tx 51 r 60.000000 c 23.000000
tx 52 r 61.000000 c 20.000000
tx 53 r 61.000000 c 21.000000
tx 54 r 61.000000 c 22.000000
tx 55 r 61.000000 c 23.000000
tx 56 r 62.000000 c 20.000000
tx 57 r 62.000000 c 21.000000
tx 58 r 62.000000 c 22.000000
tx 59 r 62.000000 c 23.000000
tx 60 r 63.000000 c 20.000000
tx 61 r 63.000000 c 21.000000
tx 62 r 63.000000 c 22.000000
tx 63 r 63.000000 c 23.000000
tx 64 r 24.000000 c 20.000000
tx 65 r 24.000000 c 21.000000
tx 66 r 24.000000 c 22.000000
tx 67 r 24.000000 c 23.000000
tx 68 r 25.000000 c 20.000000
tx 69 r 25.000000 c 21.000000
tx 70 r 25.000000 c 22.000000
tx 71 r 25.000000 c 23.000000
tx 72 r 26.000000 c 20.000000
tx 73 r 26.000000 c 21.000000
tx 74 r 26.000000 c 22.000000
tx 75 r 26.000000 c 23.000000
tx 76 r 27.000000 c 20.000000
tx 77 r 27.000000 c 21.000000
tx 78 r 27.000000 c 22.000000
tx 79 r 27.000000 c 23.000000
tx 80 r 28.000000 c 20.000000
tx 81 r 28.000000 c 21.000000
tx 82 r 28.000000 c 22.000000
tx 83 r 28.000000 c 23.000000
tx 84 r 29.000000 c 20.000000
tx 85 r 29.000000 c 21.000000
tx 86 r 29.000000 c 22.000000
tx 87 r 29.000000 c 23.000000
tx 88 r 30.000000 c 20.000000
tx 89 r 30.000000 c 21.000000
tx 90 r 30.000000 c 22.000000
tx 91 r 30.000000 c 23.000000
tx 92 r 31.000000 c 20.000000
tx 93 r 31.000000 c 21.000000
tx 94 r 31.000000 c 22.000000
tx 95 r 31.000000 c 23.000000
tx 224 r 56.000000 c 20.000000
tx 225 r 56.000000 c 21.000000
tx 226 r 56.000000 c 22.000000
tx 227 r 56.000000 c 23.000000
tx 228 r 57.000000 c 20.000000
tx 229 r 57.000000 c 21.000000
tx 230 r 57.000000 c 22.000000
tx 231 r 57.000000 c 23.000000
tx 232 r 58.000000 c 20.000000
tx 233 r 58.000000 c 21.000000
tx 234 r 58.000000 c 22.000000
tx 235 r 58.000000 c 23.000000
tx 236 r 59.000000 c 20.000000
tx 237 r 59.000000 c 21.000000
tx 238 r 59.000000 c 22.000000
tx 239 r 59.000000 c 23.000000
tx 240 r 60.000000 c 20.000000
tx 241 r 60.000000 c 21.000000
tx 242 r 60.000000 c 22.000000
tx 243 r 60.000000 c 23.000000
tx 244 r 61.000000 c 20.000000
tx 245 r 61.000000 c 21.000000
tx 246 r 61.000000 c 22.000000
tx 247 r 61.000000 c 23.000000
tx 248 r 62.000000 c 20.000000
tx 249 r 62.000000 c 21.000000
tx 250 r 62.000000 c 22.000000
tx 251 r 62.000000 c 23.000000
tx 252 r 63.000000 c 20.000000
tx 253 r 63.000000 c 21.000000
tx 254 r 63.000000 c 22.000000
tx 255 r 63.000000 c 23.000000
tx 128 r 24.000000 c 20.000000
tx 129 r 24.000000 c 21.000000
tx 130 r 24.000000 c 22.000000
tx 131 r 24.000000 c 23.000000
tx 132 r 25.000000 c 20.000000
tx 133 r 25.000000 c 21.000000
tx 134 r 25.000000 c 22.000000
tx 135 r 25.000000 c 23.000000
tx 136 r 26.000000 c 20.000000
tx 137 r 26.000000 c 21.000000
tx 138 r 26.000000 c 22.000000
tx 139 r 26.000000 c 23.000000
tx 140 r 27.000000 c 20.000000
tx 141 r 27.000000 c 21.000000
tx 142 r 27.000000 c 22.000000
tx 143 r 27.000000 c 23.000000
tx 144 r 28.000000 c 20.000000
tx 145 r 28.000000 c 21.000000
tx 146 r 28.000000 c 22.000000
tx 147 r 28.000000 c 23.000000
tx 148 r 29.000000 c 20.000000
tx 149 r 29.000000 c 21.000000
tx 150 r 29.000000 c 22.000000
tx 151 r 29.000000 c 23.000000
tx 152 r 30.000000 c 20.000000
tx 153 r 30.000000 c 21.000000
tx 154 r 30.000000 c 22.000000
tx 155 r 30.000000 c 23.000000
tx 156 r 31.000000 c 20.000000
tx 157 r 31.000000 c 21.000000
tx 158 r 31.000000 c 22.000000
tx 159 r 31.000000 c 23.000000
tx 64 r 0.000000 c 24.000000
tx 65 r 0.000000 c 25.000000
tx 66 r 0.000000 c 26.000000
tx 67 r 0.000000 c 27.000000
tx 68 r 1.000000 c 24.000000
tx 69 r 1.000000 c 25.000000
tx 70 r 1.000000 c 26.000000
tx 71 r 1.000000 c 27.000000
tx 72 r 2.000000 c 24.000000
tx 73 r 2.000000 c 25.000000
tx 74 r 2.000000 c 26.000000
tx 75 r 2.000000 c 27.000000
tx 76 r 3.000000 c 24.000000
tx 77 r 3.000000 c 25.000000
tx 78 r 3.000000 c 26.000000
tx 79 r 3.000000 c 27.000000
tx 80 r 4.000000 c 24.000000
tx 81 r 4.000000 c 25.000000
tx 82 r 4.000000 c 26.000000
tx 83 r 4.000000 c 27.000000
tx 84 r 5.000000 c 24.000000
tx 85 r 5.000000 c 25.000000
tx 86 r 5.000000 c 26.000000
tx 87 r 5.000000 c 27.000000
tx 88 r 6.000000 c 24.000000
tx 89 r 6.000000 c 25.000000
tx 90 r 6.000000 c 26.000000
tx 91 r 6.000000 c 27.000000
tx 92 r 7.000000 c 24.000000
tx 93 r 7.000000 c 25.000000
tx 94 r 7.000000 c 26.000000
tx 95 r 7.000000 c 27.000000
tx 224 r 32.000000 c 24.000000
tx 225 r 32.000000 c 25.000000
tx 226 r 32.000000 c 26.000000
tx 227 r 32.000000 c 27.000000
tx 228 r 33.000000 c 24.000000
tx 229 r 33.000000 c 25.000000
tx 230 r 33.000000 c 26.000000
tx 231 r 33.000000 c 27.000000
tx 232 r 34.000000 c 24.000000
tx 233 r 34.000000 c 25.000000
tx 234 r 34.000000 c 26.000000
tx 235 r 34.000000 c 27.000000
tx 236 r 35.000000 c 24.000000
tx 237 r 35.000000 c 25.000000
tx 238 r 35.000000 c 26.000000
tx 239 r 35.000000 c 27.000000
tx 240 r 36.000000 c 24.000000
tx 241 r 36.000000 c 25.000000
tx 242 r 36.000000 c 26.000000
tx 243 r 36.000000 c 27.000000
tx 244 r 37.000000 c 24.000000
tx 245 r 37.000000 c 25.000000
tx 246 r 37.000000 c 26.000000
tx 247 r 37.000000 c 27.000000
tx 248 r 38.000000 c 24.000000
tx 249 r 38.000000 c 25.000000
tx 250 r 38.000000 c 26.000000
tx 251 r 38.000000 c 27.000000
tx 252 r 39.000000 c 24.000000
tx 253 r 39.000000 c 25.000000
tx 254 r 39.000000 c 26.000000
tx 255 r 39.000000 c 27.000000
tx 128 r 0.000000 c 24.000000
tx 129 r 0.000000 c 25.000000
tx 130 r 0.000000 c 26.000000
tx 131 r 0.000000 c 27.000000
tx 132 r 1.000000 c 24.000000
tx 133 r 1.000000 c 25.000000
tx 134 r 1.000000 c 26.000000
tx 135 r 1.000000 c 27.000000
tx 136 r 2.000000 c 24.000000
tx 137 r 2.000000 c 25.000000
tx 138 r 2.000000 c 26.000000
tx 139 r 2.000000 c 27.000000
tx 140 r 3.000000 c 24.000000
tx 141 r 3.000000 c 25.000000
tx 142 r 3.000000 c 26.000000
tx 143 r 3.000000 c 27.000000
tx 144 r 4.000000 c 24.000000
tx 145 r 4.000000 c 25.000000
tx 146 r 4.000000 c 26.000000
tx 147 r 4.000000 c 27.000000
tx 148 r 5.000000 c 24.000000
tx 149 r 5.000000 c 25.000000
tx 150 r 5.000000 c 26.000000
tx 151 r 5.000000 c 27.000000
tx 152 r 6.000000 c 24.000000
tx 153 r 6.000000 c 25.000000
tx 154 r 6.000000 c 26.000000
tx 155 r 6.000000 c 27.000000
tx 156 r 7.000000 c 24.000000
tx 157 r 7.000000 c 25.000000
tx 158 r 7.000000 c 26.000000
tx 159 r 7.000000 c 27.000000
tx 160 r 32.000000 c 24.000000
tx 161 r 32.000000 c 25.000000
tx 162 r 32.000000 c 26.000000
tx 163 r 32.000000 c 27.000000
tx 164 r 33.000000 c 24.000000
tx 165 r 33.000000 c 25.000000
tx 166 r 33.000000 c 26.000000
tx 167 r 33.000000 c 27.000000
tx 168 r 34.000000 c 24.000000
tx 169 r 34.000000 c 25.000000
tx 170 r 34.000000 c 26.000000
tx 171 r 34.000000 c 27.000000
tx 172 r 35.000000 c 24.000000
tx 173 r 35.000000 c 25.000000
tx 174 r 35.000000 c 26.000000
tx 175 r 35.000000 c 27.000000
tx 176 r 36.000000 c 24.000000
tx 177 r 36.000000 c 25.000000
tx 178 r 36.000000 c 26.000000
tx 179 r 36.000000 c 27.000000
tx 180 r 37.000000 c 24.000000
tx 181 r 37.000000 c 25.000000
tx 182 r 37.000000 c 26.000000
tx 183 r 37.000000 c 27.000000
tx 184 r 38.000000 c 24.000000
tx 185 r 38.000000 c 25.000000
tx 186 r 38.000000 c 26.000000
tx 187 r 38.000000 c 27.000000
tx 188 r 39.000000 c 24.000000
tx 189 r 39.000000 c 25.000000
tx 190 r 39.000000 c 26.000000
tx 191 r 39.000000 c 27.000000
tx 96 r 32.000000 c 24.000000
tx 97 r 32.000000 c 25.000000
tx 98 r 32.000000 c 26.000000
tx 99 r 32.000000 c 27.000000
tx 100 r 33.000000 c 24.000000
tx 101 r 33.000000 c 25.000000
tx 102 r 33.000000 c 26.000000
tx 103 r 33.000000 c 27.000000
tx 104 r 34.000000 c 24.000000
tx 105 r 34.000000 c 25.000000
tx 106 r 34.000000 c 26.000000
tx 107 r 34.000000 c 27.000000
tx 108 r 35.000000 c 24.000000
tx 109 r 35.000000 c 25.000000
tx 110 r 35.000000 c 26.000000
tx 111 r 35.000000 c 27.000000
tx 112 r 36.000000 c 24.000000
tx 113 r 36.000000 c 25.000000
tx 114 r 36.000000 c 26.000000
tx 115 r 36.000000 c 27.000000
tx 116 r 37.000000 c 24.000000
tx 117 r 37.000000 c 25.000000
tx 118 r 37.000000 c 26.000000
tx 119 r 37.000000 c 27.000000
tx 120 r 38.000000 c 24.000000
tx 121 r 38.000000 c 25.000000
tx 122 r 38.000000 c 26.000000
tx 123 r 38.000000 c 27.000000
tx 124 r 39.000000 c 24.000000
tx 125 r 39.000000 c 25.000000
tx 126 r 39.000000 c 26.000000
tx 127 r 39.000000 c 27.000000
tx 32 r 32.000000 c 24.000000
tx 33 r 32.000000 c 25.000000
tx 34 r 32.000000 c 26.000000
tx 35 r 32.000000 c 27.000000
tx 36 r 33.000000 c 24.000000
tx 37 r 33.000000 c 25.000000
tx 38 r 33.000000 c 26.000000
tx 39 r 33.000000 c 27.000000
tx 40 r 34.000000 c 24.000000
tx 41 r 34.000000 c 25.000000
tx 42 r 34.000000 c 26.000000
tx 43 r 34.000000 c 27.000000
tx 44 r 35.000000 c 24.000000
tx 45 r 35.000000 c 25.000000
tx 46 r 35.000000 c 26.000000
tx 47 r 35.000000 c 27.000000
tx 48 r 36.000000 c 24.000000
tx 49 r 36.000000 c 25.000000
tx 50 r 36.000000 c 26.000000
tx 51 r 36.000000 c 27.000000
tx 52 r 37.000000 c 24.000000
tx 53 r 37.000000 c 25.000000
tx 54 r 37.000000 c 26.000000
tx 55 r 37.000000 c 27.000000
tx 56 r 38.000000 c 24.000000
tx 57 r 38.000000 c 25.000000
tx 58 r 38.000000 c 26.000000
tx 59 r 38.000000 c 27.000000
tx 60 r 39.000000 c 24.000000
tx 61 r 39.000000 c 25.000000
tx 62 r 39.000000 c 26.000000
tx 63 r 39.000000 c 27.000000
tx 0 r 0.000000 c 24.000000
tx 1 r 0.000000 c 25.000000
tx 2 r 0.000000 c 26.000000
tx 3 r 0.000000 c 27.000000
tx 4 r 1.000000 c 24.000000
tx 5 r 1.000000 c 25.000000
tx 6 r 1.000000 c 26.000000
tx 7 r 1.000000 c 27.000000
tx 8 r 2.000000 c 24.000000
tx 9 r 2.000000 c 25.000000
tx 10 r 2.000000 c 26.000000
tx 11 r 2.000000 c 27.000000
tx 12 r 3.000000 c 24.000000
tx 13 r 3.000000 c 25.000000
tx 14 r 3.000000 c 26.000000
tx 15 r 3.000000 c 27.000000
tx 16 r 4.000000 c 24.000000
tx 17 r 4.000000 c 25.000000
tx 18 r 4.000000 c 26.000000
tx 19 r 4.000000 c 27.000000
tx 20 r 5.000000 c 24.000000
tx 21 r 5.000000 c 25.000000
tx 22 r 5.000000 c 26.000000
tx 23 r 5.000000 c 27.000000
tx 24 r 6.000000 c 24.000000
tx 25 r 6.000000 c 25.000000
tx 26 r 6.000000 c 26.000000
tx 27 r 6.000000 c 27.000000
tx 28 r 7.000000 c 24.000000
tx 29 r 7.000000 c 25.000000
tx 30 r 7.000000 c 26.000000
tx 31 r 7.000000 c 27.000000
tx 192 r 0.000000 c 24.000000
tx 193 r 0.000000 c 25.000000
tx 194 r 0.000000 c 26.000000
tx 195 r 0.000000 c 27.000000
tx 196 r 1.000000 c 24.000000
tx 197 r 1.000000 c 25.000000
tx 198 r 1.000000 c 26.000000
tx 199 r 1.000000 c 27.000000
tx 200 r 2.000000 c 24.000000
tx 201 r 2.000000 c 25.000000
tx 202 r 2.000000 c 26.000000
tx 203 r 2.000000 c 27.000000
tx 204 r 3.000000 c 24.000000
tx 205 r 3.000000 c 25.000000
tx 206 r 3.000000 c 26.000000
tx 207 r 3.000000 c 27.000000
tx 208 r 4.000000 c 24.000000
tx 209 r 4.000000 c 25.000000
tx 210 r 4.000000 c 26.000000
tx 211 r 4.000000 c 27.000000
tx 212 r 5.000000 c 24.000000
tx 213 r 5.000000 c 25.000000
tx 214 r 5.000000 c 26.000000
tx 215 r 5.000000 c 27.000000
tx 216 r 6.000000 c 24.000000
tx 217 r 6.000000 c 25.000000
tx 218 r 6.000000 c 26.000000
tx 219 r 6.000000 c 27.000000
tx 220 r 7.000000 c 24.000000
tx 221 r 7.000000 c 25.000000
tx 222 r 7.000000 c 26.000000
tx 223 r 7.000000 c 27.000000
tx 224 r 40.000000 c 24.000000
tx 225 r 40.000000 c 25.000000
tx 226 r 40.000000 c 26.000000
tx 227 r 40.000000 c 27.000000
tx 228 r 41.000000 c 24.000000
tx 229 r 41.000000 c 25.000000
tx 230 r 41.000000 c 26.000000
tx 231 r 41.000000 c 27.000000
tx 232 r 42.000000 c 24.000000
tx 233 r 42.000000 c 25.000000
tx 234 r 42.000000 c 26.000000
tx 235 r 42.000000 c 27.000000
tx 236 r 43.000000 c 24.000000
tx 237 r 43.000000 c 25.000000
tx 238 r 43.000000 c 26.000000
tx 239 r 43.000000 c 27.000000
tx 240 r 44.000000 c 24.000000
tx 241 r 44.000000 c 25.000000
tx 242 r 44.000000 c 26.000000
tx 243 r 44.000000 c 27.000000
tx 244 r 45.000000 c 24.000000
tx 245 r 45.000000 c 25.000000
tx 246 r 45.000000 c 26.000000
tx 247 r 45.000000 c 27.000000
tx 248 r 46.000000 c 24.000000
tx 249 r 46.000000 c 25.000000
tx 250 r 46.000000 c 26.000000
tx 251 r 46.000000 c 27.000000
tx 252 r 47.000000 c 24.000000
tx 253 r 47.000000 c 25.000000
tx 254 r 47.000000 c 26.000000
tx 255 r 47.000000 c 27.000000
tx 64 r 8.000000 c 24.000000
tx 65 r 8.000000 c 25.000000
tx 66 r 8.000000 c 26.000000
tx 67 r 8.000000 c 27.000000
tx 68 r 9.000000 c 24.000000
tx 69 r 9.000000 c 25.000000
tx 70 r 9.000000 c 26.000000
tx 71 r 9.000000 c 27.000000
tx 72 r 10.000000 c 24.000000
tx 73 r 10.000000 c 25.000000
tx 74 r 10.000000 c 26.000000
tx 75 r 10.000000 c 27.000000
tx 76 r 11.000000 c 24.000000
tx 77 r 11.000000 c 25.000000
tx 78 r 11.000000 c 26.000000
tx 79 r 11.000000 c 27.000000
tx 80 r 12.000000 c 24.000000
tx 81 r 12.000000 c 25.000000
tx 82 r 12.000000 c 26.000000
tx 83 r 12.000000 c 27.000000
tx 84 r 13.000000 c 24.000000
tx 85 r 13.000000 c 25.000000
tx 86 r 13.000000 c 26.000000
tx 87 r 13.000000 c 27.000000
tx 88 r 14.000000 c 24.000000
tx 89 r 14.000000 c 25.000000
tx 90 r 14.000000 c 26.000000
tx 91 r 14.000000 c 27.000000
tx 92 r 15.000000 c 24.000000
tx 93 r 15.000000 c 25.000000
tx 94 r 15.000000 c 26.000000
tx 95 r 15.000000 c 27.000000
tx 96 r 40.000000 c 24.000000
tx 97 r 40.000000 c 25.000000
tx 98 r 40.000000 c 26.000000
tx 99 r 40.000000 c 27.000000
tx 100 r 41.000000 c 24.000000
tx 101 r 41.000000 c 25.000000
tx 102 r 41.000000 c 26.000000
tx 103 r 41.000000 c 27.000000
tx 104 r 42.000000 c 24.000000
tx 105 r 42.000000 c 25.000000
tx 106 r 42.000000 c 26.000000
tx 107 r 42.000000 c 27.000000
tx 108 r 43.000000 c 24.000000
tx 109 r 43.000000 c 25.000000
tx 110 r 43.000000 c 26.000000
tx 111 r 43.000000 c 27.000000
tx 112 r 44.000000 c 24.000000
tx 113 r 44.000000 c 25.000000
tx 114 r 44.000000 c 26.000000
tx 115 r 44.000000 c 27.000000
tx 116 r 45.000000 c 24.000000
tx 117 r 45.000000 c 25.000000
tx 118 r 45.000000 c 26.000000
tx 119 r 45.000000 c 27.000000
tx 120 r 46.000000 c 24.000000
tx 121 r 46.000000 c 25.000000
tx 122 r 46.000000 c 26.000000
tx 123 r 46.000000 c 27.000000
tx 124 r 47.000000 c 24.000000
tx 125 r 47.000000 c 25.000000
tx 126 r 47.000000 c 26.000000
tx 127 r 47.000000 c 27.000000
tx 160 r 40.000000 c 24.000000
tx 161 r 40.000000 c 25.000000
tx 162 r 40.000000 c 26.000000
tx 163 r 40.000000 c 27.000000
tx 164 r 41.000000 c 24.000000
tx 165 r 41.000000 c 25.000000
tx 166 r 41.000000 c 26.000000
tx 167 r 41.000000 c 27.000000
tx 168 r 42.000000 c 24.000000
tx 169 r 42.000000 c 25.000000
tx 170 r 42.000000 c 26.000000
tx 171 r 42.000000 c 27.000000
tx 172 r 43.000000 c 24.000000
tx 173 r 43.000000 c 25.000000
tx 174 r 43.000000 c 26.000000
tx 175 r 43.000000 c 27.000000
tx 176 r 44.000000 c 24.000000
tx 177 r 44.000000 c 25.000000
tx 178 r 44.000000 c 26.000000
tx 179 r 44.000000 c 27.000000
tx 180 r 45.000000 c 24.000000
tx 181 r 45.000000 c 25.000000
tx 182 r 45.000000 c 26.000000
tx 183 r 45.000000 c 27.000000
tx 184 r 46.000000 c 24.000000
tx 185 r 46.000000 c 25.000000
tx 186 r 46.000000 c 26.000000
tx 187 r 46.000000 c 27.000000
tx 188 r 47.000000 c 24.000000
tx 189 r 47.000000 c 25.000000
tx 190 r 47.000000 c 26.000000
tx 191 r 47.000000 c 27.000000
tx 0 r 8.000000 c 24.000000
tx 1 r 8.000000 c 25.000000
tx 2 r 8.000000 c 26.000000
tx 3 r 8.000000 c 27.000000
tx 4 r 9.000000 c 24.000000
tx 5 r 9.000000 c 25.000000
tx 6 r 9.000000 c 26.000000
tx 7 r 9.000000 c 27.000000
tx 8 r 10.000000 c 24.000000
tx 9 r 10.000000 c 25.000000
tx 10 r 10.000000 c 26.000000
tx 11 r 10.000000 c 27.000000
tx 12 r 11.000000 c 24.000000
tx 13 r 11.000000 c 25.000000
tx 14 r 11.000000 c 26.000000
tx 15 r 11.000000 c 27.000000
tx 16 r 12.000000 c 24.000000
tx 17 r 12.000000 c 25.000000
tx 18 r 12.000000 c 26.000000
tx 19 r 12.000000 c 27.000000
tx 20 r 13.000000 c 24.000000
tx 21 r 13.000000 c 25.000000
tx 22 r 13.000000 c 26.000000
tx 23 r 13.000000 c 27.000000
tx 24 r 14.000000 c 24.000000
tx 25 r 14.000000 c 25.000000
tx 26 r 14.000000 c 26.000000
tx 27 r 14.000000 c 27.000000
tx 28 r 15.000000 c 24.000000
tx 29 r 15.000000 c 25.000000
tx 30 r 15.000000 c 26.000000
tx 31 r 15.000000 c 27.000000
tx 32 r 40.000000 c 24.000000
tx 33 r 40.000000 c 25.000000
tx 34 r 40.000000 c 26.000000
tx 35 r 40.000000 c 27.000000
tx 36 r 41.000000 c 24.000000
tx 37 r 41.000000 c 25.000000
tx 38 r 41.000000 c 26.000000
tx 39 r 41.000000 c 27.000000
tx 40 r 42.000000 c 24.000000
tx 41 r 42.000000 c 25.000000
tx 42 r 42.000000 c 26.000000
tx 43 r 42.000000 c 27.000000
tx 44 r 43.000000 c 24.000000
tx 45 r 43.000000 c 25.000000
tx 46 r 43.000000 c 26.000000
tx 47 r 43.000000 c 27.000000
tx 48 r 44.000000 c 24.000000
tx 49 r 44.000000 c 25.000000
tx 50 r 44.000000 c 26.000000
tx 51 r 44.000000 c 27.000000
tx 52 r 45.000000 c 24.000000
tx 53 r 45.000000 c 25.000000
tx 54 r 45.000000 c 26.000000
tx 55 r 45.000000 c 27.000000
tx 56 r 46.000000 c 24.000000
tx 57 r 46.000000 c 25.000000
tx 58 r 46.000000 c 26.000000
tx 59 r 46.000000 c 27.000000
tx 60 r 47.000000 c 24.000000
tx 61 r 47.000000 c 25.000000
tx 62 r 47.000000 c 26.000000
tx 63 r 47.000000 c 27.000000
tx 128 r 8.000000 c 24.000000
tx 129 r 8.000000 c 25.000000
tx 130 r 8.000000 c 26.000000
tx 131 r 8.000000 c 27.000000
tx 132 r 9.000000 c 24.000000
tx 133 r 9.000000 c 25.000000
tx 134 r 9.000000 c 26.000000
tx 135 r 9.000000 c 27.000000
tx 136 r 10.000000 c 24.000000
tx 137 r 10.000000 c 25.000000
tx 138 r 10.000000 c 26.000000
tx 139 r 10.000000 c 27.000000
tx 140 r 11.000000 c 24.000000
tx 141 r 11.000000 c 25.000000
tx 142 r 11.000000 c 26.000000
tx 143 r 11.000000 c 27.000000
tx 144 r 12.000000 c 24.000000
tx 145 r 12.000000 c 25.000000
tx 146 r 12.000000 c 26.000000
tx 147 r 12.000000 c 27.000000
tx 148 r 13.000000 c 24.000000
tx 149 r 13.000000 c 25.000000
tx 150 r 13.000000 c 26.000000
tx 151 r 13.000000 c 27.000000
tx 152 r 14.000000 c 24.000000
tx 153 r 14.000000 c 25.000000
tx 154 r 14.000000 c 26.000000
tx 155 r 14.000000 c 27.000000
tx 156 r 15.000000 c 24.000000
tx 157 r 15.000000 c 25.000000
tx 158 r 15.000000 c 26.000000
tx 159 r 15.000000 c 27.000000
tx 192 r 8.000000 c 24.000000
tx 193 r 8.000000 c 25.000000
tx 194 r 8.000000 c 26.000000
tx 195 r 8.000000 c 27.000000
tx 196 r 9.000000 c 24.000000
tx 197 r 9.000000 c 25.000000
tx 198 r 9.000000 c 26.000000
tx 199 r 9.000000 c 27.000000
tx 200 r 10.000000 c 24.000000
tx 201 r 10.000000 c 25.000000
tx 202 r 10.000000 c 26.000000
tx 203 r 10.000000 c 27.000000
tx 204 r 11.000000 c 24.000000
tx 205 r 11.000000 c 25.000000
tx 206 r 11.000000 c 26.000000
tx 207 r 11.000000 c 27.000000
tx 208 r 12.000000 c 24.000000
tx 209 r 12.000000 c 25.000000
tx 210 r 12.000000 c 26.000000
tx 211 r 12.000000 c 27.000000
tx 212 r 13.000000 c 24.000000
tx 213 r 13.000000 c 25.000000
tx 214 r 13.000000 c 26.000000
tx 215 r 13.000000 c 27.000000
tx 216 r 14.000000 c 24.000000
tx 217 r 14.000000 c 25.000000
tx 218 r 14.000000 c 26.000000
tx 219 r 14.000000 c 27.000000
tx 220 r 15.000000 c 24.000000
tx 221 r 15.000000 c 25.000000
tx 222 r 15.000000 c 26.000000
tx 223 r 15.000000 c 27.000000
tx 224 r 48.000000 c 24.000000
tx 225 r 48.000000 c 25.000000
tx 226 r 48.000000 c 26.000000
tx 227 r 48.000000 c 27.000000
tx 228 r 49.000000 c 24.000000
tx 229 r 49.000000 c 25.000000
tx 230 r 49.000000 c 26.000000
tx 231 r 49.000000 c 27.000000
tx 232 r 50.000000 c 24.000000
tx 233 r 50.000000 c 25.000000
tx 234 r 50.000000 c 26.000000
tx 235 r 50.000000 c 27.000000
tx 236 r 51.000000 c 24.000000
tx 237 r 51.000000 c 25.000000
tx 238 r 51.000000 c 26.000000
tx 239 r 51.000000 c 27.000000
tx 240 r 52.000000 c 24.000000
tx 241 r 52.000000 c 25.000000
tx 242 r 52.000000 c 26.000000
tx 243 r 52.000000 c 27.000000
tx 244 r 53.000000 c 24.000000
tx 245 r 53.000000 c 25.000000
tx 246 r 53.000000 c 26.000000
tx 247 r 53.000000 c 27.000000
tx 248 r 54.000000 c 24.000000
tx 249 r 54.000000 c 25.000000
tx 250 r 54.000000 c 26.000000
tx 251 r 54.000000 c 27.000000
tx 252 r 55.000000 c 24.000000
tx 253 r 55.000000 c 25.000000
tx 254 r 55.000000 c 26.000000
tx 255 r 55.000000 c 27.000000
tx 160 r 48.000000 c 24.000000
tx 161 r 48.000000 c 25.000000
tx 162 r 48.000000 c 26.000000
tx 163 r 48.000000 c 27.000000
tx 164 r 49.000000 c 24.000000
tx 165 r 49.000000 c 25.000000
tx 166 r 49.000000 c 26.000000
tx 167 r 49.000000 c 27.000000
tx 168 r 50.000000 c 24.000000
tx 169 r 50.000000 c 25.000000
tx 170 r 50.000000 c 26.000000
tx 171 r 50.000000 c 27.000000
tx 172 r 51.000000 c 24.000000
tx 173 r 51.000000 c 25.000000
tx 174 r 51.000000 c 26.000000
tx 175 r 51.000000 c 27.000000
tx 176 r 52.000000 c 24.000000
tx 177 r 52.000000 c 25.000000
tx 178 r 52.000000 c 26.000000
tx 179 r 52.000000 c 27.000000
tx 180 r 53.000000 c 24.000000
tx 181 r 53.000000 c 25.000000
tx 182 r 53.000000 c 26.000000
tx 183 r 53.000000 c 27.000000
tx 184 r 54.000000 c 24.000000
tx 185 r 54.000000 c 25.000000
tx 186 r 54.000000 c 26.000000
tx 187 r 54.000000 c 27.000000
tx 188 r 55.000000 c 24.000000
tx 189 r 55.000000 c 25.000000
tx 190 r 55.000000 c 26.000000
tx 191 r 55.000000 c 27.000000
tx 64 r 16.000000 c 24.000000
tx 65 r 16.000000 c 25.000000
tx 66 r 16.000000 c 26.000000
tx 67 r 16.000000 c 27.000000
tx 68 r 17.000000 c 24.000000
tx 69 r 17.000000 c 25.000000
tx 70 r 17.000000 c 26.000000
tx 71 r 17.000000 c 27.000000
tx 72 r 18.000000 c 24.000000
tx 73 r 18.000000 c 25.000000
tx 74 r 18.000000 c 26.000000
tx 75 r 18.000000 c 27.000000
tx 76 r 19.000000 c 24.000000
tx 77 r 19.000000 c 25.000000
tx 78 r 19.000000 c 26.000000
tx 79 r 19.000000 c 27.000000
tx 80 r 20.000000 c 24.000000
tx 81 r 20.000000 c 25.000000
tx 82 r 20.000000 c 26.000000
tx 83 r 20.000000 c 27.000000
tx 84 r 21.000000 c 24.000000
tx 85 r 21.000000 c 25.000000
tx 86 r 21.000000 c 26.000000
tx 87 r 21.000000 c 27.000000
tx 88 r 22.000000 c 24.000000
tx 89 r 22.000000 c 25.000000
tx 90 r 22.000000 c 26.000000
tx 91 r 22.000000 c 27.000000
tx 92 r 23.000000 c 24.000000
tx 93 r 23.000000 c 25.000000
tx 94 r 23.000000 c 26.000000
tx 95 r 23.000000 c 27.000000
tx 0 r 16.000000 c 24.000000
tx 1 r 16.000000 c 25.000000
tx 2 r 16.000000 c 26.000000
tx 3 r 16.000000 c 27.000000
tx 4 r 17.000000 c 24.000000
tx 5 r 17.000000 c 25.000000
tx 6 r 17.000000 c 26.000000
tx 7 r 17.000000 c 27.000000
tx 8 r 18.000000 c 24.000000
tx 9 r 18.000000 c 25.000000
tx 10 r 18.000000 c 26.000000
tx 11 r 18.000000 c 27.000000
tx 12 r 19.000000 c 24.000000
tx 13 r 19.000000 c 25.000000
tx 14 r 19.000000 c 26.000000
tx 15 r 19.000000 c 27.000000
tx 16 r 20.000000 c 24.000000
tx 17 r 20.000000 c 25.000000
tx 18 r 20.000000 c 26.000000
tx 19 r 20.000000 c 27.000000
tx 20 r 21.000000 c 24.000000
tx 21 r 21.000000 c 25.000000
tx 22 r 21.000000 c 26.000000
tx 23 r 21.000000 c 27.000000
tx 24 r 22.000000 c 24.000000
tx 25 r 22.000000 c 25.000000
tx 26 r 22.000000 c 26.000000
tx 27 r 22.000000 c 27.000000
tx 28 r 23.000000 c 24.000000
tx 29 r 23.000000 c 25.000000
tx 30 r 23.000000 c 26.000000
tx 31 r 23.000000 c 27.000000
tx 32 r 48.000000 c 24.000000
tx 33 r 48.000000 c 25.000000
tx 34 r 48.000000 c 26.000000
tx 35 r 48.000000 c 27.000000
tx 36 r 49.000000 c 24.000000
tx 37 r 49.000000 c 25.000000
tx 38 r 49.000000 c 26.000000
tx 39 r 49.000000 c 27.000000
tx 40 r 50.000000 c 24.000000
tx 41 r 50.000000 c 25.000000
tx 42 r 50.000000 c 26.000000
tx 43 r 50.000000 c 27.000000
tx 44 r 51.000000 c 24.000000
tx 45 r 51.000000 c 25.000000
tx 46 r 51.000000 c 26.000000
tx 47 r 51.000000 c 27.000000
tx 48 r 52.000000 c 24.000000
tx 49 r 52.000000 c 25.000000
tx 50 r 52.000000 c 26.000000
tx 51 r 52.000000 c 27.000000
tx 52 r 53.000000 c 24.000000
tx 53 r 53.000000 c 25.000000
tx 54 r 53.000000 c 26.000000
tx 55 r 53.000000 c 27.000000
tx 56 r 54.000000 c 24.000000
tx 57 r 54.000000 c 25.000000
tx 58 r 54.000000 c 26.000000
tx 59 r 54.000000 c 27.000000
tx 60 r 55.000000 c 24.000000
tx 61 r 55.000000 c 25.000000
tx 62 r 55.000000 c 26.000000
tx 63 r 55.000000 c 27.000000
tx 96 r 48.000000 c 24.000000
tx 97 r 48.000000 c 25.000000
tx 98 r 48.000000 c 26.000000
tx 99 r 48.000000 c 27.000000
tx 100 r 49.000000 c 24.000000
tx 101 r 49.000000 c 25.000000
tx 102 r 49.000000 c 26.000000
tx 103 r 49.000000 c 27.000000
tx 104 r 50.000000 c 24.000000
tx 105 r 50.000000 c 25.000000
tx 106 r 50.000000 c 26.000000
tx 107 r 50.000000 c 27.000000
tx 108 r 51.000000 c 24.000000
tx 109 r 51.000000 c 25.000000
tx 110 r 51.000000 c 26.000000
tx 111 r 51.000000 c 27.000000
tx 112 r 52.000000 c 24.000000
tx 113 r 52.000000 c 25.000000
tx 114 r 52.000000 c 26.000000
tx 115 r 52.000000 c 27.000000
tx 116 r 53.000000 c 24.000000
tx 117 r 53.000000 c 25.000000
tx 118 r 53.000000 c 26.000000
tx 119 r 53.000000 c 27.000000
tx 120 r 54.000000 c 24.000000
tx 121 r 54.000000 c 25.000000
tx 122 r 54.000000 c 26.000000
tx 123 r 54.000000 c 27.000000
tx 124 r 55.000000 c 24.000000
tx 125 r 55.000000 c 25.000000
tx 126 r 55.000000 c 26.000000
tx 127 r 55.000000 c 27.000000
tx 128 r 16.000000 c 24.000000
tx 129 r 16.000000 c 25.000000
tx 130 r 16.000000 c 26.000000
tx 131 r 16.000000 c 27.000000
tx 132 r 17.000000 c 24.000000
tx 133 r 17.000000 c 25.000000
tx 134 r 17.000000 c 26.000000
tx 135 r 17.000000 c 27.000000
tx 136 r 18.000000 c 24.000000
tx 137 r 18.000000 c 25.000000
tx 138 r 18.000000 c 26.000000
tx 139 r 18.000000 c 27.000000
tx 140 r 19.000000 c 24.000000
tx 141 r 19.000000 c 25.000000
tx 142 r 19.000000 c 26.000000
tx 143 r 19.000000 c 27.000000
tx 144 r 20.000000 c 24.000000
tx 145 r 20.000000 c 25.000000
tx 146 r 20.000000 c 26.000000
tx 147 r 20.000000 c 27.000000
tx 148 r 21.000000 c 24.000000
tx 149 r 21.000000 c 25.000000
tx 150 r 21.000000 c 26.000000
tx 151 r 21.000000 c 27.000000
tx 152 r 22.000000 c 24.000000
tx 153 r 22.000000 c 25.000000
tx 154 r 22.000000 c 26.000000
tx 155 r 22.000000 c 27.000000
tx 156 r 23.000000 c 24.000000
tx 157 r 23.000000 c 25.000000
tx 158 r 23.000000 c 26.000000
tx 159 r 23.000000 c 27.000000
tx 192 r 16.000000 c 24.000000
tx 193 r 16.000000 c 25.000000
tx 194 r 16.000000 c 26.000000
tx 195 r 16.000000 c 27.000000
tx 196 r 17.000000 c 24.000000
tx 197 r 17.000000 c 25.000000
tx 198 r 17.000000 c 26.000000
tx 199 r 17.000000 c 27.000000
tx 200 r 18.000000 c 24.000000
tx 201 r 18.000000 c 25.000000
tx 202 r 18.000000 c 26.000000
tx 203 r 18.000000 c 27.000000
tx 204 r 19.000000 c 24.000000
tx 205 r 19.000000 c 25.000000
tx 206 r 19.000000 c 26.000000
tx 207 r 19.000000 c 27.000000
tx 208 r 20.000000 c 24.000000
tx 209 r 20.000000 c 25.000000
tx 210 r 20.000000 c 26.000000
tx 211 r 20.000000 c 27.000000
tx 212 r 21.000000 c 24.000000
tx 213 r 21.000000 c 25.000000
tx 214 r 21.000000 c 26.000000
tx 215 r 21.000000 c 27.000000
tx 216 r 22.000000 c 24.000000
tx 217 r 22.000000 c 25.000000
tx 218 r 22.000000 c 26.000000
tx 219 r 22.000000 c 27.000000
tx 220 r 23.000000 c 24.000000
tx 221 r 23.000000 c 25.000000
tx 222 r 23.000000 c 26.000000
tx 223 r 23.000000 c 27.000000
tx 224 r 56.000000 c 24.000000
tx 225 r 56.000000 c 25.000000
tx 226 r 56.000000 c 26.000000
tx 227 r 56.000000 c 27.000000
tx 228 r 57.000000 c 24.000000
tx 229 r 57.000000 c 25.000000
tx 230 r 57.000000 c 26.000000
tx 231 r 57.000000 c 27.000000
tx 232 r 58.000000 c 24.000000
tx 233 r 58.000000 c 25.000000
tx 234 r 58.000000 c 26.000000
tx 235 r 58.000000 c 27.000000
tx 236 r 59.000000 c 24.000000
tx 237 r 59.000000 c 25.000000
tx 238 r 59.000000 c 26.000000
tx 239 r 59.000000 c 27.000000
tx 240 r 60.000000 c 24.000000
tx 241 r 60.000000 c 25.000000
tx 242 r 60.000000 c 26.000000
tx 243 r 60.000000 c 27.000000
tx 244 r 61.000000 c 24.000000
tx 245 r 61.000000 c 25.000000
tx 246 r 61.000000 c 26.000000
tx 247 r 61.000000 c 27.000000
tx 248 r 62.000000 c 24.000000
tx 249 r 62.000000 c 25.000000
tx 250 r 62.000000 c 26.000000
tx 251 r 62.000000 c 27.000000
tx 252 r 63.000000 c 24.000000
tx 253 r 63.000000 c 25.000000
tx 254 r 63.000000 c 26.000000
tx 255 r 63.000000 c 27.000000
tx 64 r 24.000000 c 24.000000
tx 65 r 24.000000 c 25.000000
tx 66 r 24.000000 c 26.000000
tx 67 r 24.000000 c 27.000000
tx 68 r 25.000000 c 24.000000
tx 69 r 25.000000 c 25.000000
tx 70 r 25.000000 c 26.000000
tx 71 r 25.000000 c 27.000000
tx 72 r 26.000000 c 24.000000
tx 73 r 26.000000 c 25.000000
tx 74 r 26.000000 c 26.000000
tx 75 r 26.000000 c 27.000000
tx 76 r 27.000000 c 24.000000
tx 77 r 27.000000 c 25.000000
tx 78 r 27.000000 c 26.000000
tx 79 r 27.000000 c 27.000000
tx 80 r 28.000000 c 24.000000
tx 81 r 28.000000 c 25.000000
tx 82 r 28.000000 c 26.000000
tx 83 r 28.000000 c 27.000000
tx 84 r 29.000000 c 24.000000
tx 85 r 29.000000 c 25.000000
tx 86 r 29.000000 c 26.000000
tx 87 r 29.000000 c 27.000000
tx 88 r 30.000000 c 24.000000
tx 89 r 30.000000 c 25.000000
tx 90 r 30.000000 c 26.000000
tx 91 r 30.000000 c 27.000000
tx 92 r 31.000000 c 24.000000
tx 93 r 31.000000 c 25.000000
tx 94 r 31.000000 c 26.000000
tx 95 r 31.000000 c 27.000000
tx 96 r 56.000000 c 24.000000
tx 97 r 56.000000 c 25.000000
tx 98 r 56.000000 c 26.000000
tx 99 r 56.000000 c 27.000000
tx 100 r 57.000000 c 24.000000
tx 101 r 57.000000 c 25.000000
tx 102 r 57.000000 c 26.000000
tx 103 r 57.000000 c 27.000000
tx 104 r 58.000000 c 24.000000
tx 105 r 58.000000 c 25.000000
tx 106 r 58.000000 c 26.000000
tx 107 r 58.000000 c 27.000000
tx 108 r 59.000000 c 24.000000
tx 109 r 59.000000 c 25.000000
tx 110 r 59.000000 c 26.000000
tx 111 r 59.000000 c 27.000000
tx 112 r 60.000000 c 24.000000
tx 113 r 60.000000 c 25.000000
tx 114 r 60.000000 c 26.000000
tx 115 r 60.000000 c 27.000000
tx 116 r 61.000000 c 24.000000
tx 117 r 61.000000 c 25.000000
tx 118 r 61.000000 c 26.000000
tx 119 r 61.000000 c 27.000000
tx 120 r 62.000000 c 24.000000
tx 121 r 62.000000 c 25.000000
tx 122 r 62.000000 c 26.000000
tx 123 r 62.000000 c 27.000000
tx 124 r 63.000000 c 24.000000
tx 125 r 63.000000 c 25.000000
tx 126 r 63.000000 c 26.000000
tx 127 r 63.000000 c 27.000000
tx 0 r 24.000000 c 24.000000
tx 1 r 24.000000 c 25.000000
tx 2 r 24.000000 c 26.000000
tx 3 r 24.000000 c 27.000000
tx 4 r 25.000000 c 24.000000
tx 5 r 25.000000 c 25.000000
tx 6 r 25.000000 c 26.000000
tx 7 r 25.000000 c 27.000000
tx 8 r 26.000000 c 24.000000
tx 9 r 26.000000 c 25.000000
tx 10 r 26.000000 c 26.000000
tx 11 r 26.000000 c 27.000000
tx 12 r 27.000000 c 24.000000
tx 13 r 27.000000 c 25.000000
tx 14 r 27.000000 c 26.000000
tx 15 r 27.000000 c 27.000000
tx 16 r 28.000000 c 24.000000
tx 17 r 28.000000 c 25.000000
tx 18 r 28.000000 c 26.000000
tx 19 r 28.000000 c 27.000000
tx 20 r 29.000000 c 24.000000
tx 21 r 29.000000 c 25.000000
tx 22 r 29.000000 c 26.000000
tx 23 r 29.000000 c 27.000000
tx 24 r 30.000000 c 24.000000
tx 25 r 30.000000 c 25.000000
tx 26 r 30.000000 c 26.000000
tx 27 r 30.000000 c 27.000000
tx 28 r 31.000000 c 24.000000
tx 29 r 31.000000 c 25.000000
tx 30 r 31.000000 c 26.000000
tx 31 r 31.000000 c 27.000000
tx 160 r 56.000000 c 24.000000
tx 161 r 56.000000 c 25.000000
tx 162 r 56.000000 c 26.000000
tx 163 r 56.000000 c 27.000000
tx 164 r 57.000000 c 24.000000
tx 165 r 57.000000 c 25.000000
tx 166 r 57.000000 c 26.000000
tx 167 r 57.000000 c 27.000000
tx 168 r 58.000000 c 24.000000
tx 169 r 58.000000 c 25.000000
tx 170 r 58.000000 c 26.000000
tx 171 r 58.000000 c 27.000000
tx 172 r 59.000000 c 24.000000
tx 173 r 59.000000 c 25.000000
tx 174 r 59.000000 c 26.000000
tx 175 r 59.000000 c 27.000000
tx 176 r 60.000000 c 24.000000
tx 177 r 60.000000 c 25.000000
tx 178 r 60.000000 c 26.000000
tx 179 r 60.000000 c 27.000000
tx 180 r 61.000000 c 24.000000
tx 181 r 61.000000 c 25.000000
tx 182 r 61.000000 c 26.000000
tx 183 r 61.000000 c 27.000000
tx 184 r 62.000000 c 24.000000
tx 185 r 62.000000 c 25.000000
tx 186 r 62.000000 c 26.000000
tx 187 r 62.000000 c 27.000000
tx 188 r 63.000000 c 24.000000
tx 189 r 63.000000 c 25.000000
tx 190 r 63.000000 c 26.000000
tx 191 r 63.000000 c 27.000000
tx 32 r 56.000000 c 24.000000
tx 33 r 56.000000 c 25.000000
tx 34 r 56.000000 c 26.000000
tx 35 r 56.000000 c 27.000000
tx 36 r 57.000000 c 24.000000
tx 37 r 57.000000 c 25.000000
tx 38 r 57.000000 c 26.000000
tx 39 r 57.000000 c 27.000000
tx 40 r 58.000000 c 24.000000
tx 41 r 58.000000 c 25.000000
tx 42 r 58.000000 c 26.000000
tx 43 r 58.000000 c 27.000000
tx 44 r 59.000000 c 24.000000
tx 45 r 59.000000 c 25.000000
tx 46 r 59.000000 c 26.000000
tx 47 r 59.000000 c 27.000000
tx 48 r 60.000000 c 24.000000
tx 49 r 60.000000 c 25.000000
tx 50 r 60.000000 c 26.000000
tx 51 r 60.000000 c 27.000000
tx 52 r 61.000000 c 24.000000
tx 53 r 61.000000 c 25.000000
tx 54 r 61.000000 c 26.000000
tx 55 r 61.000000 c 27.000000
tx 56 r 62.000000 c 24.000000
tx 57 r 62.000000 c 25.000000
tx 58 r 62.000000 c 26.000000
tx 59 r 62.000000 c 27.000000
tx 60 r 63.000000 c 24.000000
tx 61 r 63.000000 c 25.000000
tx 62 r 63.000000 c 26.000000
tx 63 r 63.000000 c 27.000000
tx 128 r 24.000000 c 24.000000
tx 129 r 24.000000 c 25.000000
tx 130 r 24.000000 c 26.000000
tx 131 r 24.000000 c 27.000000
tx 132 r 25.000000 c 24.000000
tx 133 r 25.000000 c 25.000000
tx 134 r 25.000000 c 26.000000
tx 135 r 25.000000 c 27.000000
tx 136 r 26.000000 c 24.000000
tx 137 r 26.000000 c 25.000000
tx 138 r 26.000000 c 26.000000
tx 139 r 26.000000 c 27.000000
tx 140 r 27.000000 c 24.000000
tx 141 r 27.000000 c 25.000000
tx 142 r 27.000000 c 26.000000
tx 143 r 27.000000 c 27.000000
tx 144 r 28.000000 c 24.000000
tx 145 r 28.000000 c 25.000000
tx 146 r 28.000000 c 26.000000
tx 147 r 28.000000 c 27.000000
tx 148 r 29.000000 c 24.000000
tx 149 r 29.000000 c 25.000000
tx 150 r 29.000000 c 26.000000
tx 151 r 29.000000 c 27.000000
tx 152 r 30.000000 c 24.000000
tx 153 r 30.000000 c 25.000000
tx 154 r 30.000000 c 26.000000
tx 155 r 30.000000 c 27.000000
tx 156 r 31.000000 c 24.000000
tx 157 r 31.000000 c 25.000000
tx 158 r 31.000000 c 26.000000
tx 159 r 31.000000 c 27.000000
tx 192 r 24.000000 c 24.000000
tx 193 r 24.000000 c 25.000000
tx 194 r 24.000000 c 26.000000
tx 195 r 24.000000 c 27.000000
tx 196 r 25.000000 c 24.000000
tx 197 r 25.000000 c 25.000000
tx 198 r 25.000000 c 26.000000
tx 199 r 25.000000 c 27.000000
tx 200 r 26.000000 c 24.000000
tx 201 r 26.000000 c 25.000000
tx 202 r 26.000000 c 26.000000
tx 203 r 26.000000 c 27.000000
tx 204 r 27.000000 c 24.000000
tx 205 r 27.000000 c 25.000000
tx 206 r 27.000000 c 26.000000
tx 207 r 27.000000 c 27.000000
tx 208 r 28.000000 c 24.000000
tx 209 r 28.000000 c 25.000000
tx 210 r 28.000000 c 26.000000
tx 211 r 28.000000 c 27.000000
tx 212 r 29.000000 c 24.000000
tx 213 r 29.000000 c 25.000000
tx 214 r 29.000000 c 26.000000
tx 215 r 29.000000 c 27.000000
tx 216 r 30.000000 c 24.000000
tx 217 r 30.000000 c 25.000000
tx 218 r 30.000000 c 26.000000
tx 219 r 30.000000 c 27.000000
tx 220 r 31.000000 c 24.000000
tx 221 r 31.000000 c 25.000000
tx 222 r 31.000000 c 26.000000
tx 223 r 31.000000 c 27.000000
tx 224 r 32.000000 c 24.000000
tx 225 r 32.000000 c 25.000000
tx 226 r 32.000000 c 26.000000
tx 227 r 32.000000 c 27.000000
tx 228 r 33.000000 c 24.000000
tx 229 r 33.000000 c 25.000000
tx 230 r 33.000000 c 26.000000
tx 231 r 33.000000 c 27.000000
tx 232 r 34.000000 c 24.000000
tx 233 r 34.000000 c 25.000000
tx 234 r 34.000000 c 26.000000
tx 235 r 34.000000 c 27.000000
tx 236 r 35.000000 c 24.000000
tx 237 r 35.000000 c 25.000000
tx 238 r 35.000000 c 26.000000
tx 239 r 35.000000 c 27.000000
tx 240 r 36.000000 c 24.000000
tx 241 r 36.000000 c 25.000000
tx 242 r 36.000000 c 26.000000
tx 243 r 36.000000 c 27.000000
tx 244 r 37.000000 c 24.000000
tx 245 r 37.000000 c 25.000000
tx 246 r 37.000000 c 26.000000
tx 247 r 37.000000 c 27.000000
tx 248 r 38.000000 c 24.000000
tx 249 r 38.000000 c 25.000000
tx 250 r 38.000000 c 26.000000
tx 251 r 38.000000 c 27.000000
tx 252 r 39.000000 c 24.000000
tx 253 r 39.000000 c 25.000000
tx 254 r 39.000000 c 26.000000
tx 255 r 39.000000 c 27.000000
tx 160 r 32.000000 c 24.000000
tx 161 r 32.000000 c 25.000000
tx 162 r 32.000000 c 26.000000
tx 163 r 32.000000 c 27.000000
tx 164 r 33.000000 c 24.000000
tx 165 r 33.000000 c 25.000000
tx 166 r 33.000000 c 26.000000
tx 167 r 33.000000 c 27.000000
tx 168 r 34.000000 c 24.000000
tx 169 r 34.000000 c 25.000000
tx 170 r 34.000000 c 26.000000
tx 171 r 34.000000 c 27.000000
tx 172 r 35.000000 c 24.000000
tx 173 r 35.000000 c 25.000000
tx 174 r 35.000000 c 26.000000
tx 175 r 35.000000 c 27.000000
tx 176 r 36.000000 c 24.000000
tx 177 r 36.000000 c 25.000000
tx 178 r 36.000000 c 26.000000
tx 179 r 36.000000 c 27.000000
tx 180 r 37.000000 c 24.000000
tx 181 r 37.000000 c 25.000000
tx 182 r 37.000000 c 26.000000
tx 183 r 37.000000 c 27.000000
tx 184 r 38.000000 c 24.000000
tx 185 r 38.000000 c 25.000000
tx 186 r 38.000000 c 26.000000
tx 187 r 38.000000 c 27.000000
tx 188 r 39.000000 c 24.000000
tx 189 r 39.000000 c 25.000000
tx 190 r 39.000000 c 26.000000
tx 191 r 39.000000 c 27.000000
tx 0 r 0.000000 c 24.000000
tx 1 r 0.000000 c 25.000000
tx 2 r 0.000000 c 26.000000
tx 3 r 0.000000 c 27.000000
tx 4 r 1.000000 c 24.000000
tx 5 r 1.000000 c 25.000000
tx 6 r 1.000000 c 26.000000
tx 7 r 1.000000 c 27.000000
tx 8 r 2.000000 c 24.000000
tx 9 r 2.000000 c 25.000000
tx 10 r 2.000000 c 26.000000
tx 11 r 2.000000 c 27.000000
tx 12 r 3.000000 c 24.000000
tx 13 r 3.000000 c 25.000000
tx 14 r 3.000000 c 26.000000
tx 15 r 3.000000 c 27.000000
tx 16 r 4.000000 c 24.000000
tx 17 r 4.000000 c 25.000000
tx 18 r 4.000000 c 26.000000
tx 19 r 4.000000 c 27.000000
tx 20 r 5.000000 c 24.000000
tx 21 r 5.000000 c 25.000000
tx 22 r 5.000000 c 26.000000
tx 23 r 5.000000 c 27.000000
tx 24 r 6.000000 c 24.000000
tx 25 r 6.000000 c 25.000000
tx 26 r 6.000000 c 26.000000
tx 27 r 6.000000 c 27.000000
tx 28 r 7.000000 c 24.000000
tx 29 r 7.000000 c 25.000000
tx 30 r 7.000000 c 26.000000
tx 31 r 7.000000 c 27.000000
tx 96 r 32.000000 c 24.000000
tx 97 r 32.000000 c 25.000000
tx 98 r 32.000000 c 26.000000
tx 99 r 32.000000 c 27.000000
tx 100 r 33.000000 c 24.000000
tx 101 r 33.000000 c 25.000000
tx 102 r 33.000000 c 26.000000
tx 103 r 33.000000 c 27.000000
tx 104 r 34.000000 c 24.000000
tx 105 r 34.000000 c 25.000000
tx 106 r 34.000000 c 26.000000
tx 107 r 34.000000 c 27.000000
tx 108 r 35.000000 c 24.000000
tx 109 r 35.000000 c 25.000000
tx 110 r 35.000000 c 26.000000
tx 111 r 35.000000 c 27.000000
tx 112 r 36.000000 c 24.000000
tx 113 r 36.000000 c 25.000000
tx 114 r 36.000000 c 26.000000
tx 115 r 36.000000 c 27.000000
tx 116 r 37.000000 c 24.000000
tx 117 r 37.000000 c 25.000000
tx 118 r 37.000000 c 26.000000
tx 119 r 37.000000 c 27.000000
tx 120 r 38.000000 c 24.000000
tx 121 r 38.000000 c 25.000000
tx 122 r 38.000000 c 26.000000
tx 123 r 38.000000 c 27.000000
tx 124 r 39.000000 c 24.000000
tx 125 r 39.000000 c 25.000000
tx 126 r 39.000000 c 26.000000
tx 127 r 39.000000 c 27.000000
tx 192 r 0.000000 c 24.000000
tx 193 r 0.000000 c 25.000000
tx 194 r 0.000000 c 26.000000
tx 195 r 0.000000 c 27.000000
tx 196 r 1.000000 c 24.000000
tx 197 r 1.000000 c 25.000000
tx 198 r 1.000000 c 26.000000
tx 199 r 1.000000 c 27.000000
tx 200 r 2.000000 c 24.000000
tx 201 r 2.000000 c 25.000000
tx 202 r 2.000000 c 26.000000
tx 203 r 2.000000 c 27.000000
tx 204 r 3.000000 c 24.000000
tx 205 r 3.000000 c 25.000000
tx 206 r 3.000000 c 26.000000
tx 207 r 3.000000 c 27.000000
tx 208 r 4.000000 c 24.000000
tx 209 r 4.000000 c 25.000000
tx 210 r 4.000000 c 26.000000
tx 211 r 4.000000 c 27.000000
tx 212 r 5.000000 c 24.000000
tx 213 r 5.000000 c 25.000000
tx 214 r 5.000000 c 26.000000
tx 215 r 5.000000 c 27.000000
tx 216 r 6.000000 c 24.000000
tx 217 r 6.000000 c 25.000000
tx 218 r 6.000000 c 26.000000
tx 219 r 6.000000 c 27.000000
tx 220 r 7.000000 c 24.000000
tx 221 r 7.000000 c 25.000000
tx 222 r 7.000000 c 26.000000
tx 223 r 7.000000 c 27.000000
tx 64 r 0.000000 c 24.000000
tx 65 r 0.000000 c 25.000000
tx 66 r 0.000000 c 26.000000
tx 67 r 0.000000 c 27.000000
tx 68 r 1.000000 c 24.000000
tx 69 r 1.000000 c 25.000000
tx 70 r 1.000000 c 26.000000
tx 71 r 1.000000 c 27.000000
tx 72 r 2.000000 c 24.000000
tx 73 r 2.000000 c 25.000000
tx 74 r 2.000000 c 26.000000
tx 75 r 2.000000 c 27.000000
tx 76 r 3.000000 c 24.000000
tx 77 r 3.000000 c 25.000000
tx 78 r 3.000000 c 26.000000
tx 79 r 3.000000 c 27.000000
tx 80 r 4.000000 c 24.000000
tx 81 r 4.000000 c 25.000000
tx 82 r 4.000000 c 26.000000
tx 83 r 4.000000 c 27.000000
tx 84 r 5.000000 c 24.000000
tx 85 r 5.000000 c 25.000000
tx 86 r 5.000000 c 26.000000
tx 87 r 5.000000 c 27.000000
tx 88 r 6.000000 c 24.000000
tx 89 r 6.000000 c 25.000000
tx 90 r 6.000000 c 26.000000
tx 91 r 6.000000 c 27.000000
tx 92 r 7.000000 c 24.000000
tx 93 r 7.000000 c 25.000000
tx 94 r 7.000000 c 26.000000
tx 95 r 7.000000 c 27.000000
tx 128 r 0.000000 c 24.000000
tx 129 r 0.000000 c 25.000000
tx 130 r 0.000000 c 26.000000
tx 131 r 0.000000 c 27.000000
tx 132 r 1.000000 c 24.000000
tx 133 r 1.000000 c 25.000000
tx 134 r 1.000000 c 26.000000
tx 135 r 1.000000 c 27.000000
tx 136 r 2.000000 c 24.000000
tx 137 r 2.000000 c 25.000000
tx 138 r 2.000000 c 26.000000
tx 139 r 2.000000 c 27.000000
tx 140 r 3.000000 c 24.000000
tx 141 r 3.000000 c 25.000000
tx 142 r 3.000000 c 26.000000
tx 143 r 3.000000 c 27.000000
tx 144 r 4.000000 c 24.000000
tx 145 r 4.000000 c 25.000000
tx 146 r 4.000000 c 26.000000
tx 147 r 4.000000 c 27.000000
tx 148 r 5.000000 c 24.000000
tx 149 r 5.000000 c 25.000000
tx 150 r 5.000000 c 26.000000
tx 151 r 5.000000 c 27.000000
tx 152 r 6.000000 c 24.000000
tx 153 r 6.000000 c 25.000000
tx 154 r 6.000000 c 26.000000
tx 155 r 6.000000 c 27.000000
tx 156 r 7.000000 c 24.000000
tx 157 r 7.000000 c 25.000000
tx 158 r 7.000000 c 26.000000
tx 159 r 7.000000 c 27.000000
tx 32 r 32.000000 c 24.000000
tx 33 r 32.000000 c 25.000000
tx 34 r 32.000000 c 26.000000
tx 35 r 32.000000 c 27.000000
tx 36 r 33.000000 c 24.000000
tx 37 r 33.000000 c 25.000000
tx 38 r 33.000000 c 26.000000
tx 39 r 33.000000 c 27.000000
tx 40 r 34.000000 c 24.000000
tx 41 r 34.000000 c 25.000000
tx 42 r 34.000000 c 26.000000
tx 43 r 34.000000 c 27.000000
tx 44 r 35.000000 c 24.000000
tx 45 r 35.000000 c 25.000000
tx 46 r 35.000000 c 26.000000
tx 47 r 35.000000 c 27.000000
tx 48 r 36.000000 c 24.000000
tx 49 r 36.000000 c 25.000000
tx 50 r 36.000000 c 26.000000
tx 51 r 36.000000 c 27.000000
tx 52 r 37.000000 c 24.000000
tx 53 r 37.000000 c 25.000000
tx 54 r 37.000000 c 26.000000
tx 55 r 37.000000 c 27.000000
tx 56 r 38.000000 c 24.000000
tx 57 r 38.000000 c 25.000000
tx 58 r 38.000000 c 26.000000
tx 59 r 38.000000 c 27.000000
tx 60 r 39.000000 c 24.000000
tx 61 r 39.000000 c 25.000000
tx 62 r 39.000000 c 26.000000
tx 63 r 39.000000 c 27.000000
tx 224 r 40.000000 c 24.000000
tx 225 r 40.000000 c 25.000000
tx 226 r 40.000000 c 26.000000
tx 227 r 40.000000 c 27.000000
tx 228 r 41.000000 c 24.000000
tx 229 r 41.000000 c 25.000000
tx 230 r 41.000000 c 26.000000
tx 231 r 41.000000 c 27.000000
tx 232 r 42.000000 c 24.000000
tx 233 r 42.000000 c 25.000000
tx 234 r 42.000000 c 26.000000
tx 235 r 42.000000 c 27.000000
tx 236 r 43.000000 c 24.000000
tx 237 r 43.000000 c 25.000000
tx 238 r 43.000000 c 26.000000
tx 239 r 43.000000 c 27.000000
tx 240 r 44.000000 c 24.000000
tx 241 r 44.000000 c 25.000000
tx 242 r 44.000000 c 26.000000
tx 243 r 44.000000 c 27.000000
tx 244 r 45.000000 c 24.000000
tx 245 r 45.000000 c 25.000000
tx 246 r 45.000000 c 26.000000
tx 247 r 45.000000 c 27.000000
tx 248 r 46.000000 c 24.000000
tx 249 r 46.000000 c 25.000000
tx 250 r 46.000000 c 26.000000
tx 251 r 46.000000 c 27.000000
tx 252 r 47.000000 c 24.000000
tx 253 r 47.000000 c 25.000000
tx 254 r 47.000000 c 26.000000
tx 255 r 47.000000 c 27.000000
tx 96 r 40.000000 c 24.000000
tx 97 r 40.000000 c 25.000000
tx 98 r 40.000000 c 26.000000
tx 99 r 40.000000 c 27.000000
tx 100 r 41.000000 c 24.000000
tx 101 r 41.000000 c 25.000000
tx 102 r 41.000000 c 26.000000
tx 103 r 41.000000 c 27.000000
tx 104 r 42.000000 c 24.000000
tx 105 r 42.000000 c 25.000000
tx 106 r 42.000000 c 26.000000
tx 107 r 42.000000 c 27.000000
tx 108 r 43.000000 c 24.000000
tx 109 r 43.000000 c 25.000000
tx 110 r 43.000000 c 26.000000
tx 111 r 43.000000 c 27.000000
tx 112 r 44.000000 c 24.000000
tx 113 r 44.000000 c 25.000000
tx 114 r 44.000000 c 26.000000
tx 115 r 44.000000 c 27.000000
tx 116 r 45.000000 c 24.000000
tx 117 r 45.000000 c 25.000000
tx 118 r 45.000000 c 26.000000
tx 119 r 45.000000 c 27.000000
tx 120 r 46.000000 c 24.000000
tx 121 r 46.000000 c 25.000000
tx 122 r 46.000000 c 26.000000
tx 123 r 46.000000 c 27.000000
tx 124 r 47.000000 c 24.000000
tx 125 r 47.000000 c 25.000000
tx 126 r 47.000000 c 26.000000
tx 127 r 47.000000 c 27.000000
tx 0 r 8.000000 c 24.000000
tx 1 r 8.000000 c 25.000000
tx 2 r 8.000000 c 26.000000
tx 3 r 8.000000 c 27.000000
tx 4 r 9.000000 c 24.000000
tx 5 r 9.000000 c 25.000000
tx 6 r 9.000000 c 26.000000
tx 7 r 9.000000 c 27.000000
tx 8 r 10.000000 c 24.000000
tx 9 r 10.000000 c 25.000000
tx 10 r 10.000000 c 26.000000
tx 11 r 10.000000 c 27.000000
tx 12 r 11.000000 c 24.000000
tx 13 r 11.000000 c 25.000000
tx 14 r 11.000000 c 26.000000
tx 15 r 11.000000 c 27.000000
tx 16 r 12.000000 c 24.000000
tx 17 r 12.000000 c 25.000000
tx 18 r 12.000000 c 26.000000
tx 19 r 12.000000 c 27.000000
tx 20 r 13.000000 c 24.000000
tx 21 r 13.000000 c 25.000000
tx 22 r 13.000000 c 26.000000
tx 23 r 13.000000 c 27.000000
tx 24 r 14.000000 c 24.000000
tx 25 r 14.000000 c 25.000000
tx 26 r 14.000000 c 26.000000
tx 27 r 14.000000 c 27.000000
tx 28 r 15.000000 c 24.000000
tx 29 r 15.000000 c 25.000000
tx 30 r 15.000000 c 26.000000
tx 31 r 15.000000 c 27.000000
tx 64 r 8.000000 c 24.000000
tx 65 r 8.000000 c 25.000000
tx 66 r 8.000000 c 26.000000
tx 67 r 8.000000 c 27.000000
tx 68 r 9.000000 c 24.000000
tx 69 r 9.000000 c 25.000000
tx 70 r 9.000000 c 26.000000
tx 71 r 9.000000 c 27.000000
tx 72 r 10.000000 c 24.000000
tx 73 r 10.000000 c 25.000000
tx 74 r 10.000000 c 26.000000
tx 75 r 10.000000 c 27.000000
tx 76 r 11.000000 c 24.000000
tx 77 r 11.000000 c 25.000000
tx 78 r 11.000000 c 26.000000
tx 79 r 11.000000 c 27.000000
tx 80 r 12.000000 c 24.000000
tx 81 r 12.000000 c 25.000000
tx 82 r 12.000000 c 26.000000
tx 83 r 12.000000 c 27.000000
tx 84 r 13.000000 c 24.000000
tx 85 r 13.000000 c 25.000000
tx 86 r 13.000000 c 26.000000
tx 87 r 13.000000 c 27.000000
tx 88 r 14.000000 c 24.000000
tx 89 r 14.000000 c 25.000000
tx 90 r 14.000000 c 26.000000
tx 91 r 14.000000 c 27.000000
tx 92 r 15.000000 c 24.000000
tx 93 r 15.000000 c 25.000000
tx 94 r 15.000000 c 26.000000
tx 95 r 15.000000 c 27.000000
tx 160 r 40.000000 c 24.000000
tx 161 r 40.000000 c 25.000000
tx 162 r 40.000000 c 26.000000
tx 163 r 40.000000 c 27.000000
tx 164 r 41.000000 c 24.000000
tx 165 r 41.000000 c 25.000000
tx 166 r 41.000000 c 26.000000
tx 167 r 41.000000 c 27.000000
tx 168 r 42.000000 c 24.000000
tx 169 r 42.000000 c 25.000000
tx 170 r 42.000000 c 26.000000
tx 171 r 42.000000 c 27.000000
tx 172 r 43.000000 c 24.000000
tx 173 r 43.000000 c 25.000000
tx 174 r 43.000000 c 26.000000
tx 175 r 43.000000 c 27.000000
tx 176 r 44.000000 c 24.000000
tx 177 r 44.000000 c 25.000000
tx 178 r 44.000000 c 26.000000
tx 179 r 44.000000 c 27.000000
tx 180 r 45.000000 c 24.000000
tx 181 r 45.000000 c 25.000000
tx 182 r 45.000000 c 26.000000
tx 183 r 45.000000 c 27.000000
tx 184 r 46.000000 c 24.000000
tx 185 r 46.000000 c 25.000000
tx 186 r 46.000000 c 26.000000
tx 187 r 46.000000 c 27.000000
tx 188 r 47.000000 c 24.000000
tx 189 r 47.000000 c 25.000000
tx 190 r 47.000000 c 26.000000
tx 191 r 47.000000 c 27.000000
tx 192 r 8.000000 c 24.000000
tx 193 r 8.000000 c 25.000000
tx 194 r 8.000000 c 26.000000
tx 195 r 8.000000 c 27.000000
tx 196 r 9.000000 c 24.000000
tx 197 r 9.000000 c 25.000000
tx 198 r 9.000000 c 26.000000
tx 199 r 9.000000 c 27.000000
tx 200 r 10.000000 c 24.000000
tx 201 r 10.000000 c 25.000000
tx 202 r 10.000000 c 26.000000
tx 203 r 10.000000 c 27.000000
tx 204 r 11.000000 c 24.000000
tx 205 r 11.000000 c 25.000000
tx 206 r 11.000000 c 26.000000
tx 207 r 11.000000 c 27.000000
tx 208 r 12.000000 c 24.000000
tx 209 r 12.000000 c 25.000000
tx 210 r 12.000000 c 26.000000
tx 211 r 12.000000 c 27.000000
tx 212 r 13.000000 c 24.000000
tx 213 r 13.000000 c 25.000000
tx 214 r 13.000000 c 26.000000
tx 215 r 13.000000 c 27.000000
tx 216 r 14.000000 c 24.000000
tx 217 r 14.000000 c 25.000000
tx 218 r 14.000000 c 26.000000
tx 219 r 14.000000 c 27.000000
tx 220 r 15.000000 c 24.000000
tx 221 r 15.000000 c 25.000000
tx 222 r 15.000000 c 26.000000
tx 223 r 15.000000 c 27.000000
tx 128 r 8.000000 c 24.000000
tx 129 r 8.000000 c 25.000000
tx 130 r 8.000000 c 26.000000
tx 131 r 8.000000 c 27.000000
tx 132 r 9.000000 c 24.000000
tx 133 r 9.000000 c 25.000000
tx 134 r 9.000000 c 26.000000
tx 135 r 9.000000 c 27.000000
tx 136 r 10.000000 c 24.000000
tx 137 r 10.000000 c 25.000000
tx 138 r 10.000000 c 26.000000
tx 139 r 10.000000 c 27.000000
tx 140 r 11.000000 c 24.000000
tx 141 r 11.000000 c 25.000000
tx 142 r 11.000000 c 26.000000
tx 143 r 11.000000 c 27.000000
tx 144 r 12.000000 c 24.000000
tx 145 r 12.000000 c 25.000000
tx 146 r 12.000000 c 26.000000
tx 147 r 12.000000 c 27.000000
tx 148 r 13.000000 c 24.000000
tx 149 r 13.000000 c 25.000000
tx 150 r 13.000000 c 26.000000
tx 151 r 13.000000 c 27.000000
tx 152 r 14.000000 c 24.000000
tx 153 r 14.000000 c 25.000000
tx 154 r 14.000000 c 26.000000
tx 155 r 14.000000 c 27.000000
tx 156 r 15.000000 c 24.000000
tx 157 r 15.000000 c 25.000000
tx 158 r 15.000000 c 26.000000
tx 159 r 15.000000 c 27.000000
tx 32 r 40.000000 c 24.000000
tx 33 r 40.000000 c 25.000000
tx 34 r 40.000000 c 26.000000
tx 35 r 40.000000 c 27.000000
tx 36 r 41.000000 c 24.000000
tx 37 r 41.000000 c 25.000000
tx 38 r 41.000000 c 26.000000
tx 39 r 41.000000 c 27.000000
tx 40 r 42.000000 c 24.000000
tx 41 r 42.000000 c 25.000000
tx 42 r 42.000000 c 26.000000
tx 43 r 42.000000 c 27.000000
tx 44 r 43.000000 c 24.000000
tx 45 r 43.000000 c 25.000000
tx 46 r 43.000000 c 26.000000
tx 47 r 43.000000 c 27.000000
tx 48 r 44.000000 c 24.000000
tx 49 r 44.000000 c 25.000000
tx 50 r 44.000000 c 26.000000
tx 51 r 44.000000 c 27.000000
tx 52 r 45.000000 c 24.000000
tx 53 r 45.000000 c 25.000000
tx 54 r 45.000000 c 26.000000
tx 55 r 45.000000 c 27.000000
tx 56 r 46.000000 c 24.000000
tx 57 r 46.000000 c 25.000000
tx 58 r 46.000000 c 26.000000
tx 59 r 46.000000 c 27.000000
tx 60 r 47.000000 c 24.000000
tx 61 r 47.000000 c 25.000000
tx 62 r 47.000000 c 26.000000
tx 63 r 47.000000 c 27.000000
tx 224 r 48.000000 c 24.000000
tx 225 r 48.000000 c 25.000000
tx 226 r 48.000000 c 26.000000
tx 227 r 48.000000 c 27.000000
tx 228 r 49.000000 c 24.000000
tx 229 r 49.000000 c 25.000000
tx 230 r 49.000000 c 26.000000
tx 231 r 49.000000 c 27.000000
tx 232 r 50.000000 c 24.000000
tx 233 r 50.000000 c 25.000000
tx 234 r 50.000000 c 26.000000
tx 235 r 50.000000 c 27.000000
tx 236 r 51.000000 c 24.000000
tx 237 r 51.000000 c 25.000000
tx 238 r 51.000000 c 26.000000
tx 239 r 51.000000 c 27.000000
tx 240 r 52.000000 c 24.000000
tx 241 r 52.000000 c 25.000000
tx 242 r 52.000000 c 26.000000
tx 243 r 52.000000 c 27.000000
tx 244 r 53.000000 c 24.000000
tx 245 r 53.000000 c 25.000000
tx 246 r 53.000000 c 26.000000
tx 247 r 53.000000 c 27.000000
tx 248 r 54.000000 c 24.000000
tx 249 r 54.000000 c 25.000000
tx 250 r 54.000000 c 26.000000
tx 251 r 54.000000 c 27.000000
tx 252 r 55.000000 c 24.000000
tx 253 r 55.000000 c 25.000000
tx 254 r 55.000000 c 26.000000
tx 255 r 55.000000 c 27.000000
tx 160 r 48.000000 c 24.000000
tx 161 r 48.000000 c 25.000000
tx 162 r 48.000000 c 26.000000
tx 163 r 48.000000 c 27.000000
tx 164 r 49.000000 c 24.000000
tx 165 r 49.000000 c 25.000000
tx 166 r 49.000000 c 26.000000
tx 167 r 49.000000 c 27.000000
tx 168 r 50.000000 c 24.000000
tx 169 r 50.000000 c 25.000000
tx 170 r 50.000000 c 26.000000
tx 171 r 50.000000 c 27.000000
tx 172 r 51.000000 c 24.000000
tx 173 r 51.000000 c 25.000000
tx 174 r 51.000000 c 26.000000
tx 175 r 51.000000 c 27.000000
tx 176 r 52.000000 c 24.000000
tx 177 r 52.000000 c 25.000000
tx 178 r 52.000000 c 26.000000
tx 179 r 52.000000 c 27.000000
tx 180 r 53.000000 c 24.000000
tx 181 r 53.000000 c 25.000000
tx 182 r 53.000000 c 26.000000
tx 183 r 53.000000 c 27.000000
tx 184 r 54.000000 c 24.000000
tx 185 r 54.000000 c 25.000000
tx 186 r 54.000000 c 26.000000
tx 187 r 54.000000 c 27.000000
tx 188 r 55.000000 c 24.000000
tx 189 r 55.000000 c 25.000000
tx 190 r 55.000000 c 26.000000
tx 191 r 55.000000 c 27.000000
tx 0 r 16.000000 c 24.000000
tx 1 r 16.000000 c 25.000000
tx 2 r 16.000000 c 26.000000
tx 3 r 16.000000 c 27.000000
tx 4 r 17.000000 c 24.000000
tx 5 r 17.000000 c 25.000000
tx 6 r 17.000000 c 26.000000
tx 7 r 17.000000 c 27.000000
tx 8 r 18.000000 c 24.000000
tx 9 r 18.000000 c 25.000000
tx 10 r 18.000000 c 26.000000
tx 11 r 18.000000 c 27.000000
tx 12 r 19.000000 c 24.000000
tx 13 r 19.000000 c 25.000000
tx 14 r 19.000000 c 26.000000
tx 15 r 19.000000 c 27.000000
tx 16 r 20.000000 c 24.000000
tx 17 r 20.000000 c 25.000000
tx 18 r 20.000000 c 26.000000
tx 19 r 20.000000 c 27.000000
tx 20 r 21.000000 c 24.000000
tx 21 r 21.000000 c 25.000000
tx 22 r 21.000000 c 26.000000
tx 23 r 21.000000 c 27.000000
tx 24 r 22.000000 c 24.000000
tx 25 r 22.000000 c 25.000000
tx 26 r 22.000000 c 26.000000
tx 27 r 22.000000 c 27.000000
tx 28 r 23.000000 c 24.000000
tx 29 r 23.000000 c 25.000000
tx 30 r 23.000000 c 26.000000
tx 31 r 23.000000 c 27.000000
tx 96 r 48.000000 c 24.000000
tx 97 r 48.000000 c 25.000000
tx 98 r 48.000000 c 26.000000
tx 99 r 48.000000 c 27.000000
tx 100 r 49.000000 c 24.000000
tx 101 r 49.000000 c 25.000000
tx 102 r 49.000000 c 26.000000
tx 103 r 49.000000 c 27.000000
tx 104 r 50.000000 c 24.000000
tx 105 r 50.000000 c 25.000000
tx 106 r 50.000000 c 26.000000
tx 107 r 50.000000 c 27.000000
tx 108 r 51.000000 c 24.000000
tx 109 r 51.000000 c 25.000000
tx 110 r 51.000000 c 26.000000
tx 111 r 51.000000 c 27.000000
tx 112 r 52.000000 c 24.000000
tx 113 r 52.000000 c 25.000000
tx 114 r 52.000000 c 26.000000
tx 115 r 52.000000 c 27.000000
tx 116 r 53.000000 c 24.000000
tx 117 r 53.000000 c 25.000000
tx 118 r 53.000000 c 26.000000
tx 119 r 53.000000 c 27.000000
tx 120 r 54.000000 c 24.000000
tx 121 r 54.000000 c 25.000000
tx 122 r 54.000000 c 26.000000
tx 123 r 54.000000 c 27.000000
tx 124 r 55.000000 c 24.000000
tx 125 r 55.000000 c 25.000000
tx 126 r 55.000000 c 26.000000
tx 127 r 55.000000 c 27.000000
tx 64 r 16.000000 c 24.000000
tx 65 r 16.000000 c 25.000000
tx 66 r 16.000000 c 26.000000
tx 67 r 16.000000 c 27.000000
tx 68 r 17.000000 c 24.000000
tx 69 r 17.000000 c 25.000000
tx 70 r 17.000000 c 26.000000
tx 71 r 17.000000 c 27.000000
tx 72 r 18.000000 c 24.000000
tx 73 r 18.000000 c 25.000000
tx 74 r 18.000000 c 26.000000
tx 75 r 18.000000 c 27.000000
tx 76 r 19.000000 c 24.000000
tx 77 r 19.000000 c 25.000000
tx 78 r 19.000000 c 26.000000
tx 79 r 19.000000 c 27.000000
tx 80 r 20.000000 c 24.000000
tx 81 r 20.000000 c 25.000000
tx 82 r 20.000000 c 26.000000
tx 83 r 20.000000 c 27.000000
tx 84 r 21.000000 c 24.000000
tx 85 r 21.000000 c 25.000000
tx 86 r 21.000000 c 26.000000
tx 87 r 21.000000 c 27.000000
tx 88 r 22.000000 c 24.000000
tx 89 r 22.000000 c 25.000000
tx 90 r 22.000000 c 26.000000
tx 91 r 22.000000 c 27.000000
tx 92 r 23.000000 c 24.000000
tx 93 r 23.000000 c 25.000000
tx 94 r 23.000000 c 26.000000
tx 95 r 23.000000 c 27.000000
tx 192 r 16.000000 c 24.000000
tx 193 r 16.000000 c 25.000000
tx 194 r 16.000000 c 26.000000
tx 195 r 16.000000 c 27.000000
tx 196 r 17.000000 c 24.000000
tx 197 r 17.000000 c 25.000000
tx 198 r 17.000000 c 26.000000
tx 199 r 17.000000 c 27.000000
tx 200 r 18.000000 c 24.000000
tx 201 r 18.000000 c 25.000000
tx 202 r 18.000000 c 26.000000
tx 203 r 18.000000 c 27.000000
tx 204 r 19.000000 c 24.000000
tx 205 r 19.000000 c 25.000000
tx 206 r 19.000000 c 26.000000
tx 207 r 19.000000 c 27.000000
tx 208 r 20.000000 c 24.000000
tx 209 r 20.000000 c 25.000000
tx 210 r 20.000000 c 26.000000
tx 211 r 20.000000 c 27.000000
tx 212 r 21.000000 c 24.000000
tx 213 r 21.000000 c 25.000000
tx 214 r 21.000000 c 26.000000
tx 215 r 21.000000 c 27.000000
tx 216 r 22.000000 c 24.000000
tx 217 r 22.000000 c 25.000000
tx 218 r 22.000000 c 26.000000
tx 219 r 22.000000 c 27.000000
tx 220 r 23.000000 c 24.000000
tx 221 r 23.000000 c 25.000000
tx 222 r 23.000000 c 26.000000
tx 223 r 23.000000 c 27.000000
tx 128 r 16.000000 c 24.000000
tx 129 r 16.000000 c 25.000000
tx 130 r 16.000000 c 26.000000
tx 131 r 16.000000 c 27.000000
tx 132 r 17.000000 c 24.000000
tx 133 r 17.000000 c 25.000000
tx 134 r 17.000000 c 26.000000
tx 135 r 17.000000 c 27.000000
tx 136 r 18.000000 c 24.000000
tx 137 r 18.000000 c 25.000000
tx 138 r 18.000000 c 26.000000
tx 139 r 18.000000 c 27.000000
tx 140 r 19.000000 c 24.000000
tx 141 r 19.000000 c 25.000000
tx 142 r 19.000000 c 26.000000
tx 143 r 19.000000 c 27.000000
tx 144 r 20.000000 c 24.000000
tx 145 r 20.000000 c 25.000000
tx 146 r 20.000000 c 26.000000
tx 147 r 20.000000 c 27.000000
tx 148 r 21.000000 c 24.000000
tx 149 r 21.000000 c 25.000000
tx 150 r 21.000000 c 26.000000
tx 151 r 21.000000 c 27.000000
tx 152 r 22.000000 c 24.000000
tx 153 r 22.000000 c 25.000000
tx 154 r 22.000000 c 26.000000
tx 155 r 22.000000 c 27.000000
tx 156 r 23.000000 c 24.000000
tx 157 r 23.000000 c 25.000000
tx 158 r 23.000000 c 26.000000
tx 159 r 23.000000 c 27.000000
tx 32 r 48.000000 c 24.000000
tx 33 r 48.000000 c 25.000000
tx 34 r 48.000000 c 26.000000
tx 35 r 48.000000 c 27.000000
tx 36 r 49.000000 c 24.000000
tx 37 r 49.000000 c 25.000000
tx 38 r 49.000000 c 26.000000
tx 39 r 49.000000 c 27.000000
tx 40 r 50.000000 c 24.000000
tx 41 r 50.000000 c 25.000000
tx 42 r 50.000000 c 26.000000
tx 43 r 50.000000 c 27.000000
tx 44 r 51.000000 c 24.000000
tx 45 r 51.000000 c 25.000000
tx 46 r 51.000000 c 26.000000
tx 47 r 51.000000 c 27.000000
tx 48 r 52.000000 c 24.000000
tx 49 r 52.000000 c 25.000000
tx 50 r 52.000000 c 26.000000
tx 51 r 52.000000 c 27.000000
tx 52 r 53.000000 c 24.000000
tx 53 r 53.000000 c 25.000000
tx 54 r 53.000000 c 26.000000
tx 55 r 53.000000 c 27.000000
tx 56 r 54.000000 c 24.000000
tx 57 r 54.000000 c 25.000000
tx 58 r 54.000000 c 26.000000
tx 59 r 54.000000 c 27.000000
tx 60 r 55.000000 c 24.000000
tx 61 r 55.000000 c 25.000000
tx 62 r 55.000000 c 26.000000
tx 63 r 55.000000 c 27.000000
tx 224 r 56.000000 c 24.000000
tx 225 r 56.000000 c 25.000000
tx 226 r 56.000000 c 26.000000
tx 227 r 56.000000 c 27.000000
tx 228 r 57.000000 c 24.000000
tx 229 r 57.000000 c 25.000000
tx 230 r 57.000000 c 26.000000
tx 231 r 57.000000 c 27.000000
tx 232 r 58.000000 c 24.000000
tx 233 r 58.000000 c 25.000000
tx 234 r 58.000000 c 26.000000
tx 235 r 58.000000 c 27.000000
tx 236 r 59.000000 c 24.000000
tx 237 r 59.000000 c 25.000000
tx 238 r 59.000000 c 26.000000
tx 239 r 59.000000 c 27.000000
tx 240 r 60.000000 c 24.000000
tx 241 r 60.000000 c 25.000000
tx 242 r 60.000000 c 26.000000
tx 243 r 60.000000 c 27.000000
tx 244 r 61.000000 c 24.000000
tx 245 r 61.000000 c 25.000000
tx 246 r 61.000000 c 26.000000
tx 247 r 61.000000 c 27.000000
tx 248 r 62.000000 c 24.000000
tx 249 r 62.000000 c 25.000000
tx 250 r 62.000000 c 26.000000
tx 251 r 62.000000 c 27.000000
tx 252 r 63.000000 c 24.000000
tx 253 r 63.000000 c 25.000000
tx 254 r 63.000000 c 26.000000
tx 255 r 63.000000 c 27.000000
tx 96 r 56.000000 c 24.000000
tx 97 r 56.000000 c 25.000000
tx 98 r 56.000000 c 26.000000
tx 99 r 56.000000 c 27.000000
tx 100 r 57.000000 c 24.000000
tx 101 r 57.000000 c 25.000000
tx 102 r 57.000000 c 26.000000
tx 103 r 57.000000 c 27.000000
tx 104 r 58.000000 c 24.000000
tx 105 r 58.000000 c 25.000000
tx 106 r 58.000000 c 26.000000
tx 107 r 58.000000 c 27.000000
tx 108 r 59.000000 c 24.000000
tx 109 r 59.000000 c 25.000000
tx 110 r 59.000000 c 26.000000
tx 111 r 59.000000 c 27.000000
tx 112 r 60.000000 c 24.000000
tx 113 r 60.000000 c 25.000000
tx 114 r 60.000000 c 26.000000
tx 115 r 60.000000 c 27.000000
tx 116 r 61.000000 c 24.000000
tx 117 r 61.000000 c 25.000000
tx 118 r 61.000000 c 26.000000
tx 119 r 61.000000 c 27.000000
tx 120 r 62.000000 c 24.000000
tx 121 r 62.000000 c 25.000000
tx 122 r 62.000000 c 26.000000
tx 123 r 62.000000 c 27.000000
tx 124 r 63.000000 c 24.000000
tx 125 r 63.000000 c 25.000000
tx 126 r 63.000000 c 26.000000
tx 127 r 63.000000 c 27.000000
tx 64 r 24.000000 c 24.000000
tx 65 r 24.000000 c 25.000000
tx 66 r 24.000000 c 26.000000
tx 67 r 24.000000 c 27.000000
tx 68 r 25.000000 c 24.000000
tx 69 r 25.000000 c 25.000000
tx 70 r 25.000000 c 26.000000
tx 71 r 25.000000 c 27.000000
tx 72 r 26.000000 c 24.000000
tx 73 r 26.000000 c 25.000000
tx 74 r 26.000000 c 26.000000
tx 75 r 26.000000 c 27.000000
tx 76 r 27.000000 c 24.000000
tx 77 r 27.000000 c 25.000000
tx 78 r 27.000000 c 26.000000
tx 79 r 27.000000 c 27.000000
tx 80 r 28.000000 c 24.000000
tx 81 r 28.000000 c 25.000000
tx 82 r 28.000000 c 26.000000
tx 83 r 28.000000 c 27.000000
tx 84 r 29.000000 c 24.000000
tx 85 r 29.000000 c 25.000000
tx 86 r 29.000000 c 26.000000
tx 87 r 29.000000 c 27.000000
tx 88 r 30.000000 c 24.000000
tx 89 r 30.000000 c 25.000000
tx 90 r 30.000000 c 26.000000
tx 91 r 30.000000 c 27.000000
tx 92 r 31.000000 c 24.000000
tx 93 r 31.000000 c 25.000000
tx 94 r 31.000000 c 26.000000
tx 95 r 31.000000 c 27.000000
tx 0 r 24.000000 c 24.000000
tx 1 r 24.000000 c 25.000000
tx 2 r 24.000000 c 26.000000
tx 3 r 24.000000 c 27.000000
tx 4 r 25.000000 c 24.000000
tx 5 r 25.000000 c 25.000000
tx 6 r 25.000000 c 26.000000
tx 7 r 25.000000 c 27.000000
tx 8 r 26.000000 c 24.000000
tx 9 r 26.000000 c 25.000000
tx 10 r 26.000000 c 26.000000
tx 11 r 26.000000 c 27.000000
tx 12 r 27.000000 c 24.000000
tx 13 r 27.000000 c 25.000000
tx 14 r 27.000000 c 26.000000
tx 15 r 27.000000 c 27.000000
tx 16 r 28.000000 c 24.000000
tx 17 r 28.000000 c 25.000000
tx 18 r 28.000000 c 26.000000
tx 19 r 28.000000 c 27.000000
tx 20 r 29.000000 c 24.000000
tx 21 r 29.000000 c 25.000000
tx 22 r 29.000000 c 26.000000
tx 23 r 29.000000 c 27.000000
tx 24 r 30.000000 c 24.000000
tx 25 r 30.000000 c 25.000000
tx 26 r 30.000000 c 26.000000
tx 27 r 30.000000 c 27.000000
tx 28 r 31.000000 c 24.000000
tx 29 r 31.000000 c 25.000000
tx 30 r 31.000000 c 26.000000
tx 31 r 31.000000 c 27.000000
tx 32 r 56.000000 c 24.000000
tx 33 r 56.000000 c 25.000000
tx 34 r 56.000000 c 26.000000
tx 35 r 56.000000 c 27.000000
tx 36 r 57.000000 c 24.000000
tx 37 r 57.000000 c 25.000000
tx 38 r 57.000000 c 26.000000
tx 39 r 57.000000 c 27.000000
tx 40 r 58.000000 c 24.000000
tx 41 r 58.000000 c 25.000000
tx 42 r 58.000000 c 26.000000
tx 43 r 58.000000 c 27.000000
tx 44 r 59.000000 c 24.000000
tx 45 r 59.000000 c 25.000000
tx 46 r 59.000000 c 26.000000
tx 47 r 59.000000 c 27.000000
tx 48 r 60.000000 c 24.000000
tx 49 r 60.000000 c 25.000000
tx 50 r 60.000000 c 26.000000
tx 51 r 60.000000 c 27.000000
tx 52 r 61.000000 c 24.000000
tx 53 r 61.000000 c 25.000000
tx 54 r 61.000000 c 26.000000
tx 55 r 61.000000 c 27.000000
tx 56 r 62.000000 c 24.000000
tx 57 r 62.000000 c 25.000000
tx 58 r 62.000000 c 26.000000
tx 59 r 62.000000 c 27.000000
tx 60 r 63.000000 c 24.000000
tx 61 r 63.000000 c 25.000000
tx 62 r 63.000000 c 26.000000
tx 63 r 63.000000 c 27.000000
tx 192 r 24.000000 c 24.000000
tx 193 r 24.000000 c 25.000000
tx 194 r 24.000000 c 26.000000
tx 195 r 24.000000 c 27.000000
tx 196 r 25.000000 c 24.000000
tx 197 r 25.000000 c 25.000000
tx 198 r 25.000000 c 26.000000
tx 199 r 25.000000 c 27.000000
tx 200 r 26.000000 c 24.000000
tx 201 r 26.000000 c 25.000000
tx 202 r 26.000000 c 26.000000
tx 203 r 26.000000 c 27.000000
tx 204 r 27.000000 c 24.000000
tx 205 r 27.000000 c 25.000000
tx 206 r 27.000000 c 26.000000
tx 207 r 27.000000 c 27.000000
tx 208 r 28.000000 c 24.000000
tx 209 r 28.000000 c 25.000000
tx 210 r 28.000000 c 26.000000
tx 211 r 28.000000 c 27.000000
tx 212 r 29.000000 c 24.000000
tx 213 r 29.000000 c 25.000000
tx 214 r 29.000000 c 26.000000
tx 215 r 29.000000 c 27.000000
tx 216 r 30.000000 c 24.000000
tx 217 r 30.000000 c 25.000000
tx 218 r 30.000000 c 26.000000
tx 219 r 30.000000 c 27.000000
tx 220 r 31.000000 c 24.000000
tx 221 r 31.000000 c 25.000000
tx 222 r 31.000000 c 26.000000
tx 223 r 31.000000 c 27.000000
tx 160 r 56.000000 c 24.000000
tx 161 r 56.000000 c 25.000000
tx 162 r 56.000000 c 26.000000
tx 163 r 56.000000 c 27.000000
tx 164 r 57.000000 c 24.000000
tx 165 r 57.000000 c 25.000000
tx 166 r 57.000000 c 26.000000
tx 167 r 57.000000 c 27.000000
tx 168 r 58.000000 c 24.000000
tx 169 r 58.000000 c 25.000000
tx 170 r 58.000000 c 26.000000
tx 171 r 58.000000 c 27.000000
tx 172 r 59.000000 c 24.000000
tx 173 r 59.000000 c 25.000000
tx 174 r 59.000000 c 26.000000
tx 175 r 59.000000 c 27.000000
tx 176 r 60.000000 c 24.000000
tx 177 r 60.000000 c 25.000000
tx 178 r 60.000000 c 26.000000
tx 179 r 60.000000 c 27.000000
tx 180 r 61.000000 c 24.000000
tx 181 r 61.000000 c 25.000000
tx 182 r 61.000000 c 26.000000
tx 183 r 61.000000 c 27.000000
tx 184 r 62.000000 c 24.000000
tx 185 r 62.000000 c 25.000000
tx 186 r 62.000000 c 26.000000
tx 187 r 62.000000 c 27.000000
tx 188 r 63.000000 c 24.000000
tx 189 r 63.000000 c 25.000000
tx 190 r 63.000000 c 26.000000
tx 191 r 63.000000 c 27.000000
tx 128 r 24.000000 c 24.000000
tx 129 r 24.000000 c 25.000000
tx 130 r 24.000000 c 26.000000
tx 131 r 24.000000 c 27.000000
tx 132 r 25.000000 c 24.000000
tx 133 r 25.000000 c 25.000000
tx 134 r 25.000000 c 26.000000
tx 135 r 25.000000 c 27.000000
tx 136 r 26.000000 c 24.000000
tx 137 r 26.000000 c 25.000000
tx 138 r 26.000000 c 26.000000
tx 139 r 26.000000 c 27.000000
tx 140 r 27.000000 c 24.000000
tx 141 r 27.000000 c 25.000000
tx 142 r 27.000000 c 26.000000
tx 143 r 27.000000 c 27.000000
tx 144 r 28.000000 c 24.000000
tx 145 r 28.000000 c 25.000000
tx 146 r 28.000000 c 26.000000
tx 147 r 28.000000 c 27.000000
tx 148 r 29.000000 c 24.000000
tx 149 r 29.000000 c 25.000000
tx 150 r 29.000000 c 26.000000
tx 151 r 29.000000 c 27.000000
tx 152 r 30.000000 c 24.000000
tx 153 r 30.000000 c 25.000000
tx 154 r 30.000000 c 26.000000
tx 155 r 30.000000 c 27.000000
tx 156 r 31.000000 c 24.000000
tx 157 r 31.000000 c 25.000000
tx 158 r 31.000000 c 26.000000
tx 159 r 31.000000 c 27.000000
tx 128 r 0.000000 c 28.000000
tx 129 r 0.000000 c 29.000000
tx 130 r 0.000000 c 30.000000
tx 131 r 0.000000 c 31.000000
tx 132 r 1.000000 c 28.000000
tx 133 r 1.000000 c 29.000000
tx 134 r 1.000000 c 30.000000
tx 135 r 1.000000 c 31.000000
tx 136 r 2.000000 c 28.000000
tx 137 r 2.000000 c 29.000000
tx 138 r 2.000000 c 30.000000
tx 139 r 2.000000 c 31.000000
tx 140 r 3.000000 c 28.000000
tx 141 r 3.000000 c 29.000000
tx 142 r 3.000000 c 30.000000
tx 143 r 3.000000 c 31.000000
tx 144 r 4.000000 c 28.000000
tx 145 r 4.000000 c 29.000000
tx 146 r 4.000000 c 30.000000
tx 147 r 4.000000 c 31.000000
tx 148 r 5.000000 c 28.000000
tx 149 r 5.000000 c 29.000000
tx 150 r 5.000000 c 30.000000
tx 151 r 5.000000 c 31.000000
tx 152 r 6.000000 c 28.000000
tx 153 r 6.000000 c 29.000000
tx 154 r 6.000000 c 30.000000
tx 155 r 6.000000 c 31.000000
tx 156 r 7.000000 c 28.000000
tx 157 r 7.000000 c 29.000000
tx 158 r 7.000000 c 30.000000
tx 159 r 7.000000 c 31.000000
tx 160 r 32.000000 c 28.000000
tx 161 r 32.000000 c 29.000000
tx 162 r 32.000000 c 30.000000
tx 163 r 32.000000 c 31.000000
tx 164 r 33.000000 c 28.000000
tx 165 r 33.000000 c 29.000000
tx 166 r 33.000000 c 30.000000
tx 167 r 33.000000 c 31.000000
tx 168 r 34.000000 c 28.000000
tx 169 r 34.000000 c 29.000000
tx 170 r 34.000000 c 30.000000
tx 171 r 34.000000 c 31.000000
tx 172 r 35.000000 c 28.000000
tx 173 r 35.000000 c 29.000000
tx 174 r 35.000000 c 30.000000
tx 175 r 35.000000 c 31.000000
tx 176 r 36.000000 c 28.000000
tx 177 r 36.000000 c 29.000000
tx 178 r 36.000000 c 30.000000
tx 179 r 36.000000 c 31.000000
tx 180 r 37.000000 c 28.000000
tx 181 r 37.000000 c 29.000000
tx 182 r 37.000000 c 30.000000
tx 183 r 37.000000 c 31.000000
tx 184 r 38.000000 c 28.000000
tx 185 r 38.000000 c 29.000000
tx 186 r 38.000000 c 30.000000
tx 187 r 38.000000 c 31.000000
tx 188 r 39.000000 c 28.000000
tx 189 r 39.000000 c 29.000000
tx 190 r 39.000000 c 30.000000
tx 191 r 39.000000 c 31.000000
tx 192 r 0.000000 c 28.000000
tx 193 r 0.000000 c 29.000000
tx 194 r 0.000000 c 30.000000
tx 195 r 0.000000 c 31.000000
tx 196 r 1.000000 c 28.000000
tx 197 r 1.000000 c 29.000000
tx 198 r 1.000000 c 30.000000
tx 199 r 1.000000 c 31.000000
tx 200 r 2.000000 c 28.000000
tx 201 r 2.000000 c 29.000000
tx 202 r 2.000000 c 30.000000
tx 203 r 2.000000 c 31.000000
tx 204 r 3.000000 c 28.000000
tx 205 r 3.000000 c 29.000000
tx 206 r 3.000000 c 30.000000
tx 207 r 3.000000 c 31.000000
tx 208 r 4.000000 c 28.000000
tx 209 r 4.000000 c 29.000000
tx 210 r 4.000000 c 30.000000
tx 211 r 4.000000 c 31.000000
tx 212 r 5.000000 c 28.000000
tx 213 r 5.000000 c 29.000000
tx 214 r 5.000000 c 30.000000
tx 215 r 5.000000 c 31.000000
tx 216 r 6.000000 c 28.000000
tx 217 r 6.000000 c 29.000000
tx 218 r 6.000000 c 30.000000
tx 219 r 6.000000 c 31.000000
tx 220 r 7.000000 c 28.000000
tx 221 r 7.000000 c 29.000000
tx 222 r 7.000000 c 30.000000
tx 223 r 7.000000 c 31.000000
tx 224 r 32.000000 c 28.000000
tx 225 r 32.000000 c 29.000000
tx 226 r 32.000000 c 30.000000
tx 227 r 32.000000 c 31.000000
tx 228 r 33.000000 c 28.000000
tx 229 r 33.000000 c 29.000000
tx 230 r 33.000000 c 30.000000
tx 231 r 33.000000 c 31.000000
tx 232 r 34.000000 c 28.000000
tx 233 r 34.000000 c 29.000000
tx 234 r 34.000000 c 30.000000
tx 235 r 34.000000 c 31.000000
tx 236 r 35.000000 c 28.000000
tx 237 r 35.000000 c 29.000000
tx 238 r 35.000000 c 30.000000
tx 239 r 35.000000 c 31.000000
tx 240 r 36.000000 c 28.000000
tx 241 r 36.000000 c 29.000000
tx 242 r 36.000000 c 30.000000
tx 243 r 36.000000 c 31.000000
tx 244 r 37.000000 c 28.000000
tx 245 r 37.000000 c 29.000000
tx 246 r 37.000000 c 30.000000
tx 247 r 37.000000 c 31.000000
tx 248 r 38.000000 c 28.000000
tx 249 r 38.000000 c 29.000000
tx 250 r 38.000000 c 30.000000
tx 251 r 38.000000 c 31.000000
tx 252 r 39.000000 c 28.000000
tx 253 r 39.000000 c 29.000000
tx 254 r 39.000000 c 30.000000
tx 255 r 39.000000 c 31.000000
tx 64 r 0.000000 c 28.000000
tx 65 r 0.000000 c 29.000000
tx 66 r 0.000000 c 30.000000
tx 67 r 0.000000 c 31.000000
tx 68 r 1.000000 c 28.000000
tx 69 r 1.000000 c 29.000000
tx 70 r 1.000000 c 30.000000
tx 71 r 1.000000 c 31.000000
tx 72 r 2.000000 c 28.000000
tx 73 r 2.000000 c 29.000000
tx 74 r 2.000000 c 30.000000
tx 75 r 2.000000 c 31.000000
tx 76 r 3.000000 c 28.000000
tx 77 r 3.000000 c 29.000000
tx 78 r 3.000000 c 30.000000
tx 79 r 3.000000 c 31.000000
tx 80 r 4.000000 c 28.000000
tx 81 r 4.000000 c 29.000000
tx 82 r 4.000000 c 30.000000
tx 83 r 4.000000 c 31.000000
tx 84 r 5.000000 c 28.000000
tx 85 r 5.000000 c 29.000000
tx 86 r 5.000000 c 30.000000
tx 87 r 5.000000 c 31.000000
tx 88 r 6.000000 c 28.000000
tx 89 r 6.000000 c 29.000000
tx 90 r 6.000000 c 30.000000
tx 91 r 6.000000 c 31.000000
tx 92 r 7.000000 c 28.000000
tx 93 r 7.000000 c 29.000000
tx 94 r 7.000000 c 30.000000
tx 95 r 7.000000 c 31.000000
tx 32 r 32.000000 c 28.000000
tx 33 r 32.000000 c 29.000000
tx 34 r 32.000000 c 30.000000
tx 35 r 32.000000 c 31.000000
tx 36 r 33.000000 c 28.000000
tx 37 r 33.000000 c 29.000000
tx 38 r 33.000000 c 30.000000
tx 39 r 33.000000 c 31.000000
tx 40 r 34.000000 c 28.000000
tx 41 r 34.000000 c 29.000000
tx 42 r 34.000000 c 30.000000
tx 43 r 34.000000 c 31.000000
tx 44 r 35.000000 c 28.000000
tx 45 r 35.000000 c 29.000000
tx 46 r 35.000000 c 30.000000
tx 47 r 35.000000 c 31.000000
tx 48 r 36.000000 c 28.000000
tx 49 r 36.000000 c 29.000000
tx 50 r 36.000000 c 30.000000
tx 51 r 36.000000 c 31.000000
tx 52 r 37.000000 c 28.000000
tx 53 r 37.000000 c 29.000000
tx 54 r 37.000000 c 30.000000
tx 55 r 37.000000 c 31.000000
tx 56 r 38.000000 c 28.000000
tx 57 r 38.000000 c 29.000000
tx 58 r 38.000000 c 30.000000
tx 59 r 38.000000 c 31.000000
tx 60 r 39.000000 c 28.000000
tx 61 r 39.000000 c 29.000000
tx 62 r 39.000000 c 30.000000
tx 63 r 39.000000 c 31.000000
tx 96 r 32.000000 c 28.000000
tx 97 r 32.000000 c 29.000000
tx 98 r 32.000000 c 30.000000
tx 99 r 32.000000 c 31.000000
tx 100 r 33.000000 c 28.000000
tx 101 r 33.000000 c 29.000000
tx 102 r 33.000000 c 30.000000
tx 103 r 33.000000 c 31.000000
tx 104 r 34.000000 c 28.000000
tx 105 r 34.000000 c 29.000000
tx 106 r 34.000000 c 30.000000
tx 107 r 34.000000 c 31.000000
tx 108 r 35.000000 c 28.000000
tx 109 r 35.000000 c 29.000000
tx 110 r 35.000000 c 30.000000
tx 111 r 35.000000 c 31.000000
tx 112 r 36.000000 c 28.000000
tx 113 r 36.000000 c 29.000000
tx 114 r 36.000000 c 30.000000
tx 115 r 36.000000 c 31.000000
tx 116 r 37.000000 c 28.000000
tx 117 r 37.000000 c 29.000000
tx 118 r 37.000000 c 30.000000
tx 119 r 37.000000 c 31.000000
tx 120 r 38.000000 c 28.000000
tx 121 r 38.000000 c 29.000000
tx 122 r 38.000000 c 30.000000
tx 123 r 38.000000 c 31.000000
tx 124 r 39.000000 c 28.000000
tx 125 r 39.000000 c 29.000000
tx 126 r 39.000000 c 30.000000
tx 127 r 39.000000 c 31.000000
tx 0 r 0.000000 c 28.000000
tx 1 r 0.000000 c 29.000000
tx 2 r 0.000000 c 30.000000
tx 3 r 0.000000 c 31.000000
tx 4 r 1.000000 c 28.000000
tx 5 r 1.000000 c 29.000000
tx 6 r 1.000000 c 30.000000
tx 7 r 1.000000 c 31.000000
tx 8 r 2.000000 c 28.000000
tx 9 r 2.000000 c 29.000000
tx 10 r 2.000000 c 30.000000
tx 11 r 2.000000 c 31.000000
tx 12 r 3.000000 c 28.000000
tx 13 r 3.000000 c 29.000000
tx 14 r 3.000000 c 30.000000
tx 15 r 3.000000 c 31.000000
tx 16 r 4.000000 c 28.000000
tx 17 r 4.000000 c 29.000000
tx 18 r 4.000000 c 30.000000
tx 19 r 4.000000 c 31.000000
tx 20 r 5.000000 c 28.000000
tx 21 r 5.000000 c 29.000000
tx 22 r 5.000000 c 30.000000
tx 23 r 5.000000 c 31.000000
tx 24 r 6.000000 c 28.000000
tx 25 r 6.000000 c 29.000000
tx 26 r 6.000000 c 30.000000
tx 27 r 6.000000 c 31.000000
tx 28 r 7.000000 c 28.000000
tx 29 r 7.000000 c 29.000000
tx 30 r 7.000000 c 30.000000
tx 31 r 7.000000 c 31.000000
tx 128 r 8.000000 c 28.000000
tx 129 r 8.000000 c 29.000000
tx 130 r 8.000000 c 30.000000
tx 131 r 8.000000 c 31.000000
tx 132 r 9.000000 c 28.000000
tx 133 r 9.000000 c 29.000000
tx 134 r 9.000000 c 30.000000
tx 135 r 9.000000 c 31.000000
tx 136 r 10.000000 c 28.000000
tx 137 r 10.000000 c 29.000000
tx 138 r 10.000000 c 30.000000
tx 139 r 10.000000 c 31.000000
tx 140 r 11.000000 c 28.000000
tx 141 r 11.000000 c 29.000000
tx 142 r 11.000000 c 30.000000
tx 143 r 11.000000 c 31.000000
tx 144 r 12.000000 c 28.000000
tx 145 r 12.000000 c 29.000000
tx 146 r 12.000000 c 30.000000
tx 147 r 12.000000 c 31.000000
tx 148 r 13.000000 c 28.000000
tx 149 r 13.000000 c 29.000000
tx 150 r 13.000000 c 30.000000
tx 151 r 13.000000 c 31.000000
tx 152 r 14.000000 c 28.000000
tx 153 r 14.000000 c 29.000000
tx 154 r 14.000000 c 30.000000
tx 155 r 14.000000 c 31.000000
tx 156 r 15.000000 c 28.000000
tx 157 r 15.000000 c 29.000000
tx 158 r 15.000000 c 30.000000
tx 159 r 15.000000 c 31.000000
tx 192 r 8.000000 c 28.000000
tx 193 r 8.000000 c 29.000000
tx 194 r 8.000000 c 30.000000
tx 195 r 8.000000 c 31.000000
tx 196 r 9.000000 c 28.000000
tx 197 r 9.000000 c 29.000000
tx 198 r 9.000000 c 30.000000
tx 199 r 9.000000 c 31.000000
tx 200 r 10.000000 c 28.000000
tx 201 r 10.000000 c 29.000000
tx 202 r 10.000000 c 30.000000
tx 203 r 10.000000 c 31.000000
tx 204 r 11.000000 c 28.000000
tx 205 r 11.000000 c 29.000000
tx 206 r 11.000000 c 30.000000
tx 207 r 11.000000 c 31.000000
tx 208 r 12.000000 c 28.000000
tx 209 r 12.000000 c 29.000000
tx 210 r 12.000000 c 30.000000
tx 211 r 12.000000 c 31.000000
tx 212 r 13.000000 c 28.000000
tx 213 r 13.000000 c 29.000000
tx 214 r 13.000000 c 30.000000
tx 215 r 13.000000 c 31.000000
tx 216 r 14.000000 c 28.000000
tx 217 r 14.000000 c 29.000000
tx 218 r 14.000000 c 30.000000
tx 219 r 14.000000 c 31.000000
tx 220 r 15.000000 c 28.000000
tx 221 r 15.000000 c 29.000000
tx 222 r 15.000000 c 30.000000
tx 223 r 15.000000 c 31.000000
tx 0 r 8.000000 c 28.000000
tx 1 r 8.000000 c 29.000000
tx 2 r 8.000000 c 30.000000
tx 3 r 8.000000 c 31.000000
tx 4 r 9.000000 c 28.000000
tx 5 r 9.000000 c 29.000000
tx 6 r 9.000000 c 30.000000
tx 7 r 9.000000 c 31.000000
tx 8 r 10.000000 c 28.000000
tx 9 r 10.000000 c 29.000000
tx 10 r 10.000000 c 30.000000
tx 11 r 10.000000 c 31.000000
tx 12 r 11.000000 c 28.000000
tx 13 r 11.000000 c 29.000000
tx 14 r 11.000000 c 30.000000
tx 15 r 11.000000 c 31.000000
tx 16 r 12.000000 c 28.000000
tx 17 r 12.000000 c 29.000000
tx 18 r 12.000000 c 30.000000
tx 19 r 12.000000 c 31.000000
tx 20 r 13.000000 c 28.000000
tx 21 r 13.000000 c 29.000000
tx 22 r 13.000000 c 30.000000
tx 23 r 13.000000 c 31.000000
tx 24 r 14.000000 c 28.000000
tx 25 r 14.000000 c 29.000000
tx 26 r 14.000000 c 30.000000
tx 27 r 14.000000 c 31.000000
tx 28 r 15.000000 c 28.000000
tx 29 r 15.000000 c 29.000000
tx 30 r 15.000000 c 30.000000
tx 31 r 15.000000 c 31.000000
tx 224 r 40.000000 c 28.000000
tx 225 r 40.000000 c 29.000000
tx 226 r 40.000000 c 30.000000
tx 227 r 40.000000 c 31.000000
tx 228 r 41.000000 c 28.000000
tx 229 r 41.000000 c 29.000000
tx 230 r 41.000000 c 30.000000
tx 231 r 41.000000 c 31.000000
tx 232 r 42.000000 c 28.000000
tx 233 r 42.000000 c 29.000000
tx 234 r 42.000000 c 30.000000
tx 235 r 42.000000 c 31.000000
tx 236 r 43.000000 c 28.000000
tx 237 r 43.000000 c 29.000000
tx 238 r 43.000000 c 30.000000
tx 239 r 43.000000 c 31.000000
tx 240 r 44.000000 c 28.000000
tx 241 r 44.000000 c 29.000000
tx 242 r 44.000000 c 30.000000
tx 243 r 44.000000 c 31.000000
tx 244 r 45.000000 c 28.000000
tx 245 r 45.000000 c 29.000000
tx 246 r 45.000000 c 30.000000
tx 247 r 45.000000 c 31.000000
tx 248 r 46.000000 c 28.000000
tx 249 r 46.000000 c 29.000000
tx 250 r 46.000000 c 30.000000
tx 251 r 46.000000 c 31.000000
tx 252 r 47.000000 c 28.000000
tx 253 r 47.000000 c 29.000000
tx 254 r 47.000000 c 30.000000
tx 255 r 47.000000 c 31.000000
tx 160 r 40.000000 c 28.000000
tx 161 r 40.000000 c 29.000000
tx 162 r 40.000000 c 30.000000
tx 163 r 40.000000 c 31.000000
tx 164 r 41.000000 c 28.000000
tx 165 r 41.000000 c 29.000000
tx 166 r 41.000000 c 30.000000
tx 167 r 41.000000 c 31.000000
tx 168 r 42.000000 c 28.000000
tx 169 r 42.000000 c 29.000000
tx 170 r 42.000000 c 30.000000
tx 171 r 42.000000 c 31.000000
tx 172 r 43.000000 c 28.000000
tx 173 r 43.000000 c 29.000000
tx 174 r 43.000000 c 30.000000
tx 175 r 43.000000 c 31.000000
tx 176 r 44.000000 c 28.000000
tx 177 r 44.000000 c 29.000000
tx 178 r 44.000000 c 30.000000
tx 179 r 44.000000 c 31.000000
tx 180 r 45.000000 c 28.000000
tx 181 r 45.000000 c 29.000000
tx 182 r 45.000000 c 30.000000
tx 183 r 45.000000 c 31.000000
tx 184 r 46.000000 c 28.000000
tx 185 r 46.000000 c 29.000000
tx 186 r 46.000000 c 30.000000
tx 187 r 46.000000 c 31.000000
tx 188 r 47.000000 c 28.000000
tx 189 r 47.000000 c 29.000000
tx 190 r 47.000000 c 30.000000
tx 191 r 47.000000 c 31.000000
tx 96 r 40.000000 c 28.000000
tx 97 r 40.000000 c 29.000000
tx 98 r 40.000000 c 30.000000
tx 99 r 40.000000 c 31.000000
tx 100 r 41.000000 c 28.000000
tx 101 r 41.000000 c 29.000000
tx 102 r 41.000000 c 30.000000
tx 103 r 41.000000 c 31.000000
tx 104 r 42.000000 c 28.000000
tx 105 r 42.000000 c 29.000000
tx 106 r 42.000000 c 30.000000
tx 107 r 42.000000 c 31.000000
tx 108 r 43.000000 c 28.000000
tx 109 r 43.000000 c 29.000000
tx 110 r 43.000000 c 30.000000
tx 111 r 43.000000 c 31.000000
tx 112 r 44.000000 c 28.000000
tx 113 r 44.000000 c 29.000000
tx 114 r 44.000000 c 30.000000
tx 115 r 44.000000 c 31.000000
tx 116 r 45.000000 c 28.000000
tx 117 r 45.000000 c 29.000000
tx 118 r 45.000000 c 30.000000
tx 119 r 45.000000 c 31.000000
tx 120 r 46.000000 c 28.000000
tx 121 r 46.000000 c 29.000000
tx 122 r 46.000000 c 30.000000
tx 123 r 46.000000 c 31.000000
tx 124 r 47.000000 c 28.000000
tx 125 r 47.000000 c 29.000000
tx 126 r 47.000000 c 30.000000
tx 127 r 47.000000 c 31.000000
tx 32 r 40.000000 c 28.000000
tx 33 r 40.000000 c 29.000000
tx 34 r 40.000000 c 30.000000
tx 35 r 40.000000 c 31.000000
tx 36 r 41.000000 c 28.000000
tx 37 r 41.000000 c 29.000000
tx 38 r 41.000000 c 30.000000
tx 39 r 41.000000 c 31.000000
tx 40 r 42.000000 c 28.000000
tx 41 r 42.000000 c 29.000000
tx 42 r 42.000000 c 30.000000
tx 43 r 42.000000 c 31.000000
tx 44 r 43.000000 c 28.000000
tx 45 r 43.000000 c 29.000000
tx 46 r 43.000000 c 30.000000
tx 47 r 43.000000 c 31.000000
tx 48 r 44.000000 c 28.000000
tx 49 r 44.000000 c 29.000000
tx 50 r 44.000000 c 30.000000
tx 51 r 44.000000 c 31.000000
tx 52 r 45.000000 c 28.000000
tx 53 r 45.000000 c 29.000000
tx 54 r 45.000000 c 30.000000
tx 55 r 45.000000 c 31.000000
tx 56 r 46.000000 c 28.000000
tx 57 r 46.000000 c 29.000000
tx 58 r 46.000000 c 30.000000
tx 59 r 46.000000 c 31.000000
tx 60 r 47.000000 c 28.000000
tx 61 r 47.000000 c 29.000000
tx 62 r 47.000000 c 30.000000
tx 63 r 47.000000 c 31.000000
tx 64 r 8.000000 c 28.000000
tx 65 r 8.000000 c 29.000000
tx 66 r 8.000000 c 30.000000
tx 67 r 8.000000 c 31.000000
tx 68 r 9.000000 c 28.000000
tx 69 r 9.000000 c 29.000000
tx 70 r 9.000000 c 30.000000
tx 71 r 9.000000 c 31.000000
tx 72 r 10.000000 c 28.000000
tx 73 r 10.000000 c 29.000000
tx 74 r 10.000000 c 30.000000
tx 75 r 10.000000 c 31.000000
tx 76 r 11.000000 c 28.000000
tx 77 r 11.000000 c 29.000000
tx 78 r 11.000000 c 30.000000
tx 79 r 11.000000 c 31.000000
tx 80 r 12.000000 c 28.000000
tx 81 r 12.000000 c 29.000000
tx 82 r 12.000000 c 30.000000
tx 83 r 12.000000 c 31.000000
tx 84 r 13.000000 c 28.000000
tx 85 r 13.000000 c 29.000000
tx 86 r 13.000000 c 30.000000
tx 87 r 13.000000 c 31.000000
tx 88 r 14.000000 c 28.000000
tx 89 r 14.000000 c 29.000000
tx 90 r 14.000000 c 30.000000
tx 91 r 14.000000 c 31.000000
tx 92 r 15.000000 c 28.000000
tx 93 r 15.000000 c 29.000000
tx 94 r 15.000000 c 30.000000
tx 95 r 15.000000 c 31.000000
tx 192 r 16.000000 c 28.000000
tx 193 r 16.000000 c 29.000000
tx 194 r 16.000000 c 30.000000
tx 195 r 16.000000 c 31.000000
tx 196 r 17.000000 c 28.000000
tx 197 r 17.000000 c 29.000000
tx 198 r 17.000000 c 30.000000
tx 199 r 17.000000 c 31.000000
tx 200 r 18.000000 c 28.000000
tx 201 r 18.000000 c 29.000000
tx 202 r 18.000000 c 30.000000
tx 203 r 18.000000 c 31.000000
tx 204 r 19.000000 c 28.000000
tx 205 r 19.000000 c 29.000000
tx 206 r 19.000000 c 30.000000
tx 207 r 19.000000 c 31.000000
tx 208 r 20.000000 c 28.000000
tx 209 r 20.000000 c 29.000000
tx 210 r 20.000000 c 30.000000
tx 211 r 20.000000 c 31.000000
tx 212 r 21.000000 c 28.000000
tx 213 r 21.000000 c 29.000000
tx 214 r 21.000000 c 30.000000
tx 215 r 21.000000 c 31.000000
tx 216 r 22.000000 c 28.000000
tx 217 r 22.000000 c 29.000000
tx 218 r 22.000000 c 30.000000
tx 219 r 22.000000 c 31.000000
tx 220 r 23.000000 c 28.000000
tx 221 r 23.000000 c 29.000000
tx 222 r 23.000000 c 30.000000
tx 223 r 23.000000 c 31.000000
tx 64 r 16.000000 c 28.000000
tx 65 r 16.000000 c 29.000000
tx 66 r 16.000000 c 30.000000
tx 67 r 16.000000 c 31.000000
tx 68 r 17.000000 c 28.000000
tx 69 r 17.000000 c 29.000000
tx 70 r 17.000000 c 30.000000
tx 71 r 17.000000 c 31.000000
tx 72 r 18.000000 c 28.000000
tx 73 r 18.000000 c 29.000000
tx 74 r 18.000000 c 30.000000
tx 75 r 18.000000 c 31.000000
tx 76 r 19.000000 c 28.000000
tx 77 r 19.000000 c 29.000000
tx 78 r 19.000000 c 30.000000
tx 79 r 19.000000 c 31.000000
tx 80 r 20.000000 c 28.000000
tx 81 r 20.000000 c 29.000000
tx 82 r 20.000000 c 30.000000
tx 83 r 20.000000 c 31.000000
tx 84 r 21.000000 c 28.000000
tx 85 r 21.000000 c 29.000000
tx 86 r 21.000000 c 30.000000
tx 87 r 21.000000 c 31.000000
tx 88 r 22.000000 c 28.000000
tx 89 r 22.000000 c 29.000000
tx 90 r 22.000000 c 30.000000
tx 91 r 22.000000 c 31.000000
tx 92 r 23.000000 c 28.000000
tx 93 r 23.000000 c 29.000000
tx 94 r 23.000000 c 30.000000
tx 95 r 23.000000 c 31.000000
tx 160 r 48.000000 c 28.000000
tx 161 r 48.000000 c 29.000000
tx 162 r 48.000000 c 30.000000
tx 163 r 48.000000 c 31.000000
tx 164 r 49.000000 c 28.000000
tx 165 r 49.000000 c 29.000000
tx 166 r 49.000000 c 30.000000
tx 167 r 49.000000 c 31.000000
tx 168 r 50.000000 c 28.000000
tx 169 r 50.000000 c 29.000000
tx 170 r 50.000000 c 30.000000
tx 171 r 50.000000 c 31.000000
tx 172 r 51.000000 c 28.000000
tx 173 r 51.000000 c 29.000000
tx 174 r 51.000000 c 30.000000
tx 175 r 51.000000 c 31.000000
tx 176 r 52.000000 c 28.000000
tx 177 r 52.000000 c 29.000000
tx 178 r 52.000000 c 30.000000
tx 179 r 52.000000 c 31.000000
tx 180 r 53.000000 c 28.000000
tx 181 r 53.000000 c 29.000000
tx 182 r 53.000000 c 30.000000
tx 183 r 53.000000 c 31.000000
tx 184 r 54.000000 c 28.000000
tx 185 r 54.000000 c 29.000000
tx 186 r 54.000000 c 30.000000
tx 187 r 54.000000 c 31.000000
tx 188 r 55.000000 c 28.000000
tx 189 r 55.000000 c 29.000000
tx 190 r 55.000000 c 30.000000
tx 191 r 55.000000 c 31.000000
tx 224 r 48.000000 c 28.000000
tx 225 r 48.000000 c 29.000000
tx 226 r 48.000000 c 30.000000
tx 227 r 48.000000 c 31.000000
tx 228 r 49.000000 c 28.000000
tx 229 r 49.000000 c 29.000000
tx 230 r 49.000000 c 30.000000
tx 231 r 49.000000 c 31.000000
tx 232 r 50.000000 c 28.000000
tx 233 r 50.000000 c 29.000000
tx 234 r 50.000000 c 30.000000
tx 235 r 50.000000 c 31.000000
tx 236 r 51.000000 c 28.000000
tx 237 r 51.000000 c 29.000000
tx 238 r 51.000000 c 30.000000
tx 239 r 51.000000 c 31.000000
tx 240 r 52.000000 c 28.000000
tx 241 r 52.000000 c 29.000000
tx 242 r 52.000000 c 30.000000
tx 243 r 52.000000 c 31.000000
tx 244 r 53.000000 c 28.000000
tx 245 r 53.000000 c 29.000000
tx 246 r 53.000000 c 30.000000
tx 247 r 53.000000 c 31.000000
tx 248 r 54.000000 c 28.000000
tx 249 r 54.000000 c 29.000000
tx 250 r 54.000000 c 30.000000
tx 251 r 54.000000 c 31.000000
tx 252 r 55.000000 c 28.000000
tx 253 r 55.000000 c 29.000000
tx 254 r 55.000000 c 30.000000
tx 255 r 55.000000 c 31.000000
tx 0 r 16.000000 c 28.000000
tx 1 r 16.000000 c 29.000000
tx 2 r 16.000000 c 30.000000
tx 3 r 16.000000 c 31.000000
tx 4 r 17.000000 c 28.000000
tx 5 r 17.000000 c 29.000000
tx 6 r 17.000000 c 30.000000
tx 7 r 17.000000 c 31.000000
tx 8 r 18.000000 c 28.000000
tx 9 r 18.000000 c 29.000000
tx 10 r 18.000000 c 30.000000
tx 11 r 18.000000 c 31.000000
tx 12 r 19.000000 c 28.000000
tx 13 r 19.000000 c 29.000000
tx 14 r 19.000000 c 30.000000
tx 15 r 19.000000 c 31.000000
tx 16 r 20.000000 c 28.000000
tx 17 r 20.000000 c 29.000000
tx 18 r 20.000000 c 30.000000
tx 19 r 20.000000 c 31.000000
tx 20 r 21.000000 c 28.000000
tx 21 r 21.000000 c 29.000000
tx 22 r 21.000000 c 30.000000
tx 23 r 21.000000 c 31.000000
tx 24 r 22.000000 c 28.000000
tx 25 r 22.000000 c 29.000000
tx 26 r 22.000000 c 30.000000
tx 27 r 22.000000 c 31.000000
tx 28 r 23.000000 c 28.000000
tx 29 r 23.000000 c 29.000000
tx 30 r 23.000000 c 30.000000
tx 31 r 23.000000 c 31.000000
tx 96 r 48.000000 c 28.000000
tx 97 r 48.000000 c 29.000000
tx 98 r 48.000000 c 30.000000
tx 99 r 48.000000 c 31.000000
tx 100 r 49.000000 c 28.000000
tx 101 r 49.000000 c 29.000000
tx 102 r 49.000000 c 30.000000
tx 103 r 49.000000 c 31.000000
tx 104 r 50.000000 c 28.000000
tx 105 r 50.000000 c 29.000000
tx 106 r 50.000000 c 30.000000
tx 107 r 50.000000 c 31.000000
tx 108 r 51.000000 c 28.000000
tx 109 r 51.000000 c 29.000000
tx 110 r 51.000000 c 30.000000
tx 111 r 51.000000 c 31.000000
tx 112 r 52.000000 c 28.000000
tx 113 r 52.000000 c 29.000000
tx 114 r 52.000000 c 30.000000
tx 115 r 52.000000 c 31.000000
tx 116 r 53.000000 c 28.000000
tx 117 r 53.000000 c 29.000000
tx 118 r 53.000000 c 30.000000
tx 119 r 53.000000 c 31.000000
tx 120 r 54.000000 c 28.000000
tx 121 r 54.000000 c 29.000000
tx 122 r 54.000000 c 30.000000
tx 123 r 54.000000 c 31.000000
tx 124 r 55.000000 c 28.000000
tx 125 r 55.000000 c 29.000000
tx 126 r 55.000000 c 30.000000
tx 127 r 55.000000 c 31.000000
tx 128 r 16.000000 c 28.000000
tx 129 r 16.000000 c 29.000000
tx 130 r 16.000000 c 30.000000
tx 131 r 16.000000 c 31.000000
tx 132 r 17.000000 c 28.000000
tx 133 r 17.000000 c 29.000000
tx 134 r 17.000000 c 30.000000
tx 135 r 17.000000 c 31.000000
tx 136 r 18.000000 c 28.000000
tx 137 r 18.000000 c 29.000000
tx 138 r 18.000000 c 30.000000
tx 139 r 18.000000 c 31.000000
tx 140 r 19.000000 c 28.000000
tx 141 r 19.000000 c 29.000000
tx 142 r 19.000000 c 30.000000
tx 143 r 19.000000 c 31.000000
tx 144 r 20.000000 c 28.000000
tx 145 r 20.000000 c 29.000000
tx 146 r 20.000000 c 30.000000
tx 147 r 20.000000 c 31.000000
tx 148 r 21.000000 c 28.000000
tx 149 r 21.000000 c 29.000000
tx 150 r 21.000000 c 30.000000
tx 151 r 21.000000 c 31.000000
tx 152 r 22.000000 c 28.000000
tx 153 r 22.000000 c 29.000000
tx 154 r 22.000000 c 30.000000
tx 155 r 22.000000 c 31.000000
tx 156 r 23.000000 c 28.000000
tx 157 r 23.000000 c 29.000000
tx 158 r 23.000000 c 30.000000
tx 159 r 23.000000 c 31.000000
tx 32 r 48.000000 c 28.000000
tx 33 r 48.000000 c 29.000000
tx 34 r 48.000000 c 30.000000
tx 35 r 48.000000 c 31.000000
tx 36 r 49.000000 c 28.000000
tx 37 r 49.000000 c 29.000000
tx 38 r 49.000000 c 30.000000
tx 39 r 49.000000 c 31.000000
tx 40 r 50.000000 c 28.000000
tx 41 r 50.000000 c 29.000000
tx 42 r 50.000000 c 30.000000
tx 43 r 50.000000 c 31.000000
tx 44 r 51.000000 c 28.000000
tx 45 r 51.000000 c 29.000000
tx 46 r 51.000000 c 30.000000
tx 47 r 51.000000 c 31.000000
tx 48 r 52.000000 c 28.000000
tx 49 r 52.000000 c 29.000000
tx 50 r 52.000000 c 30.000000
tx 51 r 52.000000 c 31.000000
tx 52 r 53.000000 c 28.000000
tx 53 r 53.000000 c 29.000000
tx 54 r 53.000000 c 30.000000
tx 55 r 53.000000 c 31.000000
tx 56 r 54.000000 c 28.000000
tx 57 r 54.000000 c 29.000000
tx 58 r 54.000000 c 30.000000
tx 59 r 54.000000 c 31.000000
tx 60 r 55.000000 c 28.000000
tx 61 r 55.000000 c 29.000000
tx 62 r 55.000000 c 30.000000
tx 63 r 55.000000 c 31.000000
tx 192 r 24.000000 c 28.000000
tx 193 r 24.000000 c 29.000000
tx 194 r 24.000000 c 30.000000
tx 195 r 24.000000 c 31.000000
tx 196 r 25.000000 c 28.000000
tx 197 r 25.000000 c 29.000000
tx 198 r 25.000000 c 30.000000
tx 199 r 25.000000 c 31.000000
tx 200 r 26.000000 c 28.000000
tx 201 r 26.000000 c 29.000000
tx 202 r 26.000000 c 30.000000
tx 203 r 26.000000 c 31.000000
tx 204 r 27.000000 c 28.000000
tx 205 r 27.000000 c 29.000000
tx 206 r 27.000000 c 30.000000
tx 207 r 27.000000 c 31.000000
tx 208 r 28.000000 c 28.000000
tx 209 r 28.000000 c 29.000000
tx 210 r 28.000000 c 30.000000
tx 211 r 28.000000 c 31.000000
tx 212 r 29.000000 c 28.000000
tx 213 r 29.000000 c 29.000000
tx 214 r 29.000000 c 30.000000
tx 215 r 29.000000 c 31.000000
tx 216 r 30.000000 c 28.000000
tx 217 r 30.000000 c 29.000000
tx 218 r 30.000000 c 30.000000
tx 219 r 30.000000 c 31.000000
tx 220 r 31.000000 c 28.000000
tx 221 r 31.000000 c 29.000000
tx 222 r 31.000000 c 30.000000
tx 223 r 31.000000 c 31.000000
tx 64 r 24.000000 c 28.000000
tx 65 r 24.000000 c 29.000000
tx 66 r 24.000000 c 30.000000
tx 67 r 24.000000 c 31.000000
tx 68 r 25.000000 c 28.000000
tx 69 r 25.000000 c 29.000000
tx 70 r 25.000000 c 30.000000
tx 71 r 25.000000 c 31.000000
tx 72 r 26.000000 c 28.000000
tx 73 r 26.000000 c 29.000000
tx 74 r 26.000000 c 30.000000
tx 75 r 26.000000 c 31.000000
tx 76 r 27.000000 c 28.000000
tx 77 r 27.000000 c 29.000000
tx 78 r 27.000000 c 30.000000
tx 79 r 27.000000 c 31.000000
tx 80 r 28.000000 c 28.000000
tx 81 r 28.000000 c 29.000000
tx 82 r 28.000000 c 30.000000
tx 83 r 28.000000 c 31.000000
tx 84 r 29.000000 c 28.000000
tx 85 r 29.000000 c 29.000000
tx 86 r 29.000000 c 30.000000
tx 87 r 29.000000 c 31.000000
tx 88 r 30.000000 c 28.000000
tx 89 r 30.000000 c 29.000000
tx 90 r 30.000000 c 30.000000
tx 91 r 30.000000 c 31.000000
tx 92 r 31.000000 c 28.000000
tx 93 r 31.000000 c 29.000000
tx 94 r 31.000000 c 30.000000
tx 95 r 31.000000 c 31.000000
tx 0 r 24.000000 c 28.000000
tx 1 r 24.000000 c 29.000000
tx 2 r 24.000000 c 30.000000
tx 3 r 24.000000 c 31.000000
tx 4 r 25.000000 c 28.000000
tx 5 r 25.000000 c 29.000000
tx 6 r 25.000000 c 30.000000
tx 7 r 25.000000 c 31.000000
tx 8 r 26.000000 c 28.000000
tx 9 r 26.000000 c 29.000000
tx 10 r 26.000000 c 30.000000
tx 11 r 26.000000 c 31.000000
tx 12 r 27.000000 c 28.000000
tx 13 r 27.000000 c 29.000000
tx 14 r 27.000000 c 30.000000
tx 15 r 27.000000 c 31.000000
tx 16 r 28.000000 c 28.000000
tx 17 r 28.000000 c 29.000000
tx 18 r 28.000000 c 30.000000
tx 19 r 28.000000 c 31.000000
tx 20 r 29.000000 c 28.000000
tx 21 r 29.000000 c 29.000000
tx 22 r 29.000000 c 30.000000
tx 23 r 29.000000 c 31.000000
tx 24 r 30.000000 c 28.000000
tx 25 r 30.000000 c 29.000000
tx 26 r 30.000000 c 30.000000
tx 27 r 30.000000 c 31.000000
tx 28 r 31.000000 c 28.000000
tx 29 r 31.000000 c 29.000000
tx 30 r 31.000000 c 30.000000
tx 31 r 31.000000 c 31.000000
tx 160 r 56.000000 c 28.000000
tx 161 r 56.000000 c 29.000000
tx 162 r 56.000000 c 30.000000
tx 163 r 56.000000 c 31.000000
tx 164 r 57.000000 c 28.000000
tx 165 r 57.000000 c 29.000000
tx 166 r 57.000000 c 30.000000
tx 167 r 57.000000 c 31.000000
tx 168 r 58.000000 c 28.000000
tx 169 r 58.000000 c 29.000000
tx 170 r 58.000000 c 30.000000
tx 171 r 58.000000 c 31.000000
tx 172 r 59.000000 c 28.000000
tx 173 r 59.000000 c 29.000000
tx 174 r 59.000000 c 30.000000
tx 175 r 59.000000 c 31.000000
tx 176 r 60.000000 c 28.000000
tx 177 r 60.000000 c 29.000000
tx 178 r 60.000000 c 30.000000
tx 179 r 60.000000 c 31.000000
tx 180 r 61.000000 c 28.000000
tx 181 r 61.000000 c 29.000000
tx 182 r 61.000000 c 30.000000
tx 183 r 61.000000 c 31.000000
tx 184 r 62.000000 c 28.000000
tx 185 r 62.000000 c 29.000000
tx 186 r 62.000000 c 30.000000
tx 187 r 62.000000 c 31.000000
tx 188 r 63.000000 c 28.000000
tx 189 r 63.000000 c 29.000000
tx 190 r 63.000000 c 30.000000
tx 191 r 63.000000 c 31.000000
tx 96 r 56.000000 c 28.000000
tx 97 r 56.000000 c 29.000000
tx 98 r 56.000000 c 30.000000
tx 99 r 56.000000 c 31.000000
tx 100 r 57.000000 c 28.000000
tx 101 r 57.000000 c 29.000000
tx 102 r 57.000000 c 30.000000
tx 103 r 57.000000 c 31.000000
tx 104 r 58.000000 c 28.000000
tx 105 r 58.000000 c 29.000000
tx 106 r 58.000000 c 30.000000
tx 107 r 58.000000 c 31.000000
tx 108 r 59.000000 c 28.000000
tx 109 r 59.000000 c 29.000000
tx 110 r 59.000000 c 30.000000
tx 111 r 59.000000 c 31.000000
tx 112 r 60.000000 c 28.000000
tx 113 r 60.000000 c 29.000000
tx 114 r 60.000000 c 30.000000
tx 115 r 60.000000 c 31.000000
tx 116 r 61.000000 c 28.000000
tx 117 r 61.000000 c 29.000000
tx 118 r 61.000000 c 30.000000
tx 119 r 61.000000 c 31.000000
tx 120 r 62.000000 c 28.000000
tx 121 r 62.000000 c 29.000000
tx 122 r 62.000000 c 30.000000
tx 123 r 62.000000 c 31.000000
tx 124 r 63.000000 c 28.000000
tx 125 r 63.000000 c 29.000000
tx 126 r 63.000000 c 30.000000
tx 127 r 63.000000 c 31.000000
tx 224 r 56.000000 c 28.000000
tx 225 r 56.000000 c 29.000000
tx 226 r 56.000000 c 30.000000
tx 227 r 56.000000 c 31.000000
tx 228 r 57.000000 c 28.000000
tx 229 r 57.000000 c 29.000000
tx 230 r 57.000000 c 30.000000
tx 231 r 57.000000 c 31.000000
tx 232 r 58.000000 c 28.000000
tx 233 r 58.000000 c 29.000000
tx 234 r 58.000000 c 30.000000
tx 235 r 58.000000 c 31.000000
tx 236 r 59.000000 c 28.000000
tx 237 r 59.000000 c 29.000000
tx 238 r 59.000000 c 30.000000
tx 239 r 59.000000 c 31.000000
tx 240 r 60.000000 c 28.000000
tx 241 r 60.000000 c 29.000000
tx 242 r 60.000000 c 30.000000
tx 243 r 60.000000 c 31.000000
tx 244 r 61.000000 c 28.000000
tx 245 r 61.000000 c 29.000000
tx 246 r 61.000000 c 30.000000
tx 247 r 61.000000 c 31.000000
tx 248 r 62.000000 c 28.000000
tx 249 r 62.000000 c 29.000000
tx 250 r 62.000000 c 30.000000
tx 251 r 62.000000 c 31.000000
tx 252 r 63.000000 c 28.000000
tx 253 r 63.000000 c 29.000000
tx 254 r 63.000000 c 30.000000
tx 255 r 63.000000 c 31.000000
tx 128 r 24.000000 c 28.000000
tx 129 r 24.000000 c 29.000000
tx 130 r 24.000000 c 30.000000
tx 131 r 24.000000 c 31.000000
tx 132 r 25.000000 c 28.000000
tx 133 r 25.000000 c 29.000000
tx 134 r 25.000000 c 30.000000
tx 135 r 25.000000 c 31.000000
tx 136 r 26.000000 c 28.000000
tx 137 r 26.000000 c 29.000000
tx 138 r 26.000000 c 30.000000
tx 139 r 26.000000 c 31.000000
tx 140 r 27.000000 c 28.000000
tx 141 r 27.000000 c 29.000000
tx 142 r 27.000000 c 30.000000
tx 143 r 27.000000 c 31.000000
tx 144 r 28.000000 c 28.000000
tx 145 r 28.000000 c 29.000000
tx 146 r 28.000000 c 30.000000
tx 147 r 28.000000 c 31.000000
tx 148 r 29.000000 c 28.000000
tx 149 r 29.000000 c 29.000000
tx 150 r 29.000000 c 30.000000
tx 151 r 29.000000 c 31.000000
tx 152 r 30.000000 c 28.000000
tx 153 r 30.000000 c 29.000000
tx 154 r 30.000000 c 30.000000
tx 155 r 30.000000 c 31.000000
tx 156 r 31.000000 c 28.000000
tx 157 r 31.000000 c 29.000000
tx 158 r 31.000000 c 30.000000
tx 159 r 31.000000 c 31.000000
tx 32 r 56.000000 c 28.000000
tx 33 r 56.000000 c 29.000000
tx 34 r 56.000000 c 30.000000
tx 35 r 56.000000 c 31.000000
tx 36 r 57.000000 c 28.000000
tx 37 r 57.000000 c 29.000000
tx 38 r 57.000000 c 30.000000
tx 39 r 57.000000 c 31.000000
tx 40 r 58.000000 c 28.000000
tx 41 r 58.000000 c 29.000000
tx 42 r 58.000000 c 30.000000
tx 43 r 58.000000 c 31.000000
tx 44 r 59.000000 c 28.000000
tx 45 r 59.000000 c 29.000000
tx 46 r 59.000000 c 30.000000
tx 47 r 59.000000 c 31.000000
tx 48 r 60.000000 c 28.000000
tx 49 r 60.000000 c 29.000000
tx 50 r 60.000000 c 30.000000
tx 51 r 60.000000 c 31.000000
tx 52 r 61.000000 c 28.000000
tx 53 r 61.000000 c 29.000000
tx 54 r 61.000000 c 30.000000
tx 55 r 61.000000 c 31.000000
tx 56 r 62.000000 c 28.000000
tx 57 r 62.000000 c 29.000000
tx 58 r 62.000000 c 30.000000
tx 59 r 62.000000 c 31.000000
tx 60 r 63.000000 c 28.000000
tx 61 r 63.000000 c 29.000000
tx 62 r 63.000000 c 30.000000
tx 63 r 63.000000 c 31.000000
tx 192 r 0.000000 c 28.000000
tx 193 r 0.000000 c 29.000000
tx 194 r 0.000000 c 30.000000
tx 195 r 0.000000 c 31.000000
tx 196 r 1.000000 c 28.000000
tx 197 r 1.000000 c 29.000000
tx 198 r 1.000000 c 30.000000
tx 199 r 1.000000 c 31.000000
tx 200 r 2.000000 c 28.000000
tx 201 r 2.000000 c 29.000000
tx 202 r 2.000000 c 30.000000
tx 203 r 2.000000 c 31.000000
tx 204 r 3.000000 c 28.000000
tx 205 r 3.000000 c 29.000000
tx 206 r 3.000000 c 30.000000
tx 207 r 3.000000 c 31.000000
tx 208 r 4.000000 c 28.000000
tx 209 r 4.000000 c 29.000000
tx 210 r 4.000000 c 30.000000
tx 211 r 4.000000 c 31.000000
tx 212 r 5.000000 c 28.000000
tx 213 r 5.000000 c 29.000000
tx 214 r 5.000000 c 30.000000
tx 215 r 5.000000 c 31.000000
tx 216 r 6.000000 c 28.000000
tx 217 r 6.000000 c 29.000000
tx 218 r 6.000000 c 30.000000
tx 219 r 6.000000 c 31.000000
tx 220 r 7.000000 c 28.000000
tx 221 r 7.000000 c 29.000000
tx 222 r 7.000000 c 30.000000
tx 223 r 7.000000 c 31.000000
tx 64 r 0.000000 c 28.000000
tx 65 r 0.000000 c 29.000000
tx 66 r 0.000000 c 30.000000
tx 67 r 0.000000 c 31.000000
tx 68 r 1.000000 c 28.000000
tx 69 r 1.000000 c 29.000000
tx 70 r 1.000000 c 30.000000
tx 71 r 1.000000 c 31.000000
tx 72 r 2.000000 c 28.000000
tx 73 r 2.000000 c 29.000000
tx 74 r 2.000000 c 30.000000
tx 75 r 2.000000 c 31.000000
tx 76 r 3.000000 c 28.000000
tx 77 r 3.000000 c 29.000000
tx 78 r 3.000000 c 30.000000
tx 79 r 3.000000 c 31.000000
tx 80 r 4.000000 c 28.000000
tx 81 r 4.000000 c 29.000000
tx 82 r 4.000000 c 30.000000
tx 83 r 4.000000 c 31.000000
tx 84 r 5.000000 c 28.000000
tx 85 r 5.000000 c 29.000000
tx 86 r 5.000000 c 30.000000
tx 87 r 5.000000 c 31.000000
tx 88 r 6.000000 c 28.000000
tx 89 r 6.000000 c 29.000000
tx 90 r 6.000000 c 30.000000
tx 91 r 6.000000 c 31.000000
tx 92 r 7.000000 c 28.000000
tx 93 r 7.000000 c 29.000000
tx 94 r 7.000000 c 30.000000
tx 95 r 7.000000 c 31.000000
tx 0 r 0.000000 c 28.000000
tx 1 r 0.000000 c 29.000000
tx 2 r 0.000000 c 30.000000
tx 3 r 0.000000 c 31.000000
tx 4 r 1.000000 c 28.000000
tx 5 r 1.000000 c 29.000000
tx 6 r 1.000000 c 30.000000
tx 7 r 1.000000 c 31.000000
tx 8 r 2.000000 c 28.000000
tx 9 r 2.000000 c 29.000000
tx 10 r 2.000000 c 30.000000
tx 11 r 2.000000 c 31.000000
tx 12 r 3.000000 c 28.000000
tx 13 r 3.000000 c 29.000000
tx 14 r 3.000000 c 30.000000
tx 15 r 3.000000 c 31.000000
tx 16 r 4.000000 c 28.000000
tx 17 r 4.000000 c 29.000000
tx 18 r 4.000000 c 30.000000
tx 19 r 4.000000 c 31.000000
tx 20 r 5.000000 c 28.000000
tx 21 r 5.000000 c 29.000000
tx 22 r 5.000000 c 30.000000
tx 23 r 5.000000 c 31.000000
tx 24 r 6.000000 c 28.000000
tx 25 r 6.000000 c 29.000000
tx 26 r 6.000000 c 30.000000
tx 27 r 6.000000 c 31.000000
tx 28 r 7.000000 c 28.000000
tx 29 r 7.000000 c 29.000000
tx 30 r 7.000000 c 30.000000
tx 31 r 7.000000 c 31.000000
tx 96 r 32.000000 c 28.000000
tx 97 r 32.000000 c 29.000000
tx 98 r 32.000000 c 30.000000
tx 99 r 32.000000 c 31.000000
tx 100 r 33.000000 c 28.000000
tx 101 r 33.000000 c 29.000000
tx 102 r 33.000000 c 30.000000
tx 103 r 33.000000 c 31.000000
tx 104 r 34.000000 c 28.000000
tx 105 r 34.000000 c 29.000000
tx 106 r 34.000000 c 30.000000
tx 107 r 34.000000 c 31.000000
tx 108 r 35.000000 c 28.000000
tx 109 r 35.000000 c 29.000000
tx 110 r 35.000000 c 30.000000
tx 111 r 35.000000 c 31.000000
tx 112 r 36.000000 c 28.000000
tx 113 r 36.000000 c 29.000000
tx 114 r 36.000000 c 30.000000
tx 115 r 36.000000 c 31.000000
tx 116 r 37.000000 c 28.000000
tx 117 r 37.000000 c 29.000000
tx 118 r 37.000000 c 30.000000
tx 119 r 37.000000 c 31.000000
tx 120 r 38.000000 c 28.000000
tx 121 r 38.000000 c 29.000000
tx 122 r 38.000000 c 30.000000
tx 123 r 38.000000 c 31.000000
tx 124 r 39.000000 c 28.000000
tx 125 r 39.000000 c 29.000000
tx 126 r 39.000000 c 30.000000
tx 127 r 39.000000 c 31.000000
tx 224 r 32.000000 c 28.000000
tx 225 r 32.000000 c 29.000000
tx 226 r 32.000000 c 30.000000
tx 227 r 32.000000 c 31.000000
tx 228 r 33.000000 c 28.000000
tx 229 r 33.000000 c 29.000000
tx 230 r 33.000000 c 30.000000
tx 231 r 33.000000 c 31.000000
tx 232 r 34.000000 c 28.000000
tx 233 r 34.000000 c 29.000000
tx 234 r 34.000000 c 30.000000
tx 235 r 34.000000 c 31.000000
tx 236 r 35.000000 c 28.000000
tx 237 r 35.000000 c 29.000000
tx 238 r 35.000000 c 30.000000
tx 239 r 35.000000 c 31.000000
tx 240 r 36.000000 c 28.000000
tx 241 r 36.000000 c 29.000000
tx 242 r 36.000000 c 30.000000
tx 243 r 36.000000 c 31.000000
tx 244 r 37.000000 c 28.000000
tx 245 r 37.000000 c 29.000000
tx 246 r 37.000000 c 30.000000
tx 247 r 37.000000 c 31.000000
tx 248 r 38.000000 c 28.000000
tx 249 r 38.000000 c 29.000000
tx 250 r 38.000000 c 30.000000
tx 251 r 38.000000 c 31.000000
tx 252 r 39.000000 c 28.000000
tx 253 r 39.000000 c 29.000000
tx 254 r 39.000000 c 30.000000
tx 255 r 39.000000 c 31.000000
tx 160 r 32.000000 c 28.000000
tx 161 r 32.000000 c 29.000000
tx 162 r 32.000000 c 30.000000
tx 163 r 32.000000 c 31.000000
tx 164 r 33.000000 c 28.000000
tx 165 r 33.000000 c 29.000000
tx 166 r 33.000000 c 30.000000
tx 167 r 33.000000 c 31.000000
tx 168 r 34.000000 c 28.000000
tx 169 r 34.000000 c 29.000000
tx 170 r 34.000000 c 30.000000
tx 171 r 34.000000 c 31.000000
tx 172 r 35.000000 c 28.000000
tx 173 r 35.000000 c 29.000000
tx 174 r 35.000000 c 30.000000
tx 175 r 35.000000 c 31.000000
tx 176 r 36.000000 c 28.000000
tx 177 r 36.000000 c 29.000000
tx 178 r 36.000000 c 30.000000
tx 179 r 36.000000 c 31.000000
tx 180 r 37.000000 c 28.000000
tx 181 r 37.000000 c 29.000000
tx 182 r 37.000000 c 30.000000
tx 183 r 37.000000 c 31.000000
tx 184 r 38.000000 c 28.000000
tx 185 r 38.000000 c 29.000000
tx 186 r 38.000000 c 30.000000
tx 187 r 38.000000 c 31.000000
tx 188 r 39.000000 c 28.000000
tx 189 r 39.000000 c 29.000000
tx 190 r 39.000000 c 30.000000
tx 191 r 39.000000 c 31.000000
tx 128 r 0.000000 c 28.000000
tx 129 r 0.000000 c 29.000000
tx 130 r 0.000000 c 30.000000
tx 131 r 0.000000 c 31.000000
tx 132 r 1.000000 c 28.000000
tx 133 r 1.000000 c 29.000000
tx 134 r 1.000000 c 30.000000
tx 135 r 1.000000 c 31.000000
tx 136 r 2.000000 c 28.000000
tx 137 r 2.000000 c 29.000000
tx 138 r 2.000000 c 30.000000
tx 139 r 2.000000 c 31.000000
tx 140 r 3.000000 c 28.000000
tx 141 r 3.000000 c 29.000000
tx 142 r 3.000000 c 30.000000
tx 143 r 3.000000 c 31.000000
tx 144 r 4.000000 c 28.000000
tx 145 r 4.000000 c 29.000000
tx 146 r 4.000000 c 30.000000
tx 147 r 4.000000 c 31.000000
tx 148 r 5.000000 c 28.000000
tx 149 r 5.000000 c 29.000000
tx 150 r 5.000000 c 30.000000
tx 151 r 5.000000 c 31.000000
tx 152 r 6.000000 c 28.000000
tx 153 r 6.000000 c 29.000000
tx 154 r 6.000000 c 30.000000
tx 155 r 6.000000 c 31.000000
tx 156 r 7.000000 c 28.000000
tx 157 r 7.000000 c 29.000000
tx 158 r 7.000000 c 30.000000
tx 159 r 7.000000 c 31.000000
tx 32 r 32.000000 c 28.000000
tx 33 r 32.000000 c 29.000000
tx 34 r 32.000000 c 30.000000
tx 35 r 32.000000 c 31.000000
tx 36 r 33.000000 c 28.000000
tx 37 r 33.000000 c 29.000000
tx 38 r 33.000000 c 30.000000
tx 39 r 33.000000 c 31.000000
tx 40 r 34.000000 c 28.000000
tx 41 r 34.000000 c 29.000000
tx 42 r 34.000000 c 30.000000
tx 43 r 34.000000 c 31.000000
tx 44 r 35.000000 c 28.000000
tx 45 r 35.000000 c 29.000000
tx 46 r 35.000000 c 30.000000
tx 47 r 35.000000 c 31.000000
tx 48 r 36.000000 c 28.000000
tx 49 r 36.000000 c 29.000000
tx 50 r 36.000000 c 30.000000
tx 51 r 36.000000 c 31.000000
tx 52 r 37.000000 c 28.000000
tx 53 r 37.000000 c 29.000000
tx 54 r 37.000000 c 30.000000
tx 55 r 37.000000 c 31.000000
tx 56 r 38.000000 c 28.000000
tx 57 r 38.000000 c 29.000000
tx 58 r 38.000000 c 30.000000
tx 59 r 38.000000 c 31.000000
tx 60 r 39.000000 c 28.000000
tx 61 r 39.000000 c 29.000000
tx 62 r 39.000000 c 30.000000
tx 63 r 39.000000 c 31.000000
tx 192 r 8.000000 c 28.000000
tx 193 r 8.000000 c 29.000000
tx 194 r 8.000000 c 30.000000
tx 195 r 8.000000 c 31.000000
tx 196 r 9.000000 c 28.000000
tx 197 r 9.000000 c 29.000000
tx 198 r 9.000000 c 30.000000
tx 199 r 9.000000 c 31.000000
tx 200 r 10.000000 c 28.000000
tx 201 r 10.000000 c 29.000000
tx 202 r 10.000000 c 30.000000
tx 203 r 10.000000 c 31.000000
tx 204 r 11.000000 c 28.000000
tx 205 r 11.000000 c 29.000000
tx 206 r 11.000000 c 30.000000
tx 207 r 11.000000 c 31.000000
tx 208 r 12.000000 c 28.000000
tx 209 r 12.000000 c 29.000000
tx 210 r 12.000000 c 30.000000
tx 211 r 12.000000 c 31.000000
tx 212 r 13.000000 c 28.000000
tx 213 r 13.000000 c 29.000000
tx 214 r 13.000000 c 30.000000
tx 215 r 13.000000 c 31.000000
tx 216 r 14.000000 c 28.000000
tx 217 r 14.000000 c 29.000000
tx 218 r 14.000000 c 30.000000
tx 219 r 14.000000 c 31.000000
tx 220 r 15.000000 c 28.000000
tx 221 r 15.000000 c 29.000000
tx 222 r 15.000000 c 30.000000
tx 223 r 15.000000 c 31.000000
tx 64 r 8.000000 c 28.000000
tx 65 r 8.000000 c 29.000000
tx 66 r 8.000000 c 30.000000
tx 67 r 8.000000 c 31.000000
tx 68 r 9.000000 c 28.000000
tx 69 r 9.000000 c 29.000000
tx 70 r 9.000000 c 30.000000
tx 71 r 9.000000 c 31.000000
tx 72 r 10.000000 c 28.000000
tx 73 r 10.000000 c 29.000000
tx 74 r 10.000000 c 30.000000
tx 75 r 10.000000 c 31.000000
tx 76 r 11.000000 c 28.000000
tx 77 r 11.000000 c 29.000000
tx 78 r 11.000000 c 30.000000
tx 79 r 11.000000 c 31.000000
tx 80 r 12.000000 c 28.000000
tx 81 r 12.000000 c 29.000000
tx 82 r 12.000000 c 30.000000
tx 83 r 12.000000 c 31.000000
tx 84 r 13.000000 c 28.000000
tx 85 r 13.000000 c 29.000000
tx 86 r 13.000000 c 30.000000
tx 87 r 13.000000 c 31.000000
tx 88 r 14.000000 c 28.000000
tx 89 r 14.000000 c 29.000000
tx 90 r 14.000000 c 30.000000
tx 91 r 14.000000 c 31.000000
tx 92 r 15.000000 c 28.000000
tx 93 r 15.000000 c 29.000000
tx 94 r 15.000000 c 30.000000
tx 95 r 15.000000 c 31.000000
tx 160 r 40.000000 c 28.000000
tx 161 r 40.000000 c 29.000000
tx 162 r 40.000000 c 30.000000
tx 163 r 40.000000 c 31.000000
tx 164 r 41.000000 c 28.000000
tx 165 r 41.000000 c 29.000000
tx 166 r 41.000000 c 30.000000
tx 167 r 41.000000 c 31.000000
tx 168 r 42.000000 c 28.000000
tx 169 r 42.000000 c 29.000000
tx 170 r 42.000000 c 30.000000
tx 171 r 42.000000 c 31.000000
tx 172 r 43.000000 c 28.000000
tx 173 r 43.000000 c 29.000000
tx 174 r 43.000000 c 30.000000
tx 175 r 43.000000 c 31.000000
tx 176 r 44.000000 c 28.000000
tx 177 r 44.000000 c 29.000000
tx 178 r 44.000000 c 30.000000
tx 179 r 44.000000 c 31.000000
tx 180 r 45.000000 c 28.000000
tx 181 r 45.000000 c 29.000000
tx 182 r 45.000000 c 30.000000
tx 183 r 45.000000 c 31.000000
tx 184 r 46.000000 c 28.000000
tx 185 r 46.000000 c 29.000000
tx 186 r 46.000000 c 30.000000
tx 187 r 46.000000 c 31.000000
tx 188 r 47.000000 c 28.000000
tx 189 r 47.000000 c 29.000000
tx 190 r 47.000000 c 30.000000
tx 191 r 47.000000 c 31.000000
tx 224 r 40.000000 c 28.000000
tx 225 r 40.000000 c 29.000000
tx 226 r 40.000000 c 30.000000
tx 227 r 40.000000 c 31.000000
tx 228 r 41.000000 c 28.000000
tx 229 r 41.000000 c 29.000000
tx 230 r 41.000000 c 30.000000
tx 231 r 41.000000 c 31.000000
tx 232 r 42.000000 c 28.000000
tx 233 r 42.000000 c 29.000000
tx 234 r 42.000000 c 30.000000
tx 235 r 42.000000 c 31.000000
tx 236 r 43.000000 c 28.000000
tx 237 r 43.000000 c 29.000000
tx 238 r 43.000000 c 30.000000
tx 239 r 43.000000 c 31.000000
tx 240 r 44.000000 c 28.000000
tx 241 r 44.000000 c 29.000000
tx 242 r 44.000000 c 30.000000
tx 243 r 44.000000 c 31.000000
tx 244 r 45.000000 c 28.000000
tx 245 r 45.000000 c 29.000000
tx 246 r 45.000000 c 30.000000
tx 247 r 45.000000 c 31.000000
tx 248 r 46.000000 c 28.000000
tx 249 r 46.000000 c 29.000000
tx 250 r 46.000000 c 30.000000
tx 251 r 46.000000 c 31.000000
tx 252 r 47.000000 c 28.000000
tx 253 r 47.000000 c 29.000000
tx 254 r 47.000000 c 30.000000
tx 255 r 47.000000 c 31.000000
tx 96 r 40.000000 c 28.000000
tx 97 r 40.000000 c 29.000000
tx 98 r 40.000000 c 30.000000
tx 99 r 40.000000 c 31.000000
tx 100 r 41.000000 c 28.000000
tx 101 r 41.000000 c 29.000000
tx 102 r 41.000000 c 30.000000
tx 103 r 41.000000 c 31.000000
tx 104 r 42.000000 c 28.000000
tx 105 r 42.000000 c 29.000000
tx 106 r 42.000000 c 30.000000
tx 107 r 42.000000 c 31.000000
tx 108 r 43.000000 c 28.000000
tx 109 r 43.000000 c 29.000000
tx 110 r 43.000000 c 30.000000
tx 111 r 43.000000 c 31.000000
tx 112 r 44.000000 c 28.000000
tx 113 r 44.000000 c 29.000000
tx 114 r 44.000000 c 30.000000
tx 115 r 44.000000 c 31.000000
tx 116 r 45.000000 c 28.000000
tx 117 r 45.000000 c 29.000000
tx 118 r 45.000000 c 30.000000
tx 119 r 45.000000 c 31.000000
tx 120 r 46.000000 c 28.000000
tx 121 r 46.000000 c 29.000000
tx 122 r 46.000000 c 30.000000
tx 123 r 46.000000 c 31.000000
tx 124 r 47.000000 c 28.000000
tx 125 r 47.000000 c 29.000000
tx 126 r 47.000000 c 30.000000
tx 127 r 47.000000 c 31.000000
tx 0 r 8.000000 c 28.000000
tx 1 r 8.000000 c 29.000000
tx 2 r 8.000000 c 30.000000
tx 3 r 8.000000 c 31.000000
tx 4 r 9.000000 c 28.000000
tx 5 r 9.000000 c 29.000000
tx 6 r 9.000000 c 30.000000
tx 7 r 9.000000 c 31.000000
tx 8 r 10.000000 c 28.000000
tx 9 r 10.000000 c 29.000000
tx 10 r 10.000000 c 30.000000
tx 11 r 10.000000 c 31.000000
tx 12 r 11.000000 c 28.000000
tx 13 r 11.000000 c 29.000000
tx 14 r 11.000000 c 30.000000
tx 15 r 11.000000 c 31.000000
tx 16 r 12.000000 c 28.000000
tx 17 r 12.000000 c 29.000000
tx 18 r 12.000000 c 30.000000
tx 19 r 12.000000 c 31.000000
tx 20 r 13.000000 c 28.000000
tx 21 r 13.000000 c 29.000000
tx 22 r 13.000000 c 30.000000
tx 23 r 13.000000 c 31.000000
tx 24 r 14.000000 c 28.000000
tx 25 r 14.000000 c 29.000000
tx 26 r 14.000000 c 30.000000
tx 27 r 14.000000 c 31.000000
tx 28 r 15.000000 c 28.000000
tx 29 r 15.000000 c 29.000000
tx 30 r 15.000000 c 30.000000
tx 31 r 15.000000 c 31.000000
tx 128 r 8.000000 c 28.000000
tx 129 r 8.000000 c 29.000000
tx 130 r 8.000000 c 30.000000
tx 131 r 8.000000 c 31.000000
tx 132 r 9.000000 c 28.000000
tx 133 r 9.000000 c 29.000000
tx 134 r 9.000000 c 30.000000
tx 135 r 9.000000 c 31.000000
tx 136 r 10.000000 c 28.000000
tx 137 r 10.000000 c 29.000000
tx 138 r 10.000000 c 30.000000
tx 139 r 10.000000 c 31.000000
tx 140 r 11.000000 c 28.000000
tx 141 r 11.000000 c 29.000000
tx 142 r 11.000000 c 30.000000
tx 143 r 11.000000 c 31.000000
tx 144 r 12.000000 c 28.000000
tx 145 r 12.000000 c 29.000000
tx 146 r 12.000000 c 30.000000
tx 147 r 12.000000 c 31.000000
tx 148 r 13.000000 c 28.000000
tx 149 r 13.000000 c 29.000000
tx 150 r 13.000000 c 30.000000
tx 151 r 13.000000 c 31.000000
tx 152 r 14.000000 c 28.000000
tx 153 r 14.000000 c 29.000000
tx 154 r 14.000000 c 30.000000
tx 155 r 14.000000 c 31.000000
tx 156 r 15.000000 c 28.000000
tx 157 r 15.000000 c 29.000000
tx 158 r 15.000000 c 30.000000
tx 159 r 15.000000 c 31.000000
tx 32 r 40.000000 c 28.000000
tx 33 r 40.000000 c 29.000000
tx 34 r 40.000000 c 30.000000
tx 35 r 40.000000 c 31.000000
tx 36 r 41.000000 c 28.000000
tx 37 r 41.000000 c 29.000000
tx 38 r 41.000000 c 30.000000
tx 39 r 41.000000 c 31.000000
tx 40 r 42.000000 c 28.000000
tx 41 r 42.000000 c 29.000000
tx 42 r 42.000000 c 30.000000
tx 43 r 42.000000 c 31.000000
tx 44 r 43.000000 c 28.000000
tx 45 r 43.000000 c 29.000000
tx 46 r 43.000000 c 30.000000
tx 47 r 43.000000 c 31.000000
tx 48 r 44.000000 c 28.000000
tx 49 r 44.000000 c 29.000000
tx 50 r 44.000000 c 30.000000
tx 51 r 44.000000 c 31.000000
tx 52 r 45.000000 c 28.000000
tx 53 r 45.000000 c 29.000000
tx 54 r 45.000000 c 30.000000
tx 55 r 45.000000 c 31.000000
tx 56 r 46.000000 c 28.000000
tx 57 r 46.000000 c 29.000000
tx 58 r 46.000000 c 30.000000
tx 59 r 46.000000 c 31.000000
tx 60 r 47.000000 c 28.000000
tx 61 r 47.000000 c 29.000000
tx 62 r 47.000000 c 30.000000
tx 63 r 47.000000 c 31.000000
tx 192 r 16.000000 c 28.000000
tx 193 r 16.000000 c 29.000000
tx 194 r 16.000000 c 30.000000
tx 195 r 16.000000 c 31.000000
tx 196 r 17.000000 c 28.000000
tx 197 r 17.000000 c 29.000000
tx 198 r 17.000000 c 30.000000
tx 199 r 17.000000 c 31.000000
tx 200 r 18.000000 c 28.000000
tx 201 r 18.000000 c 29.000000
tx 202 r 18.000000 c 30.000000
tx 203 r 18.000000 c 31.000000
tx 204 r 19.000000 c 28.000000
tx 205 r 19.000000 c 29.000000
tx 206 r 19.000000 c 30.000000
tx 207 r 19.000000 c 31.000000
tx 208 r 20.000000 c 28.000000
tx 209 r 20.000000 c 29.000000
tx 210 r 20.000000 c 30.000000
tx 211 r 20.000000 c 31.000000
tx 212 r 21.000000 c 28.000000
tx 213 r 21.000000 c 29.000000
tx 214 r 21.000000 c 30.000000
tx 215 r 21.000000 c 31.000000
tx 216 r 22.000000 c 28.000000
tx 217 r 22.000000 c 29.000000
tx 218 r 22.000000 c 30.000000
tx 219 r 22.000000 c 31.000000
tx 220 r 23.000000 c 28.000000
tx 221 r 23.000000 c 29.000000
tx 222 r 23.000000 c 30.000000
tx 223 r 23.000000 c 31.000000
tx 64 r 16.000000 c 28.000000
tx 65 r 16.000000 c 29.000000
tx 66 r 16.000000 c 30.000000
tx 67 r 16.000000 c 31.000000
tx 68 r 17.000000 c 28.000000
tx 69 r 17.000000 c 29.000000
tx 70 r 17.000000 c 30.000000
tx 71 r 17.000000 c 31.000000
tx 72 r 18.000000 c 28.000000
tx 73 r 18.000000 c 29.000000
tx 74 r 18.000000 c 30.000000
tx 75 r 18.000000 c 31.000000
tx 76 r 19.000000 c 28.000000
tx 77 r 19.000000 c 29.000000
tx 78 r 19.000000 c 30.000000
tx 79 r 19.000000 c 31.000000
tx 80 r 20.000000 c 28.000000
tx 81 r 20.000000 c 29.000000
tx 82 r 20.000000 c 30.000000
tx 83 r 20.000000 c 31.000000
tx 84 r 21.000000 c 28.000000
tx 85 r 21.000000 c 29.000000
tx 86 r 21.000000 c 30.000000
tx 87 r 21.000000 c 31.000000
tx 88 r 22.000000 c 28.000000
tx 89 r 22.000000 c 29.000000
tx 90 r 22.000000 c 30.000000
tx 91 r 22.000000 c 31.000000
tx 92 r 23.000000 c 28.000000
tx 93 r 23.000000 c 29.000000
tx 94 r 23.000000 c 30.000000
tx 95 r 23.000000 c 31.000000
tx 224 r 48.000000 c 28.000000
tx 225 r 48.000000 c 29.000000
tx 226 r 48.000000 c 30.000000
tx 227 r 48.000000 c 31.000000
tx 228 r 49.000000 c 28.000000
tx 229 r 49.000000 c 29.000000
tx 230 r 49.000000 c 30.000000
tx 231 r 49.000000 c 31.000000
tx 232 r 50.000000 c 28.000000
tx 233 r 50.000000 c 29.000000
tx 234 r 50.000000 c 30.000000
tx 235 r 50.000000 c 31.000000
tx 236 r 51.000000 c 28.000000
tx 237 r 51.000000 c 29.000000
tx 238 r 51.000000 c 30.000000
tx 239 r 51.000000 c 31.000000
tx 240 r 52.000000 c 28.000000
tx 241 r 52.000000 c 29.000000
tx 242 r 52.000000 c 30.000000
tx 243 r 52.000000 c 31.000000
tx 244 r 53.000000 c 28.000000
tx 245 r 53.000000 c 29.000000
tx 246 r 53.000000 c 30.000000
tx 247 r 53.000000 c 31.000000
tx 248 r 54.000000 c 28.000000
tx 249 r 54.000000 c 29.000000
tx 250 r 54.000000 c 30.000000
tx 251 r 54.000000 c 31.000000
tx 252 r 55.000000 c 28.000000
tx 253 r 55.000000 c 29.000000
tx 254 r 55.000000 c 30.000000
tx 255 r 55.000000 c 31.000000
tx 0 r 16.000000 c 28.000000
tx 1 r 16.000000 c 29.000000
tx 2 r 16.000000 c 30.000000
tx 3 r 16.000000 c 31.000000
tx 4 r 17.000000 c 28.000000
tx 5 r 17.000000 c 29.000000
tx 6 r 17.000000 c 30.000000
tx 7 r 17.000000 c 31.000000
tx 8 r 18.000000 c 28.000000
tx 9 r 18.000000 c 29.000000
tx 10 r 18.000000 c 30.000000
tx 11 r 18.000000 c 31.000000
tx 12 r 19.000000 c 28.000000
tx 13 r 19.000000 c 29.000000
tx 14 r 19.000000 c 30.000000
tx 15 r 19.000000 c 31.000000
tx 16 r 20.000000 c 28.000000
tx 17 r 20.000000 c 29.000000
tx 18 r 20.000000 c 30.000000
tx 19 r 20.000000 c 31.000000
tx 20 r 21.000000 c 28.000000
tx 21 r 21.000000 c 29.000000
tx 22 r 21.000000 c 30.000000
tx 23 r 21.000000 c 31.000000
tx 24 r 22.000000 c 28.000000
tx 25 r 22.000000 c 29.000000
tx 26 r 22.000000 c 30.000000
tx 27 r 22.000000 c 31.000000
tx 28 r 23.000000 c 28.000000
tx 29 r 23.000000 c 29.000000
tx 30 r 23.000000 c 30.000000
tx 31 r 23.000000 c 31.000000
tx 160 r 48.000000 c 28.000000
tx 161 r 48.000000 c 29.000000
tx 162 r 48.000000 c 30.000000
tx 163 r 48.000000 c 31.000000
tx 164 r 49.000000 c 28.000000
tx 165 r 49.000000 c 29.000000
tx 166 r 49.000000 c 30.000000
tx 167 r 49.000000 c 31.000000
tx 168 r 50.000000 c 28.000000
tx 169 r 50.000000 c 29.000000
tx 170 r 50.000000 c 30.000000
tx 171 r 50.000000 c 31.000000
tx 172 r 51.000000 c 28.000000
tx 173 r 51.000000 c 29.000000
tx 174 r 51.000000 c 30.000000
tx 175 r 51.000000 c 31.000000
tx 176 r 52.000000 c 28.000000
tx 177 r 52.000000 c 29.000000
tx 178 r 52.000000 c 30.000000
tx 179 r 52.000000 c 31.000000
tx 180 r 53.000000 c 28.000000
tx 181 r 53.000000 c 29.000000
tx 182 r 53.000000 c 30.000000
tx 183 r 53.000000 c 31.000000
tx 184 r 54.000000 c 28.000000
tx 185 r 54.000000 c 29.000000
tx 186 r 54.000000 c 30.000000
tx 187 r 54.000000 c 31.000000
tx 188 r 55.000000 c 28.000000
tx 189 r 55.000000 c 29.000000
tx 190 r 55.000000 c 30.000000
tx 191 r 55.000000 c 31.000000
tx 96 r 48.000000 c 28.000000
tx 97 r 48.000000 c 29.000000
tx 98 r 48.000000 c 30.000000
tx 99 r 48.000000 c 31.000000
tx 100 r 49.000000 c 28.000000
tx 101 r 49.000000 c 29.000000
tx 102 r 49.000000 c 30.000000
tx 103 r 49.000000 c 31.000000
tx 104 r 50.000000 c 28.000000
tx 105 r 50.000000 c 29.000000
tx 106 r 50.000000 c 30.000000
tx 107 r 50.000000 c 31.000000
tx 108 r 51.000000 c 28.000000
tx 109 r 51.000000 c 29.000000
tx 110 r 51.000000 c 30.000000
tx 111 r 51.000000 c 31.000000
tx 112 r 52.000000 c 28.000000
tx 113 r 52.000000 c 29.000000
tx 114 r 52.000000 c 30.000000
tx 115 r 52.000000 c 31.000000
tx 116 r 53.000000 c 28.000000
tx 117 r 53.000000 c 29.000000
tx 118 r 53.000000 c 30.000000
tx 119 r 53.000000 c 31.000000
tx 120 r 54.000000 c 28.000000
tx 121 r 54.000000 c 29.000000
tx 122 r 54.000000 c 30.000000
tx 123 r 54.000000 c 31.000000
tx 124 r 55.000000 c 28.000000
tx 125 r 55.000000 c 29.000000
tx 126 r 55.000000 c 30.000000
tx 127 r 55.000000 c 31.000000
tx 128 r 16.000000 c 28.000000
tx 129 r 16.000000 c 29.000000
tx 130 r 16.000000 c 30.000000
tx 131 r 16.000000 c 31.000000
tx 132 r 17.000000 c 28.000000
tx 133 r 17.000000 c 29.000000
tx 134 r 17.000000 c 30.000000
tx 135 r 17.000000 c 31.000000
tx 136 r 18.000000 c 28.000000
tx 137 r 18.000000 c 29.000000
tx 138 r 18.000000 c 30.000000
tx 139 r 18.000000 c 31.000000
tx 140 r 19.000000 c 28.000000
tx 141 r 19.000000 c 29.000000
tx 142 r 19.000000 c 30.000000
tx 143 r 19.000000 c 31.000000
tx 144 r 20.000000 c 28.000000
tx 145 r 20.000000 c 29.000000
tx 146 r 20.000000 c 30.000000
tx 147 r 20.000000 c 31.000000
tx 148 r 21.000000 c 28.000000
tx 149 r 21.000000 c 29.000000
tx 150 r 21.000000 c 30.000000
tx 151 r 21.000000 c 31.000000
tx 152 r 22.000000 c 28.000000
tx 153 r 22.000000 c 29.000000
tx 154 r 22.000000 c 30.000000
tx 155 r 22.000000 c 31.000000
tx 156 r 23.000000 c 28.000000
tx 157 r 23.000000 c 29.000000
tx 158 r 23.000000 c 30.000000
tx 159 r 23.000000 c 31.000000
tx 32 r 48.000000 c 28.000000
tx 33 r 48.000000 c 29.000000
tx 34 r 48.000000 c 30.000000
tx 35 r 48.000000 c 31.000000
tx 36 r 49.000000 c 28.000000
tx 37 r 49.000000 c 29.000000
tx 38 r 49.000000 c 30.000000
tx 39 r 49.000000 c 31.000000
tx 40 r 50.000000 c 28.000000
tx 41 r 50.000000 c 29.000000
tx 42 r 50.000000 c 30.000000
tx 43 r 50.000000 c 31.000000
tx 44 r 51.000000 c 28.000000
tx 45 r 51.000000 c 29.000000
tx 46 r 51.000000 c 30.000000
tx 47 r 51.000000 c 31.000000
tx 48 r 52.000000 c 28.000000
tx 49 r 52.000000 c 29.000000
tx 50 r 52.000000 c 30.000000
tx 51 r 52.000000 c 31.000000
tx 52 r 53.000000 c 28.000000
tx 53 r 53.000000 c 29.000000
tx 54 r 53.000000 c 30.000000
tx 55 r 53.000000 c 31.000000
tx 56 r 54.000000 c 28.000000
tx 57 r 54.000000 c 29.000000
tx 58 r 54.000000 c 30.000000
tx 59 r 54.000000 c 31.000000
tx 60 r 55.000000 c 28.000000
tx 61 r 55.000000 c 29.000000
tx 62 r 55.000000 c 30.000000
tx 63 r 55.000000 c 31.000000
tx 192 r 24.000000 c 28.000000
tx 193 r 24.000000 c 29.000000
tx 194 r 24.000000 c 30.000000
tx 195 r 24.000000 c 31.000000
tx 196 r 25.000000 c 28.000000
tx 197 r 25.000000 c 29.000000
tx 198 r 25.000000 c 30.000000
tx 199 r 25.000000 c 31.000000
tx 200 r 26.000000 c 28.000000
tx 201 r 26.000000 c 29.000000
tx 202 r 26.000000 c 30.000000
tx 203 r 26.000000 c 31.000000
tx 204 r 27.000000 c 28.000000
tx 205 r 27.000000 c 29.000000
tx 206 r 27.000000 c 30.000000
tx 207 r 27.000000 c 31.000000
tx 208 r 28.000000 c 28.000000
tx 209 r 28.000000 c 29.000000
tx 210 r 28.000000 c 30.000000
tx 211 r 28.000000 c 31.000000
tx 212 r 29.000000 c 28.000000
tx 213 r 29.000000 c 29.000000
tx 214 r 29.000000 c 30.000000
tx 215 r 29.000000 c 31.000000
tx 216 r 30.000000 c 28.000000
tx 217 r 30.000000 c 29.000000
tx 218 r 30.000000 c 30.000000
tx 219 r 30.000000 c 31.000000
tx 220 r 31.000000 c 28.000000
tx 221 r 31.000000 c 29.000000
tx 222 r 31.000000 c 30.000000
tx 223 r 31.000000 c 31.000000
tx 64 r 24.000000 c 28.000000
tx 65 r 24.000000 c 29.000000
tx 66 r 24.000000 c 30.000000
tx 67 r 24.000000 c 31.000000
tx 68 r 25.000000 c 28.000000
tx 69 r 25.000000 c 29.000000
tx 70 r 25.000000 c 30.000000
tx 71 r 25.000000 c 31.000000
tx 72 r 26.000000 c 28.000000
tx 73 r 26.000000 c 29.000000
tx 74 r 26.000000 c 30.000000
tx 75 r 26.000000 c 31.000000
tx 76 r 27.000000 c 28.000000
tx 77 r 27.000000 c 29.000000
tx 78 r 27.000000 c 30.000000
tx 79 r 27.000000 c 31.000000
tx 80 r 28.000000 c 28.000000
tx 81 r 28.000000 c 29.000000
tx 82 r 28.000000 c 30.000000
tx 83 r 28.000000 c 31.000000
tx 84 r 29.000000 c 28.000000
tx 85 r 29.000000 c 29.000000
tx 86 r 29.000000 c 30.000000
tx 87 r 29.000000 c 31.000000
tx 88 r 30.000000 c 28.000000
tx 89 r 30.000000 c 29.000000
tx 90 r 30.000000 c 30.000000
tx 91 r 30.000000 c 31.000000
tx 92 r 31.000000 c 28.000000
tx 93 r 31.000000 c 29.000000
tx 94 r 31.000000 c 30.000000
tx 95 r 31.000000 c 31.000000
tx 0 r 24.000000 c 28.000000
tx 1 r 24.000000 c 29.000000
tx 2 r 24.000000 c 30.000000
tx 3 r 24.000000 c 31.000000
tx 4 r 25.000000 c 28.000000
tx 5 r 25.000000 c 29.000000
tx 6 r 25.000000 c 30.000000
tx 7 r 25.000000 c 31.000000
tx 8 r 26.000000 c 28.000000
tx 9 r 26.000000 c 29.000000
tx 10 r 26.000000 c 30.000000
tx 11 r 26.000000 c 31.000000
tx 12 r 27.000000 c 28.000000
tx 13 r 27.000000 c 29.000000
tx 14 r 27.000000 c 30.000000
tx 15 r 27.000000 c 31.000000
tx 16 r 28.000000 c 28.000000
tx 17 r 28.000000 c 29.000000
tx 18 r 28.000000 c 30.000000
tx 19 r 28.000000 c 31.000000
tx 20 r 29.000000 c 28.000000
tx 21 r 29.000000 c 29.000000
tx 22 r 29.000000 c 30.000000
tx 23 r 29.000000 c 31.000000
tx 24 r 30.000000 c 28.000000
tx 25 r 30.000000 c 29.000000
tx 26 r 30.000000 c 30.000000
tx 27 r 30.000000 c 31.000000
tx 28 r 31.000000 c 28.000000
tx 29 r 31.000000 c 29.000000
tx 30 r 31.000000 c 30.000000
tx 31 r 31.000000 c 31.000000
tx 160 r 56.000000 c 28.000000
tx 161 r 56.000000 c 29.000000
tx 162 r 56.000000 c 30.000000
tx 163 r 56.000000 c 31.000000
tx 164 r 57.000000 c 28.000000
tx 165 r 57.000000 c 29.000000
tx 166 r 57.000000 c 30.000000
tx 167 r 57.000000 c 31.000000
tx 168 r 58.000000 c 28.000000
tx 169 r 58.000000 c 29.000000
tx 170 r 58.000000 c 30.000000
tx 171 r 58.000000 c 31.000000
tx 172 r 59.000000 c 28.000000
tx 173 r 59.000000 c 29.000000
tx 174 r 59.000000 c 30.000000
tx 175 r 59.000000 c 31.000000
tx 176 r 60.000000 c 28.000000
tx 177 r 60.000000 c 29.000000
tx 178 r 60.000000 c 30.000000
tx 179 r 60.000000 c 31.000000
tx 180 r 61.000000 c 28.000000
tx 181 r 61.000000 c 29.000000
tx 182 r 61.000000 c 30.000000
tx 183 r 61.000000 c 31.000000
tx 184 r 62.000000 c 28.000000
tx 185 r 62.000000 c 29.000000
tx 186 r 62.000000 c 30.000000
tx 187 r 62.000000 c 31.000000
tx 188 r 63.000000 c 28.000000
tx 189 r 63.000000 c 29.000000
tx 190 r 63.000000 c 30.000000
tx 191 r 63.000000 c 31.000000
tx 224 r 56.000000 c 28.000000
tx 225 r 56.000000 c 29.000000
tx 226 r 56.000000 c 30.000000
tx 227 r 56.000000 c 31.000000
tx 228 r 57.000000 c 28.000000
tx 229 r 57.000000 c 29.000000
tx 230 r 57.000000 c 30.000000
tx 231 r 57.000000 c 31.000000
tx 232 r 58.000000 c 28.000000
tx 233 r 58.000000 c 29.000000
tx 234 r 58.000000 c 30.000000
tx 235 r 58.000000 c 31.000000
tx 236 r 59.000000 c 28.000000
tx 237 r 59.000000 c 29.000000
tx 238 r 59.000000 c 30.000000
tx 239 r 59.000000 c 31.000000
tx 240 r 60.000000 c 28.000000
tx 241 r 60.000000 c 29.000000
tx 242 r 60.000000 c 30.000000
tx 243 r 60.000000 c 31.000000
tx 244 r 61.000000 c 28.000000
tx 245 r 61.000000 c 29.000000
tx 246 r 61.000000 c 30.000000
tx 247 r 61.000000 c 31.000000
tx 248 r 62.000000 c 28.000000
tx 249 r 62.000000 c 29.000000
tx 250 r 62.000000 c 30.000000
tx 251 r 62.000000 c 31.000000
tx 252 r 63.000000 c 28.000000
tx 253 r 63.000000 c 29.000000
tx 254 r 63.000000 c 30.000000
tx 255 r 63.000000 c 31.000000
tx 96 r 56.000000 c 28.000000
tx 97 r 56.000000 c 29.000000
tx 98 r 56.000000 c 30.000000
tx 99 r 56.000000 c 31.000000
tx 100 r 57.000000 c 28.000000
tx 101 r 57.000000 c 29.000000
tx 102 r 57.000000 c 30.000000
tx 103 r 57.000000 c 31.000000
tx 104 r 58.000000 c 28.000000
tx 105 r 58.000000 c 29.000000
tx 106 r 58.000000 c 30.000000
tx 107 r 58.000000 c 31.000000
tx 108 r 59.000000 c 28.000000
tx 109 r 59.000000 c 29.000000
tx 110 r 59.000000 c 30.000000
tx 111 r 59.000000 c 31.000000
tx 112 r 60.000000 c 28.000000
tx 113 r 60.000000 c 29.000000
tx 114 r 60.000000 c 30.000000
tx 115 r 60.000000 c 31.000000
tx 116 r 61.000000 c 28.000000
tx 117 r 61.000000 c 29.000000
tx 118 r 61.000000 c 30.000000
tx 119 r 61.000000 c 31.000000
tx 120 r 62.000000 c 28.000000
tx 121 r 62.000000 c 29.000000
tx 122 r 62.000000 c 30.000000
tx 123 r 62.000000 c 31.000000
tx 124 r 63.000000 c 28.000000
tx 125 r 63.000000 c 29.000000
tx 126 r 63.000000 c 30.000000
tx 127 r 63.000000 c 31.000000
tx 128 r 24.000000 c 28.000000
tx 129 r 24.000000 c 29.000000
tx 130 r 24.000000 c 30.000000
tx 131 r 24.000000 c 31.000000
tx 132 r 25.000000 c 28.000000
tx 133 r 25.000000 c 29.000000
tx 134 r 25.000000 c 30.000000
tx 135 r 25.000000 c 31.000000
tx 136 r 26.000000 c 28.000000
tx 137 r 26.000000 c 29.000000
tx 138 r 26.000000 c 30.000000
tx 139 r 26.000000 c 31.000000
tx 140 r 27.000000 c 28.000000
tx 141 r 27.000000 c 29.000000
tx 142 r 27.000000 c 30.000000
tx 143 r 27.000000 c 31.000000
tx 144 r 28.000000 c 28.000000
tx 145 r 28.000000 c 29.000000
tx 146 r 28.000000 c 30.000000
tx 147 r 28.000000 c 31.000000
tx 148 r 29.000000 c 28.000000
tx 149 r 29.000000 c 29.000000
tx 150 r 29.000000 c 30.000000
tx 151 r 29.000000 c 31.000000
tx 152 r 30.000000 c 28.000000
tx 153 r 30.000000 c 29.000000
tx 154 r 30.000000 c 30.000000
tx 155 r 30.000000 c 31.000000
tx 156 r 31.000000 c 28.000000
tx 157 r 31.000000 c 29.000000
tx 158 r 31.000000 c 30.000000
tx 159 r 31.000000 c 31.000000
tx 32 r 56.000000 c 28.000000
tx 33 r 56.000000 c 29.000000
tx 34 r 56.000000 c 30.000000
tx 35 r 56.000000 c 31.000000
tx 36 r 57.000000 c 28.000000
tx 37 r 57.000000 c 29.000000
tx 38 r 57.000000 c 30.000000
tx 39 r 57.000000 c 31.000000
tx 40 r 58.000000 c 28.000000
tx 41 r 58.000000 c 29.000000
tx 42 r 58.000000 c 30.000000
tx 43 r 58.000000 c 31.000000
tx 44 r 59.000000 c 28.000000
tx 45 r 59.000000 c 29.000000
tx 46 r 59.000000 c 30.000000
tx 47 r 59.000000 c 31.000000
tx 48 r 60.000000 c 28.000000
tx 49 r 60.000000 c 29.000000
tx 50 r 60.000000 c 30.000000
tx 51 r 60.000000 c 31.000000
tx 52 r 61.000000 c 28.000000
tx 53 r 61.000000 c 29.000000
tx 54 r 61.000000 c 30.000000
tx 55 r 61.000000 c 31.000000
tx 56 r 62.000000 c 28.000000
tx 57 r 62.000000 c 29.000000
tx 58 r 62.000000 c 30.000000
tx 59 r 62.000000 c 31.000000
tx 60 r 63.000000 c 28.000000
tx 61 r 63.000000 c 29.000000
tx 62 r 63.000000 c 30.000000
tx 63 r 63.000000 c 31.000000
tx 128 r 0.000000 c 32.000000
tx 129 r 0.000000 c 33.000000
tx 130 r 0.000000 c 34.000000
tx 131 r 0.000000 c 35.000000
tx 132 r 1.000000 c 32.000000
tx 133 r 1.000000 c 33.000000
tx 134 r 1.000000 c 34.000000
tx 135 r 1.000000 c 35.000000
tx 136 r 2.000000 c 32.000000
tx 137 r 2.000000 c 33.000000
tx 138 r 2.000000 c 34.000000
tx 139 r 2.000000 c 35.000000
tx 140 r 3.000000 c 32.000000
tx 141 r 3.000000 c 33.000000
tx 142 r 3.000000 c 34.000000
tx 143 r 3.000000 c 35.000000
tx 144 r 4.000000 c 32.000000
tx 145 r 4.000000 c 33.000000
tx 146 r 4.000000 c 34.000000
tx 147 r 4.000000 c 35.000000
tx 148 r 5.000000 c 32.000000
tx 149 r 5.000000 c 33.000000
tx 150 r 5.000000 c 34.000000
tx 151 r 5.000000 c 35.000000
tx 152 r 6.000000 c 32.000000
tx 153 r 6.000000 c 33.000000
tx 154 r 6.000000 c 34.000000
tx 155 r 6.000000 c 35.000000
tx 156 r 7.000000 c 32.000000
tx 157 r 7.000000 c 33.000000
tx 158 r 7.000000 c 34.000000
tx 159 r 7.000000 c 35.000000
tx 0 r 0.000000 c 32.000000
tx 1 r 0.000000 c 33.000000
tx 2 r 0.000000 c 34.000000
tx 3 r 0.000000 c 35.000000
tx 4 r 1.000000 c 32.000000
tx 5 r 1.000000 c 33.000000
tx 6 r 1.000000 c 34.000000
tx 7 r 1.000000 c 35.000000
tx 8 r 2.000000 c 32.000000
tx 9 r 2.000000 c 33.000000
tx 10 r 2.000000 c 34.000000
tx 11 r 2.000000 c 35.000000
tx 12 r 3.000000 c 32.000000
tx 13 r 3.000000 c 33.000000
tx 14 r 3.000000 c 34.000000
tx 15 r 3.000000 c 35.000000
tx 16 r 4.000000 c 32.000000
tx 17 r 4.000000 c 33.000000
tx 18 r 4.000000 c 34.000000
tx 19 r 4.000000 c 35.000000
tx 20 r 5.000000 c 32.000000
tx 21 r 5.000000 c 33.000000
tx 22 r 5.000000 c 34.000000
tx 23 r 5.000000 c 35.000000
tx 24 r 6.000000 c 32.000000
tx 25 r 6.000000 c 33.000000
tx 26 r 6.000000 c 34.000000
tx 27 r 6.000000 c 35.000000
tx 28 r 7.000000 c 32.000000
tx 29 r 7.000000 c 33.000000
tx 30 r 7.000000 c 34.000000
tx 31 r 7.000000 c 35.000000
tx 32 r 32.000000 c 32.000000
tx 33 r 32.000000 c 33.000000
tx 34 r 32.000000 c 34.000000
tx 35 r 32.000000 c 35.000000
tx 36 r 33.000000 c 32.000000
tx 37 r 33.000000 c 33.000000
tx 38 r 33.000000 c 34.000000
tx 39 r 33.000000 c 35.000000
tx 40 r 34.000000 c 32.000000
tx 41 r 34.000000 c 33.000000
tx 42 r 34.000000 c 34.000000
tx 43 r 34.000000 c 35.000000
tx 44 r 35.000000 c 32.000000
tx 45 r 35.000000 c 33.000000
tx 46 r 35.000000 c 34.000000
tx 47 r 35.000000 c 35.000000
tx 48 r 36.000000 c 32.000000
tx 49 r 36.000000 c 33.000000
tx 50 r 36.000000 c 34.000000
tx 51 r 36.000000 c 35.000000
tx 52 r 37.000000 c 32.000000
tx 53 r 37.000000 c 33.000000
tx 54 r 37.000000 c 34.000000
tx 55 r 37.000000 c 35.000000
tx 56 r 38.000000 c 32.000000
tx 57 r 38.000000 c 33.000000
tx 58 r 38.000000 c 34.000000
tx 59 r 38.000000 c 35.000000
tx 60 r 39.000000 c 32.000000
tx 61 r 39.000000 c 33.000000
tx 62 r 39.000000 c 34.000000
tx 63 r 39.000000 c 35.000000
tx 96 r 32.000000 c 32.000000
tx 97 r 32.000000 c 33.000000
tx 98 r 32.000000 c 34.000000
tx 99 r 32.000000 c 35.000000
tx 100 r 33.000000 c 32.000000
tx 101 r 33.000000 c 33.000000
tx 102 r 33.000000 c 34.000000
tx 103 r 33.000000 c 35.000000
tx 104 r 34.000000 c 32.000000
tx 105 r 34.000000 c 33.000000
tx 106 r 34.000000 c 34.000000
tx 107 r 34.000000 c 35.000000
tx 108 r 35.000000 c 32.000000
tx 109 r 35.000000 c 33.000000
tx 110 r 35.000000 c 34.000000
tx 111 r 35.000000 c 35.000000
tx 112 r 36.000000 c 32.000000
tx 113 r 36.000000 c 33.000000
tx 114 r 36.000000 c 34.000000
tx 115 r 36.000000 c 35.000000
tx 116 r 37.000000 c 32.000000
tx 117 r 37.000000 c 33.000000
tx 118 r 37.000000 c 34.000000
tx 119 r 37.000000 c 35.000000
tx 120 r 38.000000 c 32.000000
tx 121 r 38.000000 c 33.000000
tx 122 r 38.000000 c 34.000000
tx 123 r 38.000000 c 35.000000
tx 124 r 39.000000 c 32.000000
tx 125 r 39.000000 c 33.000000
tx 126 r 39.000000 c 34.000000
tx 127 r 39.000000 c 35.000000
tx 192 r 0.000000 c 32.000000
tx 193 r 0.000000 c 33.000000
tx 194 r 0.000000 c 34.000000
tx 195 r 0.000000 c 35.000000
tx 196 r 1.000000 c 32.000000
tx 197 r 1.000000 c 33.000000
tx 198 r 1.000000 c 34.000000
tx 199 r 1.000000 c 35.000000
tx 200 r 2.000000 c 32.000000
tx 201 r 2.000000 c 33.000000
tx 202 r 2.000000 c 34.000000
tx 203 r 2.000000 c 35.000000
tx 204 r 3.000000 c 32.000000
tx 205 r 3.000000 c 33.000000
tx 206 r 3.000000 c 34.000000
tx 207 r 3.000000 c 35.000000
tx 208 r 4.000000 c 32.000000
tx 209 r 4.000000 c 33.000000
tx 210 r 4.000000 c 34.000000
tx 211 r 4.000000 c 35.000000
tx 212 r 5.000000 c 32.000000
tx 213 r 5.000000 c 33.000000
tx 214 r 5.000000 c 34.000000
tx 215 r 5.000000 c 35.000000
tx 216 r 6.000000 c 32.000000
tx 217 r 6.000000 c 33.000000
tx 218 r 6.000000 c 34.000000
tx 219 r 6.000000 c 35.000000
tx 220 r 7.000000 c 32.000000
tx 221 r 7.000000 c 33.000000
tx 222 r 7.000000 c 34.000000
tx 223 r 7.000000 c 35.000000
tx 160 r 32.000000 c 32.000000
tx 161 r 32.000000 c 33.000000
tx 162 r 32.000000 c 34.000000
tx 163 r 32.000000 c 35.000000
tx 164 r 33.000000 c 32.000000
tx 165 r 33.000000 c 33.000000
tx 166 r 33.000000 c 34.000000
tx 167 r 33.000000 c 35.000000
tx 168 r 34.000000 c 32.000000
tx 169 r 34.000000 c 33.000000
tx 170 r 34.000000 c 34.000000
tx 171 r 34.000000 c 35.000000
tx 172 r 35.000000 c 32.000000
tx 173 r 35.000000 c 33.000000
tx 174 r 35.000000 c 34.000000
tx 175 r 35.000000 c 35.000000
tx 176 r 36.000000 c 32.000000
tx 177 r 36.000000 c 33.000000
tx 178 r 36.000000 c 34.000000
tx 179 r 36.000000 c 35.000000
tx 180 r 37.000000 c 32.000000
tx 181 r 37.000000 c 33.000000
tx 182 r 37.000000 c 34.000000
tx 183 r 37.000000 c 35.000000
tx 184 r 38.000000 c 32.000000
tx 185 r 38.000000 c 33.000000
tx 186 r 38.000000 c 34.000000
tx 187 r 38.000000 c 35.000000
tx 188 r 39.000000 c 32.000000
tx 189 r 39.000000 c 33.000000
tx 190 r 39.000000 c 34.000000
tx 191 r 39.000000 c 35.000000
tx 224 r 32.000000 c 32.000000
tx 225 r 32.000000 c 33.000000
tx 226 r 32.000000 c 34.000000
tx 227 r 32.000000 c 35.000000
tx 228 r 33.000000 c 32.000000
tx 229 r 33.000000 c 33.000000
tx 230 r 33.000000 c 34.000000
tx 231 r 33.000000 c 35.000000
tx 232 r 34.000000 c 32.000000
tx 233 r 34.000000 c 33.000000
tx 234 r 34.000000 c 34.000000
tx 235 r 34.000000 c 35.000000
tx 236 r 35.000000 c 32.000000
tx 237 r 35.000000 c 33.000000
tx 238 r 35.000000 c 34.000000
tx 239 r 35.000000 c 35.000000
tx 240 r 36.000000 c 32.000000
tx 241 r 36.000000 c 33.000000
tx 242 r 36.000000 c 34.000000
tx 243 r 36.000000 c 35.000000
tx 244 r 37.000000 c 32.000000
tx 245 r 37.000000 c 33.000000
tx 246 r 37.000000 c 34.000000
tx 247 r 37.000000 c 35.000000
tx 248 r 38.000000 c 32.000000
tx 249 r 38.000000 c 33.000000
tx 250 r 38.000000 c 34.000000
tx 251 r 38.000000 c 35.000000
tx 252 r 39.000000 c 32.000000
tx 253 r 39.000000 c 33.000000
tx 254 r 39.000000 c 34.000000
tx 255 r 39.000000 c 35.000000
tx 64 r 0.000000 c 32.000000
tx 65 r 0.000000 c 33.000000
tx 66 r 0.000000 c 34.000000
tx 67 r 0.000000 c 35.000000
tx 68 r 1.000000 c 32.000000
tx 69 r 1.000000 c 33.000000
tx 70 r 1.000000 c 34.000000
tx 71 r 1.000000 c 35.000000
tx 72 r 2.000000 c 32.000000
tx 73 r 2.000000 c 33.000000
tx 74 r 2.000000 c 34.000000
tx 75 r 2.000000 c 35.000000
tx 76 r 3.000000 c 32.000000
tx 77 r 3.000000 c 33.000000
tx 78 r 3.000000 c 34.000000
tx 79 r 3.000000 c 35.000000
tx 80 r 4.000000 c 32.000000
tx 81 r 4.000000 c 33.000000
tx 82 r 4.000000 c 34.000000
tx 83 r 4.000000 c 35.000000
tx 84 r 5.000000 c 32.000000
tx 85 r 5.000000 c 33.000000
tx 86 r 5.000000 c 34.000000
tx 87 r 5.000000 c 35.000000
tx 88 r 6.000000 c 32.000000
tx 89 r 6.000000 c 33.000000
tx 90 r 6.000000 c 34.000000
tx 91 r 6.000000 c 35.000000
tx 92 r 7.000000 c 32.000000
tx 93 r 7.000000 c 33.000000
tx 94 r 7.000000 c 34.000000
tx 95 r 7.000000 c 35.000000
tx 192 r 8.000000 c 32.000000
tx 193 r 8.000000 c 33.000000
tx 194 r 8.000000 c 34.000000
tx 195 r 8.000000 c 35.000000
tx 196 r 9.000000 c 32.000000
tx 197 r 9.000000 c 33.000000
tx 198 r 9.000000 c 34.000000
tx 199 r 9.000000 c 35.000000
tx 200 r 10.000000 c 32.000000
tx 201 r 10.000000 c 33.000000
tx 202 r 10.000000 c 34.000000
tx 203 r 10.000000 c 35.000000
tx 204 r 11.000000 c 32.000000
tx 205 r 11.000000 c 33.000000
tx 206 r 11.000000 c 34.000000
tx 207 r 11.000000 c 35.000000
tx 208 r 12.000000 c 32.000000
tx 209 r 12.000000 c 33.000000
tx 210 r 12.000000 c 34.000000
tx 211 r 12.000000 c 35.000000
tx 212 r 13.000000 c 32.000000
tx 213 r 13.000000 c 33.000000
tx 214 r 13.000000 c 34.000000
tx 215 r 13.000000 c 35.000000
tx 216 r 14.000000 c 32.000000
tx 217 r 14.000000 c 33.000000
tx 218 r 14.000000 c 34.000000
tx 219 r 14.000000 c 35.000000
tx 220 r 15.000000 c 32.000000
tx 221 r 15.000000 c 33.000000
tx 222 r 15.000000 c 34.000000
tx 223 r 15.000000 c 35.000000
tx 64 r 8.000000 c 32.000000
tx 65 r 8.000000 c 33.000000
tx 66 r 8.000000 c 34.000000
tx 67 r 8.000000 c 35.000000
tx 68 r 9.000000 c 32.000000
tx 69 r 9.000000 c 33.000000
tx 70 r 9.000000 c 34.000000
tx 71 r 9.000000 c 35.000000
tx 72 r 10.000000 c 32.000000
tx 73 r 10.000000 c 33.000000
tx 74 r 10.000000 c 34.000000
tx 75 r 10.000000 c 35.000000
tx 76 r 11.000000 c 32.000000
tx 77 r 11.000000 c 33.000000
tx 78 r 11.000000 c 34.000000
tx 79 r 11.000000 c 35.000000
tx 80 r 12.000000 c 32.000000
tx 81 r 12.000000 c 33.000000
tx 82 r 12.000000 c 34.000000
tx 83 r 12.000000 c 35.000000
tx 84 r 13.000000 c 32.000000
tx 85 r 13.000000 c 33.000000
tx 86 r 13.000000 c 34.000000
tx 87 r 13.000000 c 35.000000
tx 88 r 14.000000 c 32.000000
tx 89 r 14.000000 c 33.000000
tx 90 r 14.000000 c 34.000000
tx 91 r 14.000000 c 35.000000
tx 92 r 15.000000 c 32.000000
tx 93 r 15.000000 c 33.000000
tx 94 r 15.000000 c 34.000000
tx 95 r 15.000000 c 35.000000
tx 0 r 8.000000 c 32.000000
tx 1 r 8.000000 c 33.000000
tx 2 r 8.000000 c 34.000000
tx 3 r 8.000000 c 35.000000
tx 4 r 9.000000 c 32.000000
tx 5 r 9.000000 c 33.000000
tx 6 r 9.000000 c 34.000000
tx 7 r 9.000000 c 35.000000
tx 8 r 10.000000 c 32.000000
tx 9 r 10.000000 c 33.000000
tx 10 r 10.000000 c 34.000000
tx 11 r 10.000000 c 35.000000
tx 12 r 11.000000 c 32.000000
tx 13 r 11.000000 c 33.000000
tx 14 r 11.000000 c 34.000000
tx 15 r 11.000000 c 35.000000
tx 16 r 12.000000 c 32.000000
tx 17 r 12.000000 c 33.000000
tx 18 r 12.000000 c 34.000000
tx 19 r 12.000000 c 35.000000
tx 20 r 13.000000 c 32.000000
tx 21 r 13.000000 c 33.000000
tx 22 r 13.000000 c 34.000000
tx 23 r 13.000000 c 35.000000
tx 24 r 14.000000 c 32.000000
tx 25 r 14.000000 c 33.000000
tx 26 r 14.000000 c 34.000000
tx 27 r 14.000000 c 35.000000
tx 28 r 15.000000 c 32.000000
tx 29 r 15.000000 c 33.000000
tx 30 r 15.000000 c 34.000000
tx 31 r 15.000000 c 35.000000
tx 224 r 40.000000 c 32.000000
tx 225 r 40.000000 c 33.000000
tx 226 r 40.000000 c 34.000000
tx 227 r 40.000000 c 35.000000
tx 228 r 41.000000 c 32.000000
tx 229 r 41.000000 c 33.000000
tx 230 r 41.000000 c 34.000000
tx 231 r 41.000000 c 35.000000
tx 232 r 42.000000 c 32.000000
tx 233 r 42.000000 c 33.000000
tx 234 r 42.000000 c 34.000000
tx 235 r 42.000000 c 35.000000
tx 236 r 43.000000 c 32.000000
tx 237 r 43.000000 c 33.000000
tx 238 r 43.000000 c 34.000000
tx 239 r 43.000000 c 35.000000
tx 240 r 44.000000 c 32.000000
tx 241 r 44.000000 c 33.000000
tx 242 r 44.000000 c 34.000000
tx 243 r 44.000000 c 35.000000
tx 244 r 45.000000 c 32.000000
tx 245 r 45.000000 c 33.000000
tx 246 r 45.000000 c 34.000000
tx 247 r 45.000000 c 35.000000
tx 248 r 46.000000 c 32.000000
tx 249 r 46.000000 c 33.000000
tx 250 r 46.000000 c 34.000000
tx 251 r 46.000000 c 35.000000
tx 252 r 47.000000 c 32.000000
tx 253 r 47.000000 c 33.000000
tx 254 r 47.000000 c 34.000000
tx 255 r 47.000000 c 35.000000
tx 32 r 40.000000 c 32.000000
tx 33 r 40.000000 c 33.000000
tx 34 r 40.000000 c 34.000000
tx 35 r 40.000000 c 35.000000
tx 36 r 41.000000 c 32.000000
tx 37 r 41.000000 c 33.000000
tx 38 r 41.000000 c 34.000000
tx 39 r 41.000000 c 35.000000
tx 40 r 42.000000 c 32.000000
tx 41 r 42.000000 c 33.000000
tx 42 r 42.000000 c 34.000000
tx 43 r 42.000000 c 35.000000
tx 44 r 43.000000 c 32.000000
tx 45 r 43.000000 c 33.000000
tx 46 r 43.000000 c 34.000000
tx 47 r 43.000000 c 35.000000
tx 48 r 44.000000 c 32.000000
tx 49 r 44.000000 c 33.000000
tx 50 r 44.000000 c 34.000000
tx 51 r 44.000000 c 35.000000
tx 52 r 45.000000 c 32.000000
tx 53 r 45.000000 c 33.000000
tx 54 r 45.000000 c 34.000000
tx 55 r 45.000000 c 35.000000
tx 56 r 46.000000 c 32.000000
tx 57 r 46.000000 c 33.000000
tx 58 r 46.000000 c 34.000000
tx 59 r 46.000000 c 35.000000
tx 60 r 47.000000 c 32.000000
tx 61 r 47.000000 c 33.000000
tx 62 r 47.000000 c 34.000000
tx 63 r 47.000000 c 35.000000
tx 96 r 40.000000 c 32.000000
tx 97 r 40.000000 c 33.000000
tx 98 r 40.000000 c 34.000000
tx 99 r 40.000000 c 35.000000
tx 100 r 41.000000 c 32.000000
tx 101 r 41.000000 c 33.000000
tx 102 r 41.000000 c 34.000000
tx 103 r 41.000000 c 35.000000
tx 104 r 42.000000 c 32.000000
tx 105 r 42.000000 c 33.000000
tx 106 r 42.000000 c 34.000000
tx 107 r 42.000000 c 35.000000
tx 108 r 43.000000 c 32.000000
tx 109 r 43.000000 c 33.000000
tx 110 r 43.000000 c 34.000000
tx 111 r 43.000000 c 35.000000
tx 112 r 44.000000 c 32.000000
tx 113 r 44.000000 c 33.000000
tx 114 r 44.000000 c 34.000000
tx 115 r 44.000000 c 35.000000
tx 116 r 45.000000 c 32.000000
tx 117 r 45.000000 c 33.000000
tx 118 r 45.000000 c 34.000000
tx 119 r 45.000000 c 35.000000
tx 120 r 46.000000 c 32.000000
tx 121 r 46.000000 c 33.000000
tx 122 r 46.000000 c 34.000000
tx 123 r 46.000000 c 35.000000
tx 124 r 47.000000 c 32.000000
tx 125 r 47.000000 c 33.000000
tx 126 r 47.000000 c 34.000000
tx 127 r 47.000000 c 35.000000
tx 128 r 8.000000 c 32.000000
tx 129 r 8.000000 c 33.000000
tx 130 r 8.000000 c 34.000000
tx 131 r 8.000000 c 35.000000
tx 132 r 9.000000 c 32.000000
tx 133 r 9.000000 c 33.000000
tx 134 r 9.000000 c 34.000000
tx 135 r 9.000000 c 35.000000
tx 136 r 10.000000 c 32.000000
tx 137 r 10.000000 c 33.000000
tx 138 r 10.000000 c 34.000000
tx 139 r 10.000000 c 35.000000
tx 140 r 11.000000 c 32.000000
tx 141 r 11.000000 c 33.000000
tx 142 r 11.000000 c 34.000000
tx 143 r 11.000000 c 35.000000
tx 144 r 12.000000 c 32.000000
tx 145 r 12.000000 c 33.000000
tx 146 r 12.000000 c 34.000000
tx 147 r 12.000000 c 35.000000
tx 148 r 13.000000 c 32.000000
tx 149 r 13.000000 c 33.000000
tx 150 r 13.000000 c 34.000000
tx 151 r 13.000000 c 35.000000
tx 152 r 14.000000 c 32.000000
tx 153 r 14.000000 c 33.000000
tx 154 r 14.000000 c 34.000000
tx 155 r 14.000000 c 35.000000
tx 156 r 15.000000 c 32.000000
tx 157 r 15.000000 c 33.000000
tx 158 r 15.000000 c 34.000000
tx 159 r 15.000000 c 35.000000
tx 160 r 40.000000 c 32.000000
tx 161 r 40.000000 c 33.000000
tx 162 r 40.000000 c 34.000000
tx 163 r 40.000000 c 35.000000
tx 164 r 41.000000 c 32.000000
tx 165 r 41.000000 c 33.000000
tx 166 r 41.000000 c 34.000000
tx 167 r 41.000000 c 35.000000
tx 168 r 42.000000 c 32.000000
tx 169 r 42.000000 c 33.000000
tx 170 r 42.000000 c 34.000000
tx 171 r 42.000000 c 35.000000
tx 172 r 43.000000 c 32.000000
tx 173 r 43.000000 c 33.000000
tx 174 r 43.000000 c 34.000000
tx 175 r 43.000000 c 35.000000
tx 176 r 44.000000 c 32.000000
tx 177 r 44.000000 c 33.000000
tx 178 r 44.000000 c 34.000000
tx 179 r 44.000000 c 35.000000
tx 180 r 45.000000 c 32.000000
tx 181 r 45.000000 c 33.000000
tx 182 r 45.000000 c 34.000000
tx 183 r 45.000000 c 35.000000
tx 184 r 46.000000 c 32.000000
tx 185 r 46.000000 c 33.000000
tx 186 r 46.000000 c 34.000000
tx 187 r 46.000000 c 35.000000
tx 188 r 47.000000 c 32.000000
tx 189 r 47.000000 c 33.000000
tx 190 r 47.000000 c 34.000000
tx 191 r 47.000000 c 35.000000
tx 192 r 16.000000 c 32.000000
tx 193 r 16.000000 c 33.000000
tx 194 r 16.000000 c 34.000000
tx 195 r 16.000000 c 35.000000
tx 196 r 17.000000 c 32.000000
tx 197 r 17.000000 c 33.000000
tx 198 r 17.000000 c 34.000000
tx 199 r 17.000000 c 35.000000
tx 200 r 18.000000 c 32.000000
tx 201 r 18.000000 c 33.000000
tx 202 r 18.000000 c 34.000000
tx 203 r 18.000000 c 35.000000
tx 204 r 19.000000 c 32.000000
tx 205 r 19.000000 c 33.000000
tx 206 r 19.000000 c 34.000000
tx 207 r 19.000000 c 35.000000
tx 208 r 20.000000 c 32.000000
tx 209 r 20.000000 c 33.000000
tx 210 r 20.000000 c 34.000000
tx 211 r 20.000000 c 35.000000
tx 212 r 21.000000 c 32.000000
tx 213 r 21.000000 c 33.000000
tx 214 r 21.000000 c 34.000000
tx 215 r 21.000000 c 35.000000
tx 216 r 22.000000 c 32.000000
tx 217 r 22.000000 c 33.000000
tx 218 r 22.000000 c 34.000000
tx 219 r 22.000000 c 35.000000
tx 220 r 23.000000 c 32.000000
tx 221 r 23.000000 c 33.000000
tx 222 r 23.000000 c 34.000000
tx 223 r 23.000000 c 35.000000
tx 224 r 48.000000 c 32.000000
tx 225 r 48.000000 c 33.000000
tx 226 r 48.000000 c 34.000000
tx 227 r 48.000000 c 35.000000
tx 228 r 49.000000 c 32.000000
tx 229 r 49.000000 c 33.000000
tx 230 r 49.000000 c 34.000000
tx 231 r 49.000000 c 35.000000
tx 232 r 50.000000 c 32.000000
tx 233 r 50.000000 c 33.000000
tx 234 r 50.000000 c 34.000000
tx 235 r 50.000000 c 35.000000
tx 236 r 51.000000 c 32.000000
tx 237 r 51.000000 c 33.000000
tx 238 r 51.000000 c 34.000000
tx 239 r 51.000000 c 35.000000
tx 240 r 52.000000 c 32.000000
tx 241 r 52.000000 c 33.000000
tx 242 r 52.000000 c 34.000000
tx 243 r 52.000000 c 35.000000
tx 244 r 53.000000 c 32.000000
tx 245 r 53.000000 c 33.000000
tx 246 r 53.000000 c 34.000000
tx 247 r 53.000000 c 35.000000
tx 248 r 54.000000 c 32.000000
tx 249 r 54.000000 c 33.000000
tx 250 r 54.000000 c 34.000000
tx 251 r 54.000000 c 35.000000
tx 252 r 55.000000 c 32.000000
tx 253 r 55.000000 c 33.000000
tx 254 r 55.000000 c 34.000000
tx 255 r 55.000000 c 35.000000
tx 32 r 48.000000 c 32.000000
tx 33 r 48.000000 c 33.000000
tx 34 r 48.000000 c 34.000000
tx 35 r 48.000000 c 35.000000
tx 36 r 49.000000 c 32.000000
tx 37 r 49.000000 c 33.000000
tx 38 r 49.000000 c 34.000000
tx 39 r 49.000000 c 35.000000
tx 40 r 50.000000 c 32.000000
tx 41 r 50.000000 c 33.000000
tx 42 r 50.000000 c 34.000000
tx 43 r 50.000000 c 35.000000
tx 44 r 51.000000 c 32.000000
tx 45 r 51.000000 c 33.000000
tx 46 r 51.000000 c 34.000000
tx 47 r 51.000000 c 35.000000
tx 48 r 52.000000 c 32.000000
tx 49 r 52.000000 c 33.000000
tx 50 r 52.000000 c 34.000000
tx 51 r 52.000000 c 35.000000
tx 52 r 53.000000 c 32.000000
tx 53 r 53.000000 c 33.000000
tx 54 r 53.000000 c 34.000000
tx 55 r 53.000000 c 35.000000
tx 56 r 54.000000 c 32.000000
tx 57 r 54.000000 c 33.000000
tx 58 r 54.000000 c 34.000000
tx 59 r 54.000000 c 35.000000
tx 60 r 55.000000 c 32.000000
tx 61 r 55.000000 c 33.000000
tx 62 r 55.000000 c 34.000000
tx 63 r 55.000000 c 35.000000
tx 64 r 16.000000 c 32.000000
tx 65 r 16.000000 c 33.000000
tx 66 r 16.000000 c 34.000000
tx 67 r 16.000000 c 35.000000
tx 68 r 17.000000 c 32.000000
tx 69 r 17.000000 c 33.000000
tx 70 r 17.000000 c 34.000000
tx 71 r 17.000000 c 35.000000
tx 72 r 18.000000 c 32.000000
tx 73 r 18.000000 c 33.000000
tx 74 r 18.000000 c 34.000000
tx 75 r 18.000000 c 35.000000
tx 76 r 19.000000 c 32.000000
tx 77 r 19.000000 c 33.000000
tx 78 r 19.000000 c 34.000000
tx 79 r 19.000000 c 35.000000
tx 80 r 20.000000 c 32.000000
tx 81 r 20.000000 c 33.000000
tx 82 r 20.000000 c 34.000000
tx 83 r 20.000000 c 35.000000
tx 84 r 21.000000 c 32.000000
tx 85 r 21.000000 c 33.000000
tx 86 r 21.000000 c 34.000000
tx 87 r 21.000000 c 35.000000
tx 88 r 22.000000 c 32.000000
tx 89 r 22.000000 c 33.000000
tx 90 r 22.000000 c 34.000000
tx 91 r 22.000000 c 35.000000
tx 92 r 23.000000 c 32.000000
tx 93 r 23.000000 c 33.000000
tx 94 r 23.000000 c 34.000000
tx 95 r 23.000000 c 35.000000
tx 0 r 16.000000 c 32.000000
tx 1 r 16.000000 c 33.000000
tx 2 r 16.000000 c 34.000000
tx 3 r 16.000000 c 35.000000
tx 4 r 17.000000 c 32.000000
tx 5 r 17.000000 c 33.000000
tx 6 r 17.000000 c 34.000000
tx 7 r 17.000000 c 35.000000
tx 8 r 18.000000 c 32.000000
tx 9 r 18.000000 c 33.000000
tx 10 r 18.000000 c 34.000000
tx 11 r 18.000000 c 35.000000
tx 12 r 19.000000 c 32.000000
tx 13 r 19.000000 c 33.000000
tx 14 r 19.000000 c 34.000000
tx 15 r 19.000000 c 35.000000
tx 16 r 20.000000 c 32.000000
tx 17 r 20.000000 c 33.000000
tx 18 r 20.000000 c 34.000000
tx 19 r 20.000000 c 35.000000
tx 20 r 21.000000 c 32.000000
tx 21 r 21.000000 c 33.000000
tx 22 r 21.000000 c 34.000000
tx 23 r 21.000000 c 35.000000
tx 24 r 22.000000 c 32.000000
tx 25 r 22.000000 c 33.000000
tx 26 r 22.000000 c 34.000000
tx 27 r 22.000000 c 35.000000
tx 28 r 23.000000 c 32.000000
tx 29 r 23.000000 c 33.000000
tx 30 r 23.000000 c 34.000000
tx 31 r 23.000000 c 35.000000
tx 96 r 48.000000 c 32.000000
tx 97 r 48.000000 c 33.000000
tx 98 r 48.000000 c 34.000000
tx 99 r 48.000000 c 35.000000
tx 100 r 49.000000 c 32.000000
tx 101 r 49.000000 c 33.000000
tx 102 r 49.000000 c 34.000000
tx 103 r 49.000000 c 35.000000
tx 104 r 50.000000 c 32.000000
tx 105 r 50.000000 c 33.000000
tx 106 r 50.000000 c 34.000000
tx 107 r 50.000000 c 35.000000
tx 108 r 51.000000 c 32.000000
tx 109 r 51.000000 c 33.000000
tx 110 r 51.000000 c 34.000000
tx 111 r 51.000000 c 35.000000
tx 112 r 52.000000 c 32.000000
tx 113 r 52.000000 c 33.000000
tx 114 r 52.000000 c 34.000000
tx 115 r 52.000000 c 35.000000
tx 116 r 53.000000 c 32.000000
tx 117 r 53.000000 c 33.000000
tx 118 r 53.000000 c 34.000000
tx 119 r 53.000000 c 35.000000
tx 120 r 54.000000 c 32.000000
tx 121 r 54.000000 c 33.000000
tx 122 r 54.000000 c 34.000000
tx 123 r 54.000000 c 35.000000
tx 124 r 55.000000 c 32.000000
tx 125 r 55.000000 c 33.000000
tx 126 r 55.000000 c 34.000000
tx 127 r 55.000000 c 35.000000
tx 128 r 16.000000 c 32.000000
tx 129 r 16.000000 c 33.000000
tx 130 r 16.000000 c 34.000000
tx 131 r 16.000000 c 35.000000
tx 132 r 17.000000 c 32.000000
tx 133 r 17.000000 c 33.000000
tx 134 r 17.000000 c 34.000000
tx 135 r 17.000000 c 35.000000
tx 136 r 18.000000 c 32.000000
tx 137 r 18.000000 c 33.000000
tx 138 r 18.000000 c 34.000000
tx 139 r 18.000000 c 35.000000
tx 140 r 19.000000 c 32.000000
tx 141 r 19.000000 c 33.000000
tx 142 r 19.000000 c 34.000000
tx 143 r 19.000000 c 35.000000
tx 144 r 20.000000 c 32.000000
tx 145 r 20.000000 c 33.000000
tx 146 r 20.000000 c 34.000000
tx 147 r 20.000000 c 35.000000
tx 148 r 21.000000 c 32.000000
tx 149 r 21.000000 c 33.000000
tx 150 r 21.000000 c 34.000000
tx 151 r 21.000000 c 35.000000
tx 152 r 22.000000 c 32.000000
tx 153 r 22.000000 c 33.000000
tx 154 r 22.000000 c 34.000000
tx 155 r 22.000000 c 35.000000
tx 156 r 23.000000 c 32.000000
tx 157 r 23.000000 c 33.000000
tx 158 r 23.000000 c 34.000000
tx 159 r 23.000000 c 35.000000
tx 160 r 48.000000 c 32.000000
tx 161 r 48.000000 c 33.000000
tx 162 r 48.000000 c 34.000000
tx 163 r 48.000000 c 35.000000
tx 164 r 49.000000 c 32.000000
tx 165 r 49.000000 c 33.000000
tx 166 r 49.000000 c 34.000000
tx 167 r 49.000000 c 35.000000
tx 168 r 50.000000 c 32.000000
tx 169 r 50.000000 c 33.000000
tx 170 r 50.000000 c 34.000000
tx 171 r 50.000000 c 35.000000
tx 172 r 51.000000 c 32.000000
tx 173 r 51.000000 c 33.000000
tx 174 r 51.000000 c 34.000000
tx 175 r 51.000000 c 35.000000
tx 176 r 52.000000 c 32.000000
tx 177 r 52.000000 c 33.000000
tx 178 r 52.000000 c 34.000000
tx 179 r 52.000000 c 35.000000
tx 180 r 53.000000 c 32.000000
tx 181 r 53.000000 c 33.000000
tx 182 r 53.000000 c 34.000000
tx 183 r 53.000000 c 35.000000
tx 184 r 54.000000 c 32.000000
tx 185 r 54.000000 c 33.000000
tx 186 r 54.000000 c 34.000000
tx 187 r 54.000000 c 35.000000
tx 188 r 55.000000 c 32.000000
tx 189 r 55.000000 c 33.000000
tx 190 r 55.000000 c 34.000000
tx 191 r 55.000000 c 35.000000
tx 192 r 24.000000 c 32.000000
tx 193 r 24.000000 c 33.000000
tx 194 r 24.000000 c 34.000000
tx 195 r 24.000000 c 35.000000
tx 196 r 25.000000 c 32.000000
tx 197 r 25.000000 c 33.000000
tx 198 r 25.000000 c 34.000000
tx 199 r 25.000000 c 35.000000
tx 200 r 26.000000 c 32.000000
tx 201 r 26.000000 c 33.000000
tx 202 r 26.000000 c 34.000000
tx 203 r 26.000000 c 35.000000
tx 204 r 27.000000 c 32.000000
tx 205 r 27.000000 c 33.000000
tx 206 r 27.000000 c 34.000000
tx 207 r 27.000000 c 35.000000
tx 208 r 28.000000 c 32.000000
tx 209 r 28.000000 c 33.000000
tx 210 r 28.000000 c 34.000000
tx 211 r 28.000000 c 35.000000
tx 212 r 29.000000 c 32.000000
tx 213 r 29.000000 c 33.000000
tx 214 r 29.000000 c 34.000000
tx 215 r 29.000000 c 35.000000
tx 216 r 30.000000 c 32.000000
tx 217 r 30.000000 c 33.000000
tx 218 r 30.000000 c 34.000000
tx 219 r 30.000000 c 35.000000
tx 220 r 31.000000 c 32.000000
tx 221 r 31.000000 c 33.000000
tx 222 r 31.000000 c 34.000000
tx 223 r 31.000000 c 35.000000
tx 64 r 24.000000 c 32.000000
tx 65 r 24.000000 c 33.000000
tx 66 r 24.000000 c 34.000000
tx 67 r 24.000000 c 35.000000
tx 68 r 25.000000 c 32.000000
tx 69 r 25.000000 c 33.000000
tx 70 r 25.000000 c 34.000000
tx 71 r 25.000000 c 35.000000
tx 72 r 26.000000 c 32.000000
tx 73 r 26.000000 c 33.000000
tx 74 r 26.000000 c 34.000000
tx 75 r 26.000000 c 35.000000
tx 76 r 27.000000 c 32.000000
tx 77 r 27.000000 c 33.000000
tx 78 r 27.000000 c 34.000000
tx 79 r 27.000000 c 35.000000
tx 80 r 28.000000 c 32.000000
tx 81 r 28.000000 c 33.000000
tx 82 r 28.000000 c 34.000000
tx 83 r 28.000000 c 35.000000
tx 84 r 29.000000 c 32.000000
tx 85 r 29.000000 c 33.000000
tx 86 r 29.000000 c 34.000000
tx 87 r 29.000000 c 35.000000
tx 88 r 30.000000 c 32.000000
tx 89 r 30.000000 c 33.000000
tx 90 r 30.000000 c 34.000000
tx 91 r 30.000000 c 35.000000
tx 92 r 31.000000 c 32.000000
tx 93 r 31.000000 c 33.000000
tx 94 r 31.000000 c 34.000000
tx 95 r 31.000000 c 35.000000
tx 0 r 24.000000 c 32.000000
tx 1 r 24.000000 c 33.000000
tx 2 r 24.000000 c 34.000000
tx 3 r 24.000000 c 35.000000
tx 4 r 25.000000 c 32.000000
tx 5 r 25.000000 c 33.000000
tx 6 r 25.000000 c 34.000000
tx 7 r 25.000000 c 35.000000
tx 8 r 26.000000 c 32.000000
tx 9 r 26.000000 c 33.000000
tx 10 r 26.000000 c 34.000000
tx 11 r 26.000000 c 35.000000
tx 12 r 27.000000 c 32.000000
tx 13 r 27.000000 c 33.000000
tx 14 r 27.000000 c 34.000000
tx 15 r 27.000000 c 35.000000
tx 16 r 28.000000 c 32.000000
tx 17 r 28.000000 c 33.000000
tx 18 r 28.000000 c 34.000000
tx 19 r 28.000000 c 35.000000
tx 20 r 29.000000 c 32.000000
tx 21 r 29.000000 c 33.000000
tx 22 r 29.000000 c 34.000000
tx 23 r 29.000000 c 35.000000
tx 24 r 30.000000 c 32.000000
tx 25 r 30.000000 c 33.000000
tx 26 r 30.000000 c 34.000000
tx 27 r 30.000000 c 35.000000
tx 28 r 31.000000 c 32.000000
tx 29 r 31.000000 c 33.000000
tx 30 r 31.000000 c 34.000000
tx 31 r 31.000000 c 35.000000
tx 32 r 56.000000 c 32.000000
tx 33 r 56.000000 c 33.000000
tx 34 r 56.000000 c 34.000000
tx 35 r 56.000000 c 35.000000
tx 36 r 57.000000 c 32.000000
tx 37 r 57.000000 c 33.000000
tx 38 r 57.000000 c 34.000000
tx 39 r 57.000000 c 35.000000
tx 40 r 58.000000 c 32.000000
tx 41 r 58.000000 c 33.000000
tx 42 r 58.000000 c 34.000000
tx 43 r 58.000000 c 35.000000
tx 44 r 59.000000 c 32.000000
tx 45 r 59.000000 c 33.000000
tx 46 r 59.000000 c 34.000000
tx 47 r 59.000000 c 35.000000
tx 48 r 60.000000 c 32.000000
tx 49 r 60.000000 c 33.000000
tx 50 r 60.000000 c 34.000000
tx 51 r 60.000000 c 35.000000
tx 52 r 61.000000 c 32.000000
tx 53 r 61.000000 c 33.000000
tx 54 r 61.000000 c 34.000000
tx 55 r 61.000000 c 35.000000
tx 56 r 62.000000 c 32.000000
tx 57 r 62.000000 c 33.000000
tx 58 r 62.000000 c 34.000000
tx 59 r 62.000000 c 35.000000
tx 60 r 63.000000 c 32.000000
tx 61 r 63.000000 c 33.000000
tx 62 r 63.000000 c 34.000000
tx 63 r 63.000000 c 35.000000
tx 224 r 56.000000 c 32.000000
tx 225 r 56.000000 c 33.000000
tx 226 r 56.000000 c 34.000000
tx 227 r 56.000000 c 35.000000
tx 228 r 57.000000 c 32.000000
tx 229 r 57.000000 c 33.000000
tx 230 r 57.000000 c 34.000000
tx 231 r 57.000000 c 35.000000
tx 232 r 58.000000 c 32.000000
tx 233 r 58.000000 c 33.000000
tx 234 r 58.000000 c 34.000000
tx 235 r 58.000000 c 35.000000
tx 236 r 59.000000 c 32.000000
tx 237 r 59.000000 c 33.000000
tx 238 r 59.000000 c 34.000000
tx 239 r 59.000000 c 35.000000
tx 240 r 60.000000 c 32.000000
tx 241 r 60.000000 c 33.000000
tx 242 r 60.000000 c 34.000000
tx 243 r 60.000000 c 35.000000
tx 244 r 61.000000 c 32.000000
tx 245 r 61.000000 c 33.000000
tx 246 r 61.000000 c 34.000000
tx 247 r 61.000000 c 35.000000
tx 248 r 62.000000 c 32.000000
tx 249 r 62.000000 c 33.000000
tx 250 r 62.000000 c 34.000000
tx 251 r 62.000000 c 35.000000
tx 252 r 63.000000 c 32.000000
tx 253 r 63.000000 c 33.000000
tx 254 r 63.000000 c 34.000000
tx 255 r 63.000000 c 35.000000
tx 96 r 56.000000 c 32.000000
tx 97 r 56.000000 c 33.000000
tx 98 r 56.000000 c 34.000000
tx 99 r 56.000000 c 35.000000
tx 100 r 57.000000 c 32.000000
tx 101 r 57.000000 c 33.000000
tx 102 r 57.000000 c 34.000000
tx 103 r 57.000000 c 35.000000
tx 104 r 58.000000 c 32.000000
tx 105 r 58.000000 c 33.000000
tx 106 r 58.000000 c 34.000000
tx 107 r 58.000000 c 35.000000
tx 108 r 59.000000 c 32.000000
tx 109 r 59.000000 c 33.000000
tx 110 r 59.000000 c 34.000000
tx 111 r 59.000000 c 35.000000
tx 112 r 60.000000 c 32.000000
tx 113 r 60.000000 c 33.000000
tx 114 r 60.000000 c 34.000000
tx 115 r 60.000000 c 35.000000
tx 116 r 61.000000 c 32.000000
tx 117 r 61.000000 c 33.000000
tx 118 r 61.000000 c 34.000000
tx 119 r 61.000000 c 35.000000
tx 120 r 62.000000 c 32.000000
tx 121 r 62.000000 c 33.000000
tx 122 r 62.000000 c 34.000000
tx 123 r 62.000000 c 35.000000
tx 124 r 63.000000 c 32.000000
tx 125 r 63.000000 c 33.000000
tx 126 r 63.000000 c 34.000000
tx 127 r 63.000000 c 35.000000
tx 128 r 24.000000 c 32.000000
tx 129 r 24.000000 c 33.000000
tx 130 r 24.000000 c 34.000000
tx 131 r 24.000000 c 35.000000
tx 132 r 25.000000 c 32.000000
tx 133 r 25.000000 c 33.000000
tx 134 r 25.000000 c 34.000000
tx 135 r 25.000000 c 35.000000
tx 136 r 26.000000 c 32.000000
tx 137 r 26.000000 c 33.000000
tx 138 r 26.000000 c 34.000000
tx 139 r 26.000000 c 35.000000
tx 140 r 27.000000 c 32.000000
tx 141 r 27.000000 c 33.000000
tx 142 r 27.000000 c 34.000000
tx 143 r 27.000000 c 35.000000
tx 144 r 28.000000 c 32.000000
tx 145 r 28.000000 c 33.000000
tx 146 r 28.000000 c 34.000000
tx 147 r 28.000000 c 35.000000
tx 148 r 29.000000 c 32.000000
tx 149 r 29.000000 c 33.000000
tx 150 r 29.000000 c 34.000000
tx 151 r 29.000000 c 35.000000
tx 152 r 30.000000 c 32.000000
tx 153 r 30.000000 c 33.000000
tx 154 r 30.000000 c 34.000000
tx 155 r 30.000000 c 35.000000
tx 156 r 31.000000 c 32.000000
tx 157 r 31.000000 c 33.000000
tx 158 r 31.000000 c 34.000000
tx 159 r 31.000000 c 35.000000
tx 160 r 56.000000 c 32.000000
tx 161 r 56.000000 c 33.000000
tx 162 r 56.000000 c 34.000000
tx 163 r 56.000000 c 35.000000
tx 164 r 57.000000 c 32.000000
tx 165 r 57.000000 c 33.000000
tx 166 r 57.000000 c 34.000000
tx 167 r 57.000000 c 35.000000
tx 168 r 58.000000 c 32.000000
tx 169 r 58.000000 c 33.000000
tx 170 r 58.000000 c 34.000000
tx 171 r 58.000000 c 35.000000
tx 172 r 59.000000 c 32.000000
tx 173 r 59.000000 c 33.000000
tx 174 r 59.000000 c 34.000000
tx 175 r 59.000000 c 35.000000
tx 176 r 60.000000 c 32.000000
tx 177 r 60.000000 c 33.000000
tx 178 r 60.000000 c 34.000000
tx 179 r 60.000000 c 35.000000
tx 180 r 61.000000 c 32.000000
tx 181 r 61.000000 c 33.000000
tx 182 r 61.000000 c 34.000000
tx 183 r 61.000000 c 35.000000
tx 184 r 62.000000 c 32.000000
tx 185 r 62.000000 c 33.000000
tx 186 r 62.000000 c 34.000000
tx 187 r 62.000000 c 35.000000
tx 188 r 63.000000 c 32.000000
tx 189 r 63.000000 c 33.000000
tx 190 r 63.000000 c 34.000000
tx 191 r 63.000000 c 35.000000
tx 192 r 0.000000 c 32.000000
tx 193 r 0.000000 c 33.000000
tx 194 r 0.000000 c 34.000000
tx 195 r 0.000000 c 35.000000
tx 196 r 1.000000 c 32.000000
tx 197 r 1.000000 c 33.000000
tx 198 r 1.000000 c 34.000000
tx 199 r 1.000000 c 35.000000
tx 200 r 2.000000 c 32.000000
tx 201 r 2.000000 c 33.000000
tx 202 r 2.000000 c 34.000000
tx 203 r 2.000000 c 35.000000
tx 204 r 3.000000 c 32.000000
tx 205 r 3.000000 c 33.000000
tx 206 r 3.000000 c 34.000000
tx 207 r 3.000000 c 35.000000
tx 208 r 4.000000 c 32.000000
tx 209 r 4.000000 c 33.000000
tx 210 r 4.000000 c 34.000000
tx 211 r 4.000000 c 35.000000
tx 212 r 5.000000 c 32.000000
tx 213 r 5.000000 c 33.000000
tx 214 r 5.000000 c 34.000000
tx 215 r 5.000000 c 35.000000
tx 216 r 6.000000 c 32.000000
tx 217 r 6.000000 c 33.000000
tx 218 r 6.000000 c 34.000000
tx 219 r 6.000000 c 35.000000
tx 220 r 7.000000 c 32.000000
tx 221 r 7.000000 c 33.000000
tx 222 r 7.000000 c 34.000000
tx 223 r 7.000000 c 35.000000
tx 64 r 0.000000 c 32.000000
tx 65 r 0.000000 c 33.000000
tx 66 r 0.000000 c 34.000000
tx 67 r 0.000000 c 35.000000
tx 68 r 1.000000 c 32.000000
tx 69 r 1.000000 c 33.000000
tx 70 r 1.000000 c 34.000000
tx 71 r 1.000000 c 35.000000
tx 72 r 2.000000 c 32.000000
tx 73 r 2.000000 c 33.000000
tx 74 r 2.000000 c 34.000000
tx 75 r 2.000000 c 35.000000
tx 76 r 3.000000 c 32.000000
tx 77 r 3.000000 c 33.000000
tx 78 r 3.000000 c 34.000000
tx 79 r 3.000000 c 35.000000
tx 80 r 4.000000 c 32.000000
tx 81 r 4.000000 c 33.000000
tx 82 r 4.000000 c 34.000000
tx 83 r 4.000000 c 35.000000
tx 84 r 5.000000 c 32.000000
tx 85 r 5.000000 c 33.000000
tx 86 r 5.000000 c 34.000000
tx 87 r 5.000000 c 35.000000
tx 88 r 6.000000 c 32.000000
tx 89 r 6.000000 c 33.000000
tx 90 r 6.000000 c 34.000000
tx 91 r 6.000000 c 35.000000
tx 92 r 7.000000 c 32.000000
tx 93 r 7.000000 c 33.000000
tx 94 r 7.000000 c 34.000000
tx 95 r 7.000000 c 35.000000
tx 224 r 32.000000 c 32.000000
tx 225 r 32.000000 c 33.000000
tx 226 r 32.000000 c 34.000000
tx 227 r 32.000000 c 35.000000
tx 228 r 33.000000 c 32.000000
tx 229 r 33.000000 c 33.000000
tx 230 r 33.000000 c 34.000000
tx 231 r 33.000000 c 35.000000
tx 232 r 34.000000 c 32.000000
tx 233 r 34.000000 c 33.000000
tx 234 r 34.000000 c 34.000000
tx 235 r 34.000000 c 35.000000
tx 236 r 35.000000 c 32.000000
tx 237 r 35.000000 c 33.000000
tx 238 r 35.000000 c 34.000000
tx 239 r 35.000000 c 35.000000
tx 240 r 36.000000 c 32.000000
tx 241 r 36.000000 c 33.000000
tx 242 r 36.000000 c 34.000000
tx 243 r 36.000000 c 35.000000
tx 244 r 37.000000 c 32.000000
tx 245 r 37.000000 c 33.000000
tx 246 r 37.000000 c 34.000000
tx 247 r 37.000000 c 35.000000
tx 248 r 38.000000 c 32.000000
tx 249 r 38.000000 c 33.000000
tx 250 r 38.000000 c 34.000000
tx 251 r 38.000000 c 35.000000
tx 252 r 39.000000 c 32.000000
tx 253 r 39.000000 c 33.000000
tx 254 r 39.000000 c 34.000000
tx 255 r 39.000000 c 35.000000
tx 32 r 32.000000 c 32.000000
tx 33 r 32.000000 c 33.000000
tx 34 r 32.000000 c 34.000000
tx 35 r 32.000000 c 35.000000
tx 36 r 33.000000 c 32.000000
tx 37 r 33.000000 c 33.000000
tx 38 r 33.000000 c 34.000000
tx 39 r 33.000000 c 35.000000
tx 40 r 34.000000 c 32.000000
tx 41 r 34.000000 c 33.000000
tx 42 r 34.000000 c 34.000000
tx 43 r 34.000000 c 35.000000
tx 44 r 35.000000 c 32.000000
tx 45 r 35.000000 c 33.000000
tx 46 r 35.000000 c 34.000000
tx 47 r 35.000000 c 35.000000
tx 48 r 36.000000 c 32.000000
tx 49 r 36.000000 c 33.000000
tx 50 r 36.000000 c 34.000000
tx 51 r 36.000000 c 35.000000
tx 52 r 37.000000 c 32.000000
tx 53 r 37.000000 c 33.000000
tx 54 r 37.000000 c 34.000000
tx 55 r 37.000000 c 35.000000
tx 56 r 38.000000 c 32.000000
tx 57 r 38.000000 c 33.000000
tx 58 r 38.000000 c 34.000000
tx 59 r 38.000000 c 35.000000
tx 60 r 39.000000 c 32.000000
tx 61 r 39.000000 c 33.000000
tx 62 r 39.000000 c 34.000000
tx 63 r 39.000000 c 35.000000
tx 0 r 0.000000 c 32.000000
tx 1 r 0.000000 c 33.000000
tx 2 r 0.000000 c 34.000000
tx 3 r 0.000000 c 35.000000
tx 4 r 1.000000 c 32.000000
tx 5 r 1.000000 c 33.000000
tx 6 r 1.000000 c 34.000000
tx 7 r 1.000000 c 35.000000
tx 8 r 2.000000 c 32.000000
tx 9 r 2.000000 c 33.000000
tx 10 r 2.000000 c 34.000000
tx 11 r 2.000000 c 35.000000
tx 12 r 3.000000 c 32.000000
tx 13 r 3.000000 c 33.000000
tx 14 r 3.000000 c 34.000000
tx 15 r 3.000000 c 35.000000
tx 16 r 4.000000 c 32.000000
tx 17 r 4.000000 c 33.000000
tx 18 r 4.000000 c 34.000000
tx 19 r 4.000000 c 35.000000
tx 20 r 5.000000 c 32.000000
tx 21 r 5.000000 c 33.000000
tx 22 r 5.000000 c 34.000000
tx 23 r 5.000000 c 35.000000
tx 24 r 6.000000 c 32.000000
tx 25 r 6.000000 c 33.000000
tx 26 r 6.000000 c 34.000000
tx 27 r 6.000000 c 35.000000
tx 28 r 7.000000 c 32.000000
tx 29 r 7.000000 c 33.000000
tx 30 r 7.000000 c 34.000000
tx 31 r 7.000000 c 35.000000
tx 96 r 32.000000 c 32.000000
tx 97 r 32.000000 c 33.000000
tx 98 r 32.000000 c 34.000000
tx 99 r 32.000000 c 35.000000
tx 100 r 33.000000 c 32.000000
tx 101 r 33.000000 c 33.000000
tx 102 r 33.000000 c 34.000000
tx 103 r 33.000000 c 35.000000
tx 104 r 34.000000 c 32.000000
tx 105 r 34.000000 c 33.000000
tx 106 r 34.000000 c 34.000000
tx 107 r 34.000000 c 35.000000
tx 108 r 35.000000 c 32.000000
tx 109 r 35.000000 c 33.000000
tx 110 r 35.000000 c 34.000000
tx 111 r 35.000000 c 35.000000
tx 112 r 36.000000 c 32.000000
tx 113 r 36.000000 c 33.000000
tx 114 r 36.000000 c 34.000000
tx 115 r 36.000000 c 35.000000
tx 116 r 37.000000 c 32.000000
tx 117 r 37.000000 c 33.000000
tx 118 r 37.000000 c 34.000000
tx 119 r 37.000000 c 35.000000
tx 120 r 38.000000 c 32.000000
tx 121 r 38.000000 c 33.000000
tx 122 r 38.000000 c 34.000000
tx 123 r 38.000000 c 35.000000
tx 124 r 39.000000 c 32.000000
tx 125 r 39.000000 c 33.000000
tx 126 r 39.000000 c 34.000000
tx 127 r 39.000000 c 35.000000
tx 128 r 0.000000 c 32.000000
tx 129 r 0.000000 c 33.000000
tx 130 r 0.000000 c 34.000000
tx 131 r 0.000000 c 35.000000
tx 132 r 1.000000 c 32.000000
tx 133 r 1.000000 c 33.000000
tx 134 r 1.000000 c 34.000000
tx 135 r 1.000000 c 35.000000
tx 136 r 2.000000 c 32.000000
tx 137 r 2.000000 c 33.000000
tx 138 r 2.000000 c 34.000000
tx 139 r 2.000000 c 35.000000
tx 140 r 3.000000 c 32.000000
tx 141 r 3.000000 c 33.000000
tx 142 r 3.000000 c 34.000000
tx 143 r 3.000000 c 35.000000
tx 144 r 4.000000 c 32.000000
tx 145 r 4.000000 c 33.000000
tx 146 r 4.000000 c 34.000000
tx 147 r 4.000000 c 35.000000
tx 148 r 5.000000 c 32.000000
tx 149 r 5.000000 c 33.000000
tx 150 r 5.000000 c 34.000000
tx 151 r 5.000000 c 35.000000
tx 152 r 6.000000 c 32.000000
tx 153 r 6.000000 c 33.000000
tx 154 r 6.000000 c 34.000000
tx 155 r 6.000000 c 35.000000
tx 156 r 7.000000 c 32.000000
tx 157 r 7.000000 c 33.000000
tx 158 r 7.000000 c 34.000000
tx 159 r 7.000000 c 35.000000
tx 160 r 32.000000 c 32.000000
tx 161 r 32.000000 c 33.000000
tx 162 r 32.000000 c 34.000000
tx 163 r 32.000000 c 35.000000
tx 164 r 33.000000 c 32.000000
tx 165 r 33.000000 c 33.000000
tx 166 r 33.000000 c 34.000000
tx 167 r 33.000000 c 35.000000
tx 168 r 34.000000 c 32.000000
tx 169 r 34.000000 c 33.000000
tx 170 r 34.000000 c 34.000000
tx 171 r 34.000000 c 35.000000
tx 172 r 35.000000 c 32.000000
tx 173 r 35.000000 c 33.000000
tx 174 r 35.000000 c 34.000000
tx 175 r 35.000000 c 35.000000
tx 176 r 36.000000 c 32.000000
tx 177 r 36.000000 c 33.000000
tx 178 r 36.000000 c 34.000000
tx 179 r 36.000000 c 35.000000
tx 180 r 37.000000 c 32.000000
tx 181 r 37.000000 c 33.000000
tx 182 r 37.000000 c 34.000000
tx 183 r 37.000000 c 35.000000
tx 184 r 38.000000 c 32.000000
tx 185 r 38.000000 c 33.000000
tx 186 r 38.000000 c 34.000000
tx 187 r 38.000000 c 35.000000
tx 188 r 39.000000 c 32.000000
tx 189 r 39.000000 c 33.000000
tx 190 r 39.000000 c 34.000000
tx 191 r 39.000000 c 35.000000
tx 192 r 8.000000 c 32.000000
tx 193 r 8.000000 c 33.000000
tx 194 r 8.000000 c 34.000000
tx 195 r 8.000000 c 35.000000
tx 196 r 9.000000 c 32.000000
tx 197 r 9.000000 c 33.000000
tx 198 r 9.000000 c 34.000000
tx 199 r 9.000000 c 35.000000
tx 200 r 10.000000 c 32.000000
tx 201 r 10.000000 c 33.000000
tx 202 r 10.000000 c 34.000000
tx 203 r 10.000000 c 35.000000
tx 204 r 11.000000 c 32.000000
tx 205 r 11.000000 c 33.000000
tx 206 r 11.000000 c 34.000000
tx 207 r 11.000000 c 35.000000
tx 208 r 12.000000 c 32.000000
tx 209 r 12.000000 c 33.000000
tx 210 r 12.000000 c 34.000000
tx 211 r 12.000000 c 35.000000
tx 212 r 13.000000 c 32.000000
tx 213 r 13.000000 c 33.000000
tx 214 r 13.000000 c 34.000000
tx 215 r 13.000000 c 35.000000
tx 216 r 14.000000 c 32.000000
tx 217 r 14.000000 c 33.000000
tx 218 r 14.000000 c 34.000000
tx 219 r 14.000000 c 35.000000
tx 220 r 15.000000 c 32.000000
tx 221 r 15.000000 c 33.000000
tx 222 r 15.000000 c 34.000000
tx 223 r 15.000000 c 35.000000
tx 64 r 8.000000 c 32.000000
tx 65 r 8.000000 c 33.000000
tx 66 r 8.000000 c 34.000000
tx 67 r 8.000000 c 35.000000
tx 68 r 9.000000 c 32.000000
tx 69 r 9.000000 c 33.000000
tx 70 r 9.000000 c 34.000000
tx 71 r 9.000000 c 35.000000
tx 72 r 10.000000 c 32.000000
tx 73 r 10.000000 c 33.000000
tx 74 r 10.000000 c 34.000000
tx 75 r 10.000000 c 35.000000
tx 76 r 11.000000 c 32.000000
tx 77 r 11.000000 c 33.000000
tx 78 r 11.000000 c 34.000000
tx 79 r 11.000000 c 35.000000
tx 80 r 12.000000 c 32.000000
tx 81 r 12.000000 c 33.000000
tx 82 r 12.000000 c 34.000000
tx 83 r 12.000000 c 35.000000
tx 84 r 13.000000 c 32.000000
tx 85 r 13.000000 c 33.000000
tx 86 r 13.000000 c 34.000000
tx 87 r 13.000000 c 35.000000
tx 88 r 14.000000 c 32.000000
tx 89 r 14.000000 c 33.000000
tx 90 r 14.000000 c 34.000000
tx 91 r 14.000000 c 35.000000
tx 92 r 15.000000 c 32.000000
tx 93 r 15.000000 c 33.000000
tx 94 r 15.000000 c 34.000000
tx 95 r 15.000000 c 35.000000
tx 0 r 8.000000 c 32.000000
tx 1 r 8.000000 c 33.000000
tx 2 r 8.000000 c 34.000000
tx 3 r 8.000000 c 35.000000
tx 4 r 9.000000 c 32.000000
tx 5 r 9.000000 c 33.000000
tx 6 r 9.000000 c 34.000000
tx 7 r 9.000000 c 35.000000
tx 8 r 10.000000 c 32.000000
tx 9 r 10.000000 c 33.000000
tx 10 r 10.000000 c 34.000000
tx 11 r 10.000000 c 35.000000
tx 12 r 11.000000 c 32.000000
tx 13 r 11.000000 c 33.000000
tx 14 r 11.000000 c 34.000000
tx 15 r 11.000000 c 35.000000
tx 16 r 12.000000 c 32.000000
tx 17 r 12.000000 c 33.000000
tx 18 r 12.000000 c 34.000000
tx 19 r 12.000000 c 35.000000
tx 20 r 13.000000 c 32.000000
tx 21 r 13.000000 c 33.000000
tx 22 r 13.000000 c 34.000000
tx 23 r 13.000000 c 35.000000
tx 24 r 14.000000 c 32.000000
tx 25 r 14.000000 c 33.000000
tx 26 r 14.000000 c 34.000000
tx 27 r 14.000000 c 35.000000
tx 28 r 15.000000 c 32.000000
tx 29 r 15.000000 c 33.000000
tx 30 r 15.000000 c 34.000000
tx 31 r 15.000000 c 35.000000
tx 160 r 40.000000 c 32.000000
tx 161 r 40.000000 c 33.000000
tx 162 r 40.000000 c 34.000000
tx 163 r 40.000000 c 35.000000
tx 164 r 41.000000 c 32.000000
tx 165 r 41.000000 c 33.000000
tx 166 r 41.000000 c 34.000000
tx 167 r 41.000000 c 35.000000
tx 168 r 42.000000 c 32.000000
tx 169 r 42.000000 c 33.000000
tx 170 r 42.000000 c 34.000000
tx 171 r 42.000000 c 35.000000
tx 172 r 43.000000 c 32.000000
tx 173 r 43.000000 c 33.000000
tx 174 r 43.000000 c 34.000000
tx 175 r 43.000000 c 35.000000
tx 176 r 44.000000 c 32.000000
tx 177 r 44.000000 c 33.000000
tx 178 r 44.000000 c 34.000000
tx 179 r 44.000000 c 35.000000
tx 180 r 45.000000 c 32.000000
tx 181 r 45.000000 c 33.000000
tx 182 r 45.000000 c 34.000000
tx 183 r 45.000000 c 35.000000
tx 184 r 46.000000 c 32.000000
tx 185 r 46.000000 c 33.000000
tx 186 r 46.000000 c 34.000000
tx 187 r 46.000000 c 35.000000
tx 188 r 47.000000 c 32.000000
tx 189 r 47.000000 c 33.000000
tx 190 r 47.000000 c 34.000000
tx 191 r 47.000000 c 35.000000
tx 32 r 40.000000 c 32.000000
tx 33 r 40.000000 c 33.000000
tx 34 r 40.000000 c 34.000000
tx 35 r 40.000000 c 35.000000
tx 36 r 41.000000 c 32.000000
tx 37 r 41.000000 c 33.000000
tx 38 r 41.000000 c 34.000000
tx 39 r 41.000000 c 35.000000
tx 40 r 42.000000 c 32.000000
tx 41 r 42.000000 c 33.000000
tx 42 r 42.000000 c 34.000000
tx 43 r 42.000000 c 35.000000
tx 44 r 43.000000 c 32.000000
tx 45 r 43.000000 c 33.000000
tx 46 r 43.000000 c 34.000000
tx 47 r 43.000000 c 35.000000
tx 48 r 44.000000 c 32.000000
tx 49 r 44.000000 c 33.000000
tx 50 r 44.000000 c 34.000000
tx 51 r 44.000000 c 35.000000
tx 52 r 45.000000 c 32.000000
tx 53 r 45.000000 c 33.000000
tx 54 r 45.000000 c 34.000000
tx 55 r 45.000000 c 35.000000
tx 56 r 46.000000 c 32.000000
tx 57 r 46.000000 c 33.000000
tx 58 r 46.000000 c 34.000000
tx 59 r 46.000000 c 35.000000
tx 60 r 47.000000 c 32.000000
tx 61 r 47.000000 c 33.000000
tx 62 r 47.000000 c 34.000000
tx 63 r 47.000000 c 35.000000
tx 224 r 40.000000 c 32.000000
tx 225 r 40.000000 c 33.000000
tx 226 r 40.000000 c 34.000000
tx 227 r 40.000000 c 35.000000
tx 228 r 41.000000 c 32.000000
tx 229 r 41.000000 c 33.000000
tx 230 r 41.000000 c 34.000000
tx 231 r 41.000000 c 35.000000
tx 232 r 42.000000 c 32.000000
tx 233 r 42.000000 c 33.000000
tx 234 r 42.000000 c 34.000000
tx 235 r 42.000000 c 35.000000
tx 236 r 43.000000 c 32.000000
tx 237 r 43.000000 c 33.000000
tx 238 r 43.000000 c 34.000000
tx 239 r 43.000000 c 35.000000
tx 240 r 44.000000 c 32.000000
tx 241 r 44.000000 c 33.000000
tx 242 r 44.000000 c 34.000000
tx 243 r 44.000000 c 35.000000
tx 244 r 45.000000 c 32.000000
tx 245 r 45.000000 c 33.000000
tx 246 r 45.000000 c 34.000000
tx 247 r 45.000000 c 35.000000
tx 248 r 46.000000 c 32.000000
tx 249 r 46.000000 c 33.000000
tx 250 r 46.000000 c 34.000000
tx 251 r 46.000000 c 35.000000
tx 252 r 47.000000 c 32.000000
tx 253 r 47.000000 c 33.000000
tx 254 r 47.000000 c 34.000000
tx 255 r 47.000000 c 35.000000
tx 96 r 40.000000 c 32.000000
tx 97 r 40.000000 c 33.000000
tx 98 r 40.000000 c 34.000000
tx 99 r 40.000000 c 35.000000
tx 100 r 41.000000 c 32.000000
tx 101 r 41.000000 c 33.000000
tx 102 r 41.000000 c 34.000000
tx 103 r 41.000000 c 35.000000
tx 104 r 42.000000 c 32.000000
tx 105 r 42.000000 c 33.000000
tx 106 r 42.000000 c 34.000000
tx 107 r 42.000000 c 35.000000
tx 108 r 43.000000 c 32.000000
tx 109 r 43.000000 c 33.000000
tx 110 r 43.000000 c 34.000000
tx 111 r 43.000000 c 35.000000
tx 112 r 44.000000 c 32.000000
tx 113 r 44.000000 c 33.000000
tx 114 r 44.000000 c 34.000000
tx 115 r 44.000000 c 35.000000
tx 116 r 45.000000 c 32.000000
tx 117 r 45.000000 c 33.000000
tx 118 r 45.000000 c 34.000000
tx 119 r 45.000000 c 35.000000
tx 120 r 46.000000 c 32.000000
tx 121 r 46.000000 c 33.000000
tx 122 r 46.000000 c 34.000000
tx 123 r 46.000000 c 35.000000
tx 124 r 47.000000 c 32.000000
tx 125 r 47.000000 c 33.000000
tx 126 r 47.000000 c 34.000000
tx 127 r 47.000000 c 35.000000
tx 128 r 8.000000 c 32.000000
tx 129 r 8.000000 c 33.000000
tx 130 r 8.000000 c 34.000000
tx 131 r 8.000000 c 35.000000
tx 132 r 9.000000 c 32.000000
tx 133 r 9.000000 c 33.000000
tx 134 r 9.000000 c 34.000000
tx 135 r 9.000000 c 35.000000
tx 136 r 10.000000 c 32.000000
tx 137 r 10.000000 c 33.000000
tx 138 r 10.000000 c 34.000000
tx 139 r 10.000000 c 35.000000
tx 140 r 11.000000 c 32.000000
tx 141 r 11.000000 c 33.000000
tx 142 r 11.000000 c 34.000000
tx 143 r 11.000000 c 35.000000
tx 144 r 12.000000 c 32.000000
tx 145 r 12.000000 c 33.000000
tx 146 r 12.000000 c 34.000000
tx 147 r 12.000000 c 35.000000
tx 148 r 13.000000 c 32.000000
tx 149 r 13.000000 c 33.000000
tx 150 r 13.000000 c 34.000000
tx 151 r 13.000000 c 35.000000
tx 152 r 14.000000 c 32.000000
tx 153 r 14.000000 c 33.000000
tx 154 r 14.000000 c 34.000000
tx 155 r 14.000000 c 35.000000
tx 156 r 15.000000 c 32.000000
tx 157 r 15.000000 c 33.000000
tx 158 r 15.000000 c 34.000000
tx 159 r 15.000000 c 35.000000
tx 192 r 16.000000 c 32.000000
tx 193 r 16.000000 c 33.000000
tx 194 r 16.000000 c 34.000000
tx 195 r 16.000000 c 35.000000
tx 196 r 17.000000 c 32.000000
tx 197 r 17.000000 c 33.000000
tx 198 r 17.000000 c 34.000000
tx 199 r 17.000000 c 35.000000
tx 200 r 18.000000 c 32.000000
tx 201 r 18.000000 c 33.000000
tx 202 r 18.000000 c 34.000000
tx 203 r 18.000000 c 35.000000
tx 204 r 19.000000 c 32.000000
tx 205 r 19.000000 c 33.000000
tx 206 r 19.000000 c 34.000000
tx 207 r 19.000000 c 35.000000
tx 208 r 20.000000 c 32.000000
tx 209 r 20.000000 c 33.000000
tx 210 r 20.000000 c 34.000000
tx 211 r 20.000000 c 35.000000
tx 212 r 21.000000 c 32.000000
tx 213 r 21.000000 c 33.000000
tx 214 r 21.000000 c 34.000000
tx 215 r 21.000000 c 35.000000
tx 216 r 22.000000 c 32.000000
tx 217 r 22.000000 c 33.000000
tx 218 r 22.000000 c 34.000000
tx 219 r 22.000000 c 35.000000
tx 220 r 23.000000 c 32.000000
tx 221 r 23.000000 c 33.000000
tx 222 r 23.000000 c 34.000000
tx 223 r 23.000000 c 35.000000
tx 0 r 16.000000 c 32.000000
tx 1 r 16.000000 c 33.000000
tx 2 r 16.000000 c 34.000000
tx 3 r 16.000000 c 35.000000
tx 4 r 17.000000 c 32.000000
tx 5 r 17.000000 c 33.000000
tx 6 r 17.000000 c 34.000000
tx 7 r 17.000000 c 35.000000
tx 8 r 18.000000 c 32.000000
tx 9 r 18.000000 c 33.000000
tx 10 r 18.000000 c 34.000000
tx 11 r 18.000000 c 35.000000
tx 12 r 19.000000 c 32.000000
tx 13 r 19.000000 c 33.000000
tx 14 r 19.000000 c 34.000000
tx 15 r 19.000000 c 35.000000
tx 16 r 20.000000 c 32.000000
tx 17 r 20.000000 c 33.000000
tx 18 r 20.000000 c 34.000000
tx 19 r 20.000000 c 35.000000
tx 20 r 21.000000 c 32.000000
tx 21 r 21.000000 c 33.000000
tx 22 r 21.000000 c 34.000000
tx 23 r 21.000000 c 35.000000
tx 24 r 22.000000 c 32.000000
tx 25 r 22.000000 c 33.000000
tx 26 r 22.000000 c 34.000000
tx 27 r 22.000000 c 35.000000
tx 28 r 23.000000 c 32.000000
tx 29 r 23.000000 c 33.000000
tx 30 r 23.000000 c 34.000000
tx 31 r 23.000000 c 35.000000
tx 64 r 16.000000 c 32.000000
tx 65 r 16.000000 c 33.000000
tx 66 r 16.000000 c 34.000000
tx 67 r 16.000000 c 35.000000
tx 68 r 17.000000 c 32.000000
tx 69 r 17.000000 c 33.000000
tx 70 r 17.000000 c 34.000000
tx 71 r 17.000000 c 35.000000
tx 72 r 18.000000 c 32.000000
tx 73 r 18.000000 c 33.000000
tx 74 r 18.000000 c 34.000000
tx 75 r 18.000000 c 35.000000
tx 76 r 19.000000 c 32.000000
tx 77 r 19.000000 c 33.000000
tx 78 r 19.000000 c 34.000000
tx 79 r 19.000000 c 35.000000
tx 80 r 20.000000 c 32.000000
tx 81 r 20.000000 c 33.000000
tx 82 r 20.000000 c 34.000000
tx 83 r 20.000000 c 35.000000
tx 84 r 21.000000 c 32.000000
tx 85 r 21.000000 c 33.000000
tx 86 r 21.000000 c 34.000000
tx 87 r 21.000000 c 35.000000
tx 88 r 22.000000 c 32.000000
tx 89 r 22.000000 c 33.000000
tx 90 r 22.000000 c 34.000000
tx 91 r 22.000000 c 35.000000
tx 92 r 23.000000 c 32.000000
tx 93 r 23.000000 c 33.000000
tx 94 r 23.000000 c 34.000000
tx 95 r 23.000000 c 35.000000
tx 160 r 48.000000 c 32.000000
tx 161 r 48.000000 c 33.000000
tx 162 r 48.000000 c 34.000000
tx 163 r 48.000000 c 35.000000
tx 164 r 49.000000 c 32.000000
tx 165 r 49.000000 c 33.000000
tx 166 r 49.000000 c 34.000000
tx 167 r 49.000000 c 35.000000
tx 168 r 50.000000 c 32.000000
tx 169 r 50.000000 c 33.000000
tx 170 r 50.000000 c 34.000000
tx 171 r 50.000000 c 35.000000
tx 172 r 51.000000 c 32.000000
tx 173 r 51.000000 c 33.000000
tx 174 r 51.000000 c 34.000000
tx 175 r 51.000000 c 35.000000
tx 176 r 52.000000 c 32.000000
tx 177 r 52.000000 c 33.000000
tx 178 r 52.000000 c 34.000000
tx 179 r 52.000000 c 35.000000
tx 180 r 53.000000 c 32.000000
tx 181 r 53.000000 c 33.000000
tx 182 r 53.000000 c 34.000000
tx 183 r 53.000000 c 35.000000
tx 184 r 54.000000 c 32.000000
tx 185 r 54.000000 c 33.000000
tx 186 r 54.000000 c 34.000000
tx 187 r 54.000000 c 35.000000
tx 188 r 55.000000 c 32.000000
tx 189 r 55.000000 c 33.000000
tx 190 r 55.000000 c 34.000000
tx 191 r 55.000000 c 35.000000
tx 224 r 48.000000 c 32.000000
tx 225 r 48.000000 c 33.000000
tx 226 r 48.000000 c 34.000000
tx 227 r 48.000000 c 35.000000
tx 228 r 49.000000 c 32.000000
tx 229 r 49.000000 c 33.000000
tx 230 r 49.000000 c 34.000000
tx 231 r 49.000000 c 35.000000
tx 232 r 50.000000 c 32.000000
tx 233 r 50.000000 c 33.000000
tx 234 r 50.000000 c 34.000000
tx 235 r 50.000000 c 35.000000
tx 236 r 51.000000 c 32.000000
tx 237 r 51.000000 c 33.000000
tx 238 r 51.000000 c 34.000000
tx 239 r 51.000000 c 35.000000
tx 240 r 52.000000 c 32.000000
tx 241 r 52.000000 c 33.000000
tx 242 r 52.000000 c 34.000000
tx 243 r 52.000000 c 35.000000
tx 244 r 53.000000 c 32.000000
tx 245 r 53.000000 c 33.000000
tx 246 r 53.000000 c 34.000000
tx 247 r 53.000000 c 35.000000
tx 248 r 54.000000 c 32.000000
tx 249 r 54.000000 c 33.000000
tx 250 r 54.000000 c 34.000000
tx 251 r 54.000000 c 35.000000
tx 252 r 55.000000 c 32.000000
tx 253 r 55.000000 c 33.000000
tx 254 r 55.000000 c 34.000000
tx 255 r 55.000000 c 35.000000
tx 96 r 48.000000 c 32.000000
tx 97 r 48.000000 c 33.000000
tx 98 r 48.000000 c 34.000000
tx 99 r 48.000000 c 35.000000
tx 100 r 49.000000 c 32.000000
tx 101 r 49.000000 c 33.000000
tx 102 r 49.000000 c 34.000000
tx 103 r 49.000000 c 35.000000
tx 104 r 50.000000 c 32.000000
tx 105 r 50.000000 c 33.000000
tx 106 r 50.000000 c 34.000000
tx 107 r 50.000000 c 35.000000
tx 108 r 51.000000 c 32.000000
tx 109 r 51.000000 c 33.000000
tx 110 r 51.000000 c 34.000000
tx 111 r 51.000000 c 35.000000
tx 112 r 52.000000 c 32.000000
tx 113 r 52.000000 c 33.000000
tx 114 r 52.000000 c 34.000000
tx 115 r 52.000000 c 35.000000
tx 116 r 53.000000 c 32.000000
tx 117 r 53.000000 c 33.000000
tx 118 r 53.000000 c 34.000000
tx 119 r 53.000000 c 35.000000
tx 120 r 54.000000 c 32.000000
tx 121 r 54.000000 c 33.000000
tx 122 r 54.000000 c 34.000000
tx 123 r 54.000000 c 35.000000
tx 124 r 55.000000 c 32.000000
tx 125 r 55.000000 c 33.000000
tx 126 r 55.000000 c 34.000000
tx 127 r 55.000000 c 35.000000
tx 32 r 48.000000 c 32.000000
tx 33 r 48.000000 c 33.000000
tx 34 r 48.000000 c 34.000000
tx 35 r 48.000000 c 35.000000
tx 36 r 49.000000 c 32.000000
tx 37 r 49.000000 c 33.000000
tx 38 r 49.000000 c 34.000000
tx 39 r 49.000000 c 35.000000
tx 40 r 50.000000 c 32.000000
tx 41 r 50.000000 c 33.000000
tx 42 r 50.000000 c 34.000000
tx 43 r 50.000000 c 35.000000
tx 44 r 51.000000 c 32.000000
tx 45 r 51.000000 c 33.000000
tx 46 r 51.000000 c 34.000000
tx 47 r 51.000000 c 35.000000
tx 48 r 52.000000 c 32.000000
tx 49 r 52.000000 c 33.000000
tx 50 r 52.000000 c 34.000000
tx 51 r 52.000000 c 35.000000
tx 52 r 53.000000 c 32.000000
tx 53 r 53.000000 c 33.000000
tx 54 r 53.000000 c 34.000000
tx 55 r 53.000000 c 35.000000
tx 56 r 54.000000 c 32.000000
tx 57 r 54.000000 c 33.000000
tx 58 r 54.000000 c 34.000000
tx 59 r 54.000000 c 35.000000
tx 60 r 55.000000 c 32.000000
tx 61 r 55.000000 c 33.000000
tx 62 r 55.000000 c 34.000000
tx 63 r 55.000000 c 35.000000
tx 128 r 16.000000 c 32.000000
tx 129 r 16.000000 c 33.000000
tx 130 r 16.000000 c 34.000000
tx 131 r 16.000000 c 35.000000
tx 132 r 17.000000 c 32.000000
tx 133 r 17.000000 c 33.000000
tx 134 r 17.000000 c 34.000000
tx 135 r 17.000000 c 35.000000
tx 136 r 18.000000 c 32.000000
tx 137 r 18.000000 c 33.000000
tx 138 r 18.000000 c 34.000000
tx 139 r 18.000000 c 35.000000
tx 140 r 19.000000 c 32.000000
tx 141 r 19.000000 c 33.000000
tx 142 r 19.000000 c 34.000000
tx 143 r 19.000000 c 35.000000
tx 144 r 20.000000 c 32.000000
tx 145 r 20.000000 c 33.000000
tx 146 r 20.000000 c 34.000000
tx 147 r 20.000000 c 35.000000
tx 148 r 21.000000 c 32.000000
tx 149 r 21.000000 c 33.000000
tx 150 r 21.000000 c 34.000000
tx 151 r 21.000000 c 35.000000
tx 152 r 22.000000 c 32.000000
tx 153 r 22.000000 c 33.000000
tx 154 r 22.000000 c 34.000000
tx 155 r 22.000000 c 35.000000
tx 156 r 23.000000 c 32.000000
tx 157 r 23.000000 c 33.000000
tx 158 r 23.000000 c 34.000000
tx 159 r 23.000000 c 35.000000
tx 0 r 24.000000 c 32.000000
tx 1 r 24.000000 c 33.000000
tx 2 r 24.000000 c 34.000000
tx 3 r 24.000000 c 35.000000
tx 4 r 25.000000 c 32.000000
tx 5 r 25.000000 c 33.000000
tx 6 r 25.000000 c 34.000000
tx 7 r 25.000000 c 35.000000
tx 8 r 26.000000 c 32.000000
tx 9 r 26.000000 c 33.000000
tx 10 r 26.000000 c 34.000000
tx 11 r 26.000000 c 35.000000
tx 12 r 27.000000 c 32.000000
tx 13 r 27.000000 c 33.000000
tx 14 r 27.000000 c 34.000000
tx 15 r 27.000000 c 35.000000
tx 16 r 28.000000 c 32.000000
tx 17 r 28.000000 c 33.000000
tx 18 r 28.000000 c 34.000000
tx 19 r 28.000000 c 35.000000
tx 20 r 29.000000 c 32.000000
tx 21 r 29.000000 c 33.000000
tx 22 r 29.000000 c 34.000000
tx 23 r 29.000000 c 35.000000
tx 24 r 30.000000 c 32.000000
tx 25 r 30.000000 c 33.000000
tx 26 r 30.000000 c 34.000000
tx 27 r 30.000000 c 35.000000
tx 28 r 31.000000 c 32.000000
tx 29 r 31.000000 c 33.000000
tx 30 r 31.000000 c 34.000000
tx 31 r 31.000000 c 35.000000
tx 128 r 24.000000 c 32.000000
tx 129 r 24.000000 c 33.000000
tx 130 r 24.000000 c 34.000000
tx 131 r 24.000000 c 35.000000
tx 132 r 25.000000 c 32.000000
tx 133 r 25.000000 c 33.000000
tx 134 r 25.000000 c 34.000000
tx 135 r 25.000000 c 35.000000
tx 136 r 26.000000 c 32.000000
tx 137 r 26.000000 c 33.000000
tx 138 r 26.000000 c 34.000000
tx 139 r 26.000000 c 35.000000
tx 140 r 27.000000 c 32.000000
tx 141 r 27.000000 c 33.000000
tx 142 r 27.000000 c 34.000000
tx 143 r 27.000000 c 35.000000
tx 144 r 28.000000 c 32.000000
tx 145 r 28.000000 c 33.000000
tx 146 r 28.000000 c 34.000000
tx 147 r 28.000000 c 35.000000
tx 148 r 29.000000 c 32.000000
tx 149 r 29.000000 c 33.000000
tx 150 r 29.000000 c 34.000000
tx 151 r 29.000000 c 35.000000
tx 152 r 30.000000 c 32.000000
tx 153 r 30.000000 c 33.000000
tx 154 r 30.000000 c 34.000000
tx 155 r 30.000000 c 35.000000
tx 156 r 31.000000 c 32.000000
tx 157 r 31.000000 c 33.000000
tx 158 r 31.000000 c 34.000000
tx 159 r 31.000000 c 35.000000
tx 224 r 56.000000 c 32.000000
tx 225 r 56.000000 c 33.000000
tx 226 r 56.000000 c 34.000000
tx 227 r 56.000000 c 35.000000
tx 228 r 57.000000 c 32.000000
tx 229 r 57.000000 c 33.000000
tx 230 r 57.000000 c 34.000000
tx 231 r 57.000000 c 35.000000
tx 232 r 58.000000 c 32.000000
tx 233 r 58.000000 c 33.000000
tx 234 r 58.000000 c 34.000000
tx 235 r 58.000000 c 35.000000
tx 236 r 59.000000 c 32.000000
tx 237 r 59.000000 c 33.000000
tx 238 r 59.000000 c 34.000000
tx 239 r 59.000000 c 35.000000
tx 240 r 60.000000 c 32.000000
tx 241 r 60.000000 c 33.000000
tx 242 r 60.000000 c 34.000000
tx 243 r 60.000000 c 35.000000
tx 244 r 61.000000 c 32.000000
tx 245 r 61.000000 c 33.000000
tx 246 r 61.000000 c 34.000000
tx 247 r 61.000000 c 35.000000
tx 248 r 62.000000 c 32.000000
tx 249 r 62.000000 c 33.000000
tx 250 r 62.000000 c 34.000000
tx 251 r 62.000000 c 35.000000
tx 252 r 63.000000 c 32.000000
tx 253 r 63.000000 c 33.000000
tx 254 r 63.000000 c 34.000000
tx 255 r 63.000000 c 35.000000
tx 160 r 56.000000 c 32.000000
tx 161 r 56.000000 c 33.000000
tx 162 r 56.000000 c 34.000000
tx 163 r 56.000000 c 35.000000
tx 164 r 57.000000 c 32.000000
tx 165 r 57.000000 c 33.000000
tx 166 r 57.000000 c 34.000000
tx 167 r 57.000000 c 35.000000
tx 168 r 58.000000 c 32.000000
tx 169 r 58.000000 c 33.000000
tx 170 r 58.000000 c 34.000000
tx 171 r 58.000000 c 35.000000
tx 172 r 59.000000 c 32.000000
tx 173 r 59.000000 c 33.000000
tx 174 r 59.000000 c 34.000000
tx 175 r 59.000000 c 35.000000
tx 176 r 60.000000 c 32.000000
tx 177 r 60.000000 c 33.000000
tx 178 r 60.000000 c 34.000000
tx 179 r 60.000000 c 35.000000
tx 180 r 61.000000 c 32.000000
tx 181 r 61.000000 c 33.000000
tx 182 r 61.000000 c 34.000000
tx 183 r 61.000000 c 35.000000
tx 184 r 62.000000 c 32.000000
tx 185 r 62.000000 c 33.000000
tx 186 r 62.000000 c 34.000000
tx 187 r 62.000000 c 35.000000
tx 188 r 63.000000 c 32.000000
tx 189 r 63.000000 c 33.000000
tx 190 r 63.000000 c 34.000000
tx 191 r 63.000000 c 35.000000
tx 32 r 56.000000 c 32.000000
tx 33 r 56.000000 c 33.000000
tx 34 r 56.000000 c 34.000000
tx 35 r 56.000000 c 35.000000
tx 36 r 57.000000 c 32.000000
tx 37 r 57.000000 c 33.000000
tx 38 r 57.000000 c 34.000000
tx 39 r 57.000000 c 35.000000
tx 40 r 58.000000 c 32.000000
tx 41 r 58.000000 c 33.000000
tx 42 r 58.000000 c 34.000000
tx 43 r 58.000000 c 35.000000
tx 44 r 59.000000 c 32.000000
tx 45 r 59.000000 c 33.000000
tx 46 r 59.000000 c 34.000000
tx 47 r 59.000000 c 35.000000
tx 48 r 60.000000 c 32.000000
tx 49 r 60.000000 c 33.000000
tx 50 r 60.000000 c 34.000000
tx 51 r 60.000000 c 35.000000
tx 52 r 61.000000 c 32.000000
tx 53 r 61.000000 c 33.000000
tx 54 r 61.000000 c 34.000000
tx 55 r 61.000000 c 35.000000
tx 56 r 62.000000 c 32.000000
tx 57 r 62.000000 c 33.000000
tx 58 r 62.000000 c 34.000000
tx 59 r 62.000000 c 35.000000
tx 60 r 63.000000 c 32.000000
tx 61 r 63.000000 c 33.000000
tx 62 r 63.000000 c 34.000000
tx 63 r 63.000000 c 35.000000
tx 192 r 24.000000 c 32.000000
tx 193 r 24.000000 c 33.000000
tx 194 r 24.000000 c 34.000000
tx 195 r 24.000000 c 35.000000
tx 196 r 25.000000 c 32.000000
tx 197 r 25.000000 c 33.000000
tx 198 r 25.000000 c 34.000000
tx 199 r 25.000000 c 35.000000
tx 200 r 26.000000 c 32.000000
tx 201 r 26.000000 c 33.000000
tx 202 r 26.000000 c 34.000000
tx 203 r 26.000000 c 35.000000
tx 204 r 27.000000 c 32.000000
tx 205 r 27.000000 c 33.000000
tx 206 r 27.000000 c 34.000000
tx 207 r 27.000000 c 35.000000
tx 208 r 28.000000 c 32.000000
tx 209 r 28.000000 c 33.000000
tx 210 r 28.000000 c 34.000000
tx 211 r 28.000000 c 35.000000
tx 212 r 29.000000 c 32.000000
tx 213 r 29.000000 c 33.000000
tx 214 r 29.000000 c 34.000000
tx 215 r 29.000000 c 35.000000
tx 216 r 30.000000 c 32.000000
tx 217 r 30.000000 c 33.000000
tx 218 r 30.000000 c 34.000000
tx 219 r 30.000000 c 35.000000
tx 220 r 31.000000 c 32.000000
tx 221 r 31.000000 c 33.000000
tx 222 r 31.000000 c 34.000000
tx 223 r 31.000000 c 35.000000
tx 64 r 24.000000 c 32.000000
tx 65 r 24.000000 c 33.000000
tx 66 r 24.000000 c 34.000000
tx 67 r 24.000000 c 35.000000
tx 68 r 25.000000 c 32.000000
tx 69 r 25.000000 c 33.000000
tx 70 r 25.000000 c 34.000000
tx 71 r 25.000000 c 35.000000
tx 72 r 26.000000 c 32.000000
tx 73 r 26.000000 c 33.000000
tx 74 r 26.000000 c 34.000000
tx 75 r 26.000000 c 35.000000
tx 76 r 27.000000 c 32.000000
tx 77 r 27.000000 c 33.000000
tx 78 r 27.000000 c 34.000000
tx 79 r 27.000000 c 35.000000
tx 80 r 28.000000 c 32.000000
tx 81 r 28.000000 c 33.000000
tx 82 r 28.000000 c 34.000000
tx 83 r 28.000000 c 35.000000
tx 84 r 29.000000 c 32.000000
tx 85 r 29.000000 c 33.000000
tx 86 r 29.000000 c 34.000000
tx 87 r 29.000000 c 35.000000
tx 88 r 30.000000 c 32.000000
tx 89 r 30.000000 c 33.000000
tx 90 r 30.000000 c 34.000000
tx 91 r 30.000000 c 35.000000
tx 92 r 31.000000 c 32.000000
tx 93 r 31.000000 c 33.000000
tx 94 r 31.000000 c 34.000000
tx 95 r 31.000000 c 35.000000
tx 96 r 56.000000 c 32.000000
tx 97 r 56.000000 c 33.000000
tx 98 r 56.000000 c 34.000000
tx 99 r 56.000000 c 35.000000
tx 100 r 57.000000 c 32.000000
tx 101 r 57.000000 c 33.000000
tx 102 r 57.000000 c 34.000000
tx 103 r 57.000000 c 35.000000
tx 104 r 58.000000 c 32.000000
tx 105 r 58.000000 c 33.000000
tx 106 r 58.000000 c 34.000000
tx 107 r 58.000000 c 35.000000
tx 108 r 59.000000 c 32.000000
tx 109 r 59.000000 c 33.000000
tx 110 r 59.000000 c 34.000000
tx 111 r 59.000000 c 35.000000
tx 112 r 60.000000 c 32.000000
tx 113 r 60.000000 c 33.000000
tx 114 r 60.000000 c 34.000000
tx 115 r 60.000000 c 35.000000
tx 116 r 61.000000 c 32.000000
tx 117 r 61.000000 c 33.000000
tx 118 r 61.000000 c 34.000000
tx 119 r 61.000000 c 35.000000
tx 120 r 62.000000 c 32.000000
tx 121 r 62.000000 c 33.000000
tx 122 r 62.000000 c 34.000000
tx 123 r 62.000000 c 35.000000
tx 124 r 63.000000 c 32.000000
tx 125 r 63.000000 c 33.000000
tx 126 r 63.000000 c 34.000000
tx 127 r 63.000000 c 35.000000
tx 96 r 32.000000 c 36.000000
tx 97 r 32.000000 c 37.000000
tx 98 r 32.000000 c 38.000000
tx 99 r 32.000000 c 39.000000
tx 100 r 33.000000 c 36.000000
tx 101 r 33.000000 c 37.000000
tx 102 r 33.000000 c 38.000000
tx 103 r 33.000000 c 39.000000
tx 104 r 34.000000 c 36.000000
tx 105 r 34.000000 c 37.000000
tx 106 r 34.000000 c 38.000000
tx 107 r 34.000000 c 39.000000
tx 108 r 35.000000 c 36.000000
tx 109 r 35.000000 c 37.000000
tx 110 r 35.000000 c 38.000000
tx 111 r 35.000000 c 39.000000
tx 112 r 36.000000 c 36.000000
tx 113 r 36.000000 c 37.000000
tx 114 r 36.000000 c 38.000000
tx 115 r 36.000000 c 39.000000
tx 116 r 37.000000 c 36.000000
tx 117 r 37.000000 c 37.000000
tx 118 r 37.000000 c 38.000000
tx 119 r 37.000000 c 39.000000
tx 120 r 38.000000 c 36.000000
tx 121 r 38.000000 c 37.000000
tx 122 r 38.000000 c 38.000000
tx 123 r 38.000000 c 39.000000
tx 124 r 39.000000 c 36.000000
tx 125 r 39.000000 c 37.000000
tx 126 r 39.000000 c 38.000000
tx 127 r 39.000000 c 39.000000
tx 224 r 32.000000 c 36.000000
tx 225 r 32.000000 c 37.000000
tx 226 r 32.000000 c 38.000000
tx 227 r 32.000000 c 39.000000
tx 228 r 33.000000 c 36.000000
tx 229 r 33.000000 c 37.000000
tx 230 r 33.000000 c 38.000000
tx 231 r 33.000000 c 39.000000
tx 232 r 34.000000 c 36.000000
tx 233 r 34.000000 c 37.000000
tx 234 r 34.000000 c 38.000000
tx 235 r 34.000000 c 39.000000
tx 236 r 35.000000 c 36.000000
tx 237 r 35.000000 c 37.000000
tx 238 r 35.000000 c 38.000000
tx 239 r 35.000000 c 39.000000
tx 240 r 36.000000 c 36.000000
tx 241 r 36.000000 c 37.000000
tx 242 r 36.000000 c 38.000000
tx 243 r 36.000000 c 39.000000
tx 244 r 37.000000 c 36.000000
tx 245 r 37.000000 c 37.000000
tx 246 r 37.000000 c 38.000000
tx 247 r 37.000000 c 39.000000
tx 248 r 38.000000 c 36.000000
tx 249 r 38.000000 c 37.000000
tx 250 r 38.000000 c 38.000000
tx 251 r 38.000000 c 39.000000
tx 252 r 39.000000 c 36.000000
tx 253 r 39.000000 c 37.000000
tx 254 r 39.000000 c 38.000000
tx 255 r 39.000000 c 39.000000
tx 160 r 32.000000 c 36.000000
tx 161 r 32.000000 c 37.000000
tx 162 r 32.000000 c 38.000000
tx 163 r 32.000000 c 39.000000
tx 164 r 33.000000 c 36.000000
tx 165 r 33.000000 c 37.000000
tx 166 r 33.000000 c 38.000000
tx 167 r 33.000000 c 39.000000
tx 168 r 34.000000 c 36.000000
tx 169 r 34.000000 c 37.000000
tx 170 r 34.000000 c 38.000000
tx 171 r 34.000000 c 39.000000
tx 172 r 35.000000 c 36.000000
tx 173 r 35.000000 c 37.000000
tx 174 r 35.000000 c 38.000000
tx 175 r 35.000000 c 39.000000
tx 176 r 36.000000 c 36.000000
tx 177 r 36.000000 c 37.000000
tx 178 r 36.000000 c 38.000000
tx 179 r 36.000000 c 39.000000
tx 180 r 37.000000 c 36.000000
tx 181 r 37.000000 c 37.000000
tx 182 r 37.000000 c 38.000000
tx 183 r 37.000000 c 39.000000
tx 184 r 38.000000 c 36.000000
tx 185 r 38.000000 c 37.000000
tx 186 r 38.000000 c 38.000000
tx 187 r 38.000000 c 39.000000
tx 188 r 39.000000 c 36.000000
tx 189 r 39.000000 c 37.000000
tx 190 r 39.000000 c 38.000000
tx 191 r 39.000000 c 39.000000
tx 128 r 0.000000 c 36.000000
tx 129 r 0.000000 c 37.000000
tx 130 r 0.000000 c 38.000000
tx 131 r 0.000000 c 39.000000
tx 132 r 1.000000 c 36.000000
tx 133 r 1.000000 c 37.000000
tx 134 r 1.000000 c 38.000000
tx 135 r 1.000000 c 39.000000
tx 136 r 2.000000 c 36.000000
tx 137 r 2.000000 c 37.000000
tx 138 r 2.000000 c 38.000000
tx 139 r 2.000000 c 39.000000
tx 140 r 3.000000 c 36.000000
tx 141 r 3.000000 c 37.000000
tx 142 r 3.000000 c 38.000000
tx 143 r 3.000000 c 39.000000
tx 144 r 4.000000 c 36.000000
tx 145 r 4.000000 c 37.000000
tx 146 r 4.000000 c 38.000000
tx 147 r 4.000000 c 39.000000
tx 148 r 5.000000 c 36.000000
tx 149 r 5.000000 c 37.000000
tx 150 r 5.000000 c 38.000000
tx 151 r 5.000000 c 39.000000
tx 152 r 6.000000 c 36.000000
tx 153 r 6.000000 c 37.000000
tx 154 r 6.000000 c 38.000000
tx 155 r 6.000000 c 39.000000
tx 156 r 7.000000 c 36.000000
tx 157 r 7.000000 c 37.000000
tx 158 r 7.000000 c 38.000000
tx 159 r 7.000000 c 39.000000
tx 32 r 32.000000 c 36.000000
tx 33 r 32.000000 c 37.000000
tx 34 r 32.000000 c 38.000000
tx 35 r 32.000000 c 39.000000
tx 36 r 33.000000 c 36.000000
tx 37 r 33.000000 c 37.000000
tx 38 r 33.000000 c 38.000000
tx 39 r 33.000000 c 39.000000
tx 40 r 34.000000 c 36.000000
tx 41 r 34.000000 c 37.000000
tx 42 r 34.000000 c 38.000000
tx 43 r 34.000000 c 39.000000
tx 44 r 35.000000 c 36.000000
tx 45 r 35.000000 c 37.000000
tx 46 r 35.000000 c 38.000000
tx 47 r 35.000000 c 39.000000
tx 48 r 36.000000 c 36.000000
tx 49 r 36.000000 c 37.000000
tx 50 r 36.000000 c 38.000000
tx 51 r 36.000000 c 39.000000
tx 52 r 37.000000 c 36.000000
tx 53 r 37.000000 c 37.000000
tx 54 r 37.000000 c 38.000000
tx 55 r 37.000000 c 39.000000
tx 56 r 38.000000 c 36.000000
tx 57 r 38.000000 c 37.000000
tx 58 r 38.000000 c 38.000000
tx 59 r 38.000000 c 39.000000
tx 60 r 39.000000 c 36.000000
tx 61 r 39.000000 c 37.000000
tx 62 r 39.000000 c 38.000000
tx 63 r 39.000000 c 39.000000
tx 192 r 0.000000 c 36.000000
tx 193 r 0.000000 c 37.000000
tx 194 r 0.000000 c 38.000000
tx 195 r 0.000000 c 39.000000
tx 196 r 1.000000 c 36.000000
tx 197 r 1.000000 c 37.000000
tx 198 r 1.000000 c 38.000000
tx 199 r 1.000000 c 39.000000
tx 200 r 2.000000 c 36.000000
tx 201 r 2.000000 c 37.000000
tx 202 r 2.000000 c 38.000000
tx 203 r 2.000000 c 39.000000
tx 204 r 3.000000 c 36.000000
tx 205 r 3.000000 c 37.000000
tx 206 r 3.000000 c 38.000000
tx 207 r 3.000000 c 39.000000
tx 208 r 4.000000 c 36.000000
tx 209 r 4.000000 c 37.000000
tx 210 r 4.000000 c 38.000000
tx 211 r 4.000000 c 39.000000
tx 212 r 5.000000 c 36.000000
tx 213 r 5.000000 c 37.000000
tx 214 r 5.000000 c 38.000000
tx 215 r 5.000000 c 39.000000
tx 216 r 6.000000 c 36.000000
tx 217 r 6.000000 c 37.000000
tx 218 r 6.000000 c 38.000000
tx 219 r 6.000000 c 39.000000
tx 220 r 7.000000 c 36.000000
tx 221 r 7.000000 c 37.000000
tx 222 r 7.000000 c 38.000000
tx 223 r 7.000000 c 39.000000
tx 64 r 0.000000 c 36.000000
tx 65 r 0.000000 c 37.000000
tx 66 r 0.000000 c 38.000000
tx 67 r 0.000000 c 39.000000
tx 68 r 1.000000 c 36.000000
tx 69 r 1.000000 c 37.000000
tx 70 r 1.000000 c 38.000000
tx 71 r 1.000000 c 39.000000
tx 72 r 2.000000 c 36.000000
tx 73 r 2.000000 c 37.000000
tx 74 r 2.000000 c 38.000000
tx 75 r 2.000000 c 39.000000
tx 76 r 3.000000 c 36.000000
tx 77 r 3.000000 c 37.000000
tx 78 r 3.000000 c 38.000000
tx 79 r 3.000000 c 39.000000
tx 80 r 4.000000 c 36.000000
tx 81 r 4.000000 c 37.000000
tx 82 r 4.000000 c 38.000000
tx 83 r 4.000000 c 39.000000
tx 84 r 5.000000 c 36.000000
tx 85 r 5.000000 c 37.000000
tx 86 r 5.000000 c 38.000000
tx 87 r 5.000000 c 39.000000
tx 88 r 6.000000 c 36.000000
tx 89 r 6.000000 c 37.000000
tx 90 r 6.000000 c 38.000000
tx 91 r 6.000000 c 39.000000
tx 92 r 7.000000 c 36.000000
tx 93 r 7.000000 c 37.000000
tx 94 r 7.000000 c 38.000000
tx 95 r 7.000000 c 39.000000
tx 0 r 0.000000 c 36.000000
tx 1 r 0.000000 c 37.000000
tx 2 r 0.000000 c 38.000000
tx 3 r 0.000000 c 39.000000
tx 4 r 1.000000 c 36.000000
tx 5 r 1.000000 c 37.000000
tx 6 r 1.000000 c 38.000000
tx 7 r 1.000000 c 39.000000
tx 8 r 2.000000 c 36.000000
tx 9 r 2.000000 c 37.000000
tx 10 r 2.000000 c 38.000000
tx 11 r 2.000000 c 39.000000
tx 12 r 3.000000 c 36.000000
tx 13 r 3.000000 c 37.000000
tx 14 r 3.000000 c 38.000000
tx 15 r 3.000000 c 39.000000
tx 16 r 4.000000 c 36.000000
tx 17 r 4.000000 c 37.000000
tx 18 r 4.000000 c 38.000000
tx 19 r 4.000000 c 39.000000
tx 20 r 5.000000 c 36.000000
tx 21 r 5.000000 c 37.000000
tx 22 r 5.000000 c 38.000000
tx 23 r 5.000000 c 39.000000
tx 24 r 6.000000 c 36.000000
tx 25 r 6.000000 c 37.000000
tx 26 r 6.000000 c 38.000000
tx 27 r 6.000000 c 39.000000
tx 28 r 7.000000 c 36.000000
tx 29 r 7.000000 c 37.000000
tx 30 r 7.000000 c 38.000000
tx 31 r 7.000000 c 39.000000
tx 160 r 40.000000 c 36.000000
tx 161 r 40.000000 c 37.000000
tx 162 r 40.000000 c 38.000000
tx 163 r 40.000000 c 39.000000
tx 164 r 41.000000 c 36.000000
tx 165 r 41.000000 c 37.000000
tx 166 r 41.000000 c 38.000000
tx 167 r 41.000000 c 39.000000
tx 168 r 42.000000 c 36.000000
tx 169 r 42.000000 c 37.000000
tx 170 r 42.000000 c 38.000000
tx 171 r 42.000000 c 39.000000
tx 172 r 43.000000 c 36.000000
tx 173 r 43.000000 c 37.000000
tx 174 r 43.000000 c 38.000000
tx 175 r 43.000000 c 39.000000
tx 176 r 44.000000 c 36.000000
tx 177 r 44.000000 c 37.000000
tx 178 r 44.000000 c 38.000000
tx 179 r 44.000000 c 39.000000
tx 180 r 45.000000 c 36.000000
tx 181 r 45.000000 c 37.000000
tx 182 r 45.000000 c 38.000000
tx 183 r 45.000000 c 39.000000
tx 184 r 46.000000 c 36.000000
tx 185 r 46.000000 c 37.000000
tx 186 r 46.000000 c 38.000000
tx 187 r 46.000000 c 39.000000
tx 188 r 47.000000 c 36.000000
tx 189 r 47.000000 c 37.000000
tx 190 r 47.000000 c 38.000000
tx 191 r 47.000000 c 39.000000
tx 224 r 40.000000 c 36.000000
tx 225 r 40.000000 c 37.000000
tx 226 r 40.000000 c 38.000000
tx 227 r 40.000000 c 39.000000
tx 228 r 41.000000 c 36.000000
tx 229 r 41.000000 c 37.000000
tx 230 r 41.000000 c 38.000000
tx 231 r 41.000000 c 39.000000
tx 232 r 42.000000 c 36.000000
tx 233 r 42.000000 c 37.000000
tx 234 r 42.000000 c 38.000000
tx 235 r 42.000000 c 39.000000
tx 236 r 43.000000 c 36.000000
tx 237 r 43.000000 c 37.000000
tx 238 r 43.000000 c 38.000000
tx 239 r 43.000000 c 39.000000
tx 240 r 44.000000 c 36.000000
tx 241 r 44.000000 c 37.000000
tx 242 r 44.000000 c 38.000000
tx 243 r 44.000000 c 39.000000
tx 244 r 45.000000 c 36.000000
tx 245 r 45.000000 c 37.000000
tx 246 r 45.000000 c 38.000000
tx 247 r 45.000000 c 39.000000
tx 248 r 46.000000 c 36.000000
tx 249 r 46.000000 c 37.000000
tx 250 r 46.000000 c 38.000000
tx 251 r 46.000000 c 39.000000
tx 252 r 47.000000 c 36.000000
tx 253 r 47.000000 c 37.000000
tx 254 r 47.000000 c 38.000000
tx 255 r 47.000000 c 39.000000
tx 192 r 8.000000 c 36.000000
tx 193 r 8.000000 c 37.000000
tx 194 r 8.000000 c 38.000000
tx 195 r 8.000000 c 39.000000
tx 196 r 9.000000 c 36.000000
tx 197 r 9.000000 c 37.000000
tx 198 r 9.000000 c 38.000000
tx 199 r 9.000000 c 39.000000
tx 200 r 10.000000 c 36.000000
tx 201 r 10.000000 c 37.000000
tx 202 r 10.000000 c 38.000000
tx 203 r 10.000000 c 39.000000
tx 204 r 11.000000 c 36.000000
tx 205 r 11.000000 c 37.000000
tx 206 r 11.000000 c 38.000000
tx 207 r 11.000000 c 39.000000
tx 208 r 12.000000 c 36.000000
tx 209 r 12.000000 c 37.000000
tx 210 r 12.000000 c 38.000000
tx 211 r 12.000000 c 39.000000
tx 212 r 13.000000 c 36.000000
tx 213 r 13.000000 c 37.000000
tx 214 r 13.000000 c 38.000000
tx 215 r 13.000000 c 39.000000
tx 216 r 14.000000 c 36.000000
tx 217 r 14.000000 c 37.000000
tx 218 r 14.000000 c 38.000000
tx 219 r 14.000000 c 39.000000
tx 220 r 15.000000 c 36.000000
tx 221 r 15.000000 c 37.000000
tx 222 r 15.000000 c 38.000000
tx 223 r 15.000000 c 39.000000
tx 32 r 40.000000 c 36.000000
tx 33 r 40.000000 c 37.000000
tx 34 r 40.000000 c 38.000000
tx 35 r 40.000000 c 39.000000
tx 36 r 41.000000 c 36.000000
tx 37 r 41.000000 c 37.000000
tx 38 r 41.000000 c 38.000000
tx 39 r 41.000000 c 39.000000
tx 40 r 42.000000 c 36.000000
tx 41 r 42.000000 c 37.000000
tx 42 r 42.000000 c 38.000000
tx 43 r 42.000000 c 39.000000
tx 44 r 43.000000 c 36.000000
tx 45 r 43.000000 c 37.000000
tx 46 r 43.000000 c 38.000000
tx 47 r 43.000000 c 39.000000
tx 48 r 44.000000 c 36.000000
tx 49 r 44.000000 c 37.000000
tx 50 r 44.000000 c 38.000000
tx 51 r 44.000000 c 39.000000
tx 52 r 45.000000 c 36.000000
tx 53 r 45.000000 c 37.000000
tx 54 r 45.000000 c 38.000000
tx 55 r 45.000000 c 39.000000
tx 56 r 46.000000 c 36.000000
tx 57 r 46.000000 c 37.000000
tx 58 r 46.000000 c 38.000000
tx 59 r 46.000000 c 39.000000
tx 60 r 47.000000 c 36.000000
tx 61 r 47.000000 c 37.000000
tx 62 r 47.000000 c 38.000000
tx 63 r 47.000000 c 39.000000
tx 64 r 8.000000 c 36.000000
tx 65 r 8.000000 c 37.000000
tx 66 r 8.000000 c 38.000000
tx 67 r 8.000000 c 39.000000
tx 68 r 9.000000 c 36.000000
tx 69 r 9.000000 c 37.000000
tx 70 r 9.000000 c 38.000000
tx 71 r 9.000000 c 39.000000
tx 72 r 10.000000 c 36.000000
tx 73 r 10.000000 c 37.000000
tx 74 r 10.000000 c 38.000000
tx 75 r 10.000000 c 39.000000
tx 76 r 11.000000 c 36.000000
tx 77 r 11.000000 c 37.000000
tx 78 r 11.000000 c 38.000000
tx 79 r 11.000000 c 39.000000
tx 80 r 12.000000 c 36.000000
tx 81 r 12.000000 c 37.000000
tx 82 r 12.000000 c 38.000000
tx 83 r 12.000000 c 39.000000
tx 84 r 13.000000 c 36.000000
tx 85 r 13.000000 c 37.000000
tx 86 r 13.000000 c 38.000000
tx 87 r 13.000000 c 39.000000
tx 88 r 14.000000 c 36.000000
tx 89 r 14.000000 c 37.000000
tx 90 r 14.000000 c 38.000000
tx 91 r 14.000000 c 39.000000
tx 92 r 15.000000 c 36.000000
tx 93 r 15.000000 c 37.000000
tx 94 r 15.000000 c 38.000000
tx 95 r 15.000000 c 39.000000
tx 96 r 40.000000 c 36.000000
tx 97 r 40.000000 c 37.000000
tx 98 r 40.000000 c 38.000000
tx 99 r 40.000000 c 39.000000
tx 100 r 41.000000 c 36.000000
tx 101 r 41.000000 c 37.000000
tx 102 r 41.000000 c 38.000000
tx 103 r 41.000000 c 39.000000
tx 104 r 42.000000 c 36.000000
tx 105 r 42.000000 c 37.000000
tx 106 r 42.000000 c 38.000000
tx 107 r 42.000000 c 39.000000
tx 108 r 43.000000 c 36.000000
tx 109 r 43.000000 c 37.000000
tx 110 r 43.000000 c 38.000000
tx 111 r 43.000000 c 39.000000
tx 112 r 44.000000 c 36.000000
tx 113 r 44.000000 c 37.000000
tx 114 r 44.000000 c 38.000000
tx 115 r 44.000000 c 39.000000
tx 116 r 45.000000 c 36.000000
tx 117 r 45.000000 c 37.000000
tx 118 r 45.000000 c 38.000000
tx 119 r 45.000000 c 39.000000
tx 120 r 46.000000 c 36.000000
tx 121 r 46.000000 c 37.000000
tx 122 r 46.000000 c 38.000000
tx 123 r 46.000000 c 39.000000
tx 124 r 47.000000 c 36.000000
tx 125 r 47.000000 c 37.000000
tx 126 r 47.000000 c 38.000000
tx 127 r 47.000000 c 39.000000
tx 128 r 8.000000 c 36.000000
tx 129 r 8.000000 c 37.000000
tx 130 r 8.000000 c 38.000000
tx 131 r 8.000000 c 39.000000
tx 132 r 9.000000 c 36.000000
tx 133 r 9.000000 c 37.000000
tx 134 r 9.000000 c 38.000000
tx 135 r 9.000000 c 39.000000
tx 136 r 10.000000 c 36.000000
tx 137 r 10.000000 c 37.000000
tx 138 r 10.000000 c 38.000000
tx 139 r 10.000000 c 39.000000
tx 140 r 11.000000 c 36.000000
tx 141 r 11.000000 c 37.000000
tx 142 r 11.000000 c 38.000000
tx 143 r 11.000000 c 39.000000
tx 144 r 12.000000 c 36.000000
tx 145 r 12.000000 c 37.000000
tx 146 r 12.000000 c 38.000000
tx 147 r 12.000000 c 39.000000
tx 148 r 13.000000 c 36.000000
tx 149 r 13.000000 c 37.000000
tx 150 r 13.000000 c 38.000000
tx 151 r 13.000000 c 39.000000
tx 152 r 14.000000 c 36.000000
tx 153 r 14.000000 c 37.000000
tx 154 r 14.000000 c 38.000000
tx 155 r 14.000000 c 39.000000
tx 156 r 15.000000 c 36.000000
tx 157 r 15.000000 c 37.000000
tx 158 r 15.000000 c 38.000000
tx 159 r 15.000000 c 39.000000
tx 0 r 8.000000 c 36.000000
tx 1 r 8.000000 c 37.000000
tx 2 r 8.000000 c 38.000000
tx 3 r 8.000000 c 39.000000
tx 4 r 9.000000 c 36.000000
tx 5 r 9.000000 c 37.000000
tx 6 r 9.000000 c 38.000000
tx 7 r 9.000000 c 39.000000
tx 8 r 10.000000 c 36.000000
tx 9 r 10.000000 c 37.000000
tx 10 r 10.000000 c 38.000000
tx 11 r 10.000000 c 39.000000
tx 12 r 11.000000 c 36.000000
tx 13 r 11.000000 c 37.000000
tx 14 r 11.000000 c 38.000000
tx 15 r 11.000000 c 39.000000
tx 16 r 12.000000 c 36.000000
tx 17 r 12.000000 c 37.000000
tx 18 r 12.000000 c 38.000000
tx 19 r 12.000000 c 39.000000
tx 20 r 13.000000 c 36.000000
tx 21 r 13.000000 c 37.000000
tx 22 r 13.000000 c 38.000000
tx 23 r 13.000000 c 39.000000
tx 24 r 14.000000 c 36.000000
tx 25 r 14.000000 c 37.000000
tx 26 r 14.000000 c 38.000000
tx 27 r 14.000000 c 39.000000
tx 28 r 15.000000 c 36.000000
tx 29 r 15.000000 c 37.000000
tx 30 r 15.000000 c 38.000000
tx 31 r 15.000000 c 39.000000
tx 160 r 48.000000 c 36.000000
tx 161 r 48.000000 c 37.000000
tx 162 r 48.000000 c 38.000000
tx 163 r 48.000000 c 39.000000
tx 164 r 49.000000 c 36.000000
tx 165 r 49.000000 c 37.000000
tx 166 r 49.000000 c 38.000000
tx 167 r 49.000000 c 39.000000
tx 168 r 50.000000 c 36.000000
tx 169 r 50.000000 c 37.000000
tx 170 r 50.000000 c 38.000000
tx 171 r 50.000000 c 39.000000
tx 172 r 51.000000 c 36.000000
tx 173 r 51.000000 c 37.000000
tx 174 r 51.000000 c 38.000000
tx 175 r 51.000000 c 39.000000
tx 176 r 52.000000 c 36.000000
tx 177 r 52.000000 c 37.000000
tx 178 r 52.000000 c 38.000000
tx 179 r 52.000000 c 39.000000
tx 180 r 53.000000 c 36.000000
tx 181 r 53.000000 c 37.000000
tx 182 r 53.000000 c 38.000000
tx 183 r 53.000000 c 39.000000
tx 184 r 54.000000 c 36.000000
tx 185 r 54.000000 c 37.000000
tx 186 r 54.000000 c 38.000000
tx 187 r 54.000000 c 39.000000
tx 188 r 55.000000 c 36.000000
tx 189 r 55.000000 c 37.000000
tx 190 r 55.000000 c 38.000000
tx 191 r 55.000000 c 39.000000
tx 32 r 48.000000 c 36.000000
tx 33 r 48.000000 c 37.000000
tx 34 r 48.000000 c 38.000000
tx 35 r 48.000000 c 39.000000
tx 36 r 49.000000 c 36.000000
tx 37 r 49.000000 c 37.000000
tx 38 r 49.000000 c 38.000000
tx 39 r 49.000000 c 39.000000
tx 40 r 50.000000 c 36.000000
tx 41 r 50.000000 c 37.000000
tx 42 r 50.000000 c 38.000000
tx 43 r 50.000000 c 39.000000
tx 44 r 51.000000 c 36.000000
tx 45 r 51.000000 c 37.000000
tx 46 r 51.000000 c 38.000000
tx 47 r 51.000000 c 39.000000
tx 48 r 52.000000 c 36.000000
tx 49 r 52.000000 c 37.000000
tx 50 r 52.000000 c 38.000000
tx 51 r 52.000000 c 39.000000
tx 52 r 53.000000 c 36.000000
tx 53 r 53.000000 c 37.000000
tx 54 r 53.000000 c 38.000000
tx 55 r 53.000000 c 39.000000
tx 56 r 54.000000 c 36.000000
tx 57 r 54.000000 c 37.000000
tx 58 r 54.000000 c 38.000000
tx 59 r 54.000000 c 39.000000
tx 60 r 55.000000 c 36.000000
tx 61 r 55.000000 c 37.000000
tx 62 r 55.000000 c 38.000000
tx 63 r 55.000000 c 39.000000
tx 224 r 48.000000 c 36.000000
tx 225 r 48.000000 c 37.000000
tx 226 r 48.000000 c 38.000000
tx 227 r 48.000000 c 39.000000
tx 228 r 49.000000 c 36.000000
tx 229 r 49.000000 c 37.000000
tx 230 r 49.000000 c 38.000000
tx 231 r 49.000000 c 39.000000
tx 232 r 50.000000 c 36.000000
tx 233 r 50.000000 c 37.000000
tx 234 r 50.000000 c 38.000000
tx 235 r 50.000000 c 39.000000
tx 236 r 51.000000 c 36.000000
tx 237 r 51.000000 c 37.000000
tx 238 r 51.000000 c 38.000000
tx 239 r 51.000000 c 39.000000
tx 240 r 52.000000 c 36.000000
tx 241 r 52.000000 c 37.000000
tx 242 r 52.000000 c 38.000000
tx 243 r 52.000000 c 39.000000
tx 244 r 53.000000 c 36.000000
tx 245 r 53.000000 c 37.000000
tx 246 r 53.000000 c 38.000000
tx 247 r 53.000000 c 39.000000
tx 248 r 54.000000 c 36.000000
tx 249 r 54.000000 c 37.000000
tx 250 r 54.000000 c 38.000000
tx 251 r 54.000000 c 39.000000
tx 252 r 55.000000 c 36.000000
tx 253 r 55.000000 c 37.000000
tx 254 r 55.000000 c 38.000000
tx 255 r 55.000000 c 39.000000
tx 64 r 16.000000 c 36.000000
tx 65 r 16.000000 c 37.000000
tx 66 r 16.000000 c 38.000000
tx 67 r 16.000000 c 39.000000
tx 68 r 17.000000 c 36.000000
tx 69 r 17.000000 c 37.000000
tx 70 r 17.000000 c 38.000000
tx 71 r 17.000000 c 39.000000
tx 72 r 18.000000 c 36.000000
tx 73 r 18.000000 c 37.000000
tx 74 r 18.000000 c 38.000000
tx 75 r 18.000000 c 39.000000
tx 76 r 19.000000 c 36.000000
tx 77 r 19.000000 c 37.000000
tx 78 r 19.000000 c 38.000000
tx 79 r 19.000000 c 39.000000
tx 80 r 20.000000 c 36.000000
tx 81 r 20.000000 c 37.000000
tx 82 r 20.000000 c 38.000000
tx 83 r 20.000000 c 39.000000
tx 84 r 21.000000 c 36.000000
tx 85 r 21.000000 c 37.000000
tx 86 r 21.000000 c 38.000000
tx 87 r 21.000000 c 39.000000
tx 88 r 22.000000 c 36.000000
tx 89 r 22.000000 c 37.000000
tx 90 r 22.000000 c 38.000000
tx 91 r 22.000000 c 39.000000
tx 92 r 23.000000 c 36.000000
tx 93 r 23.000000 c 37.000000
tx 94 r 23.000000 c 38.000000
tx 95 r 23.000000 c 39.000000
tx 0 r 16.000000 c 36.000000
tx 1 r 16.000000 c 37.000000
tx 2 r 16.000000 c 38.000000
tx 3 r 16.000000 c 39.000000
tx 4 r 17.000000 c 36.000000
tx 5 r 17.000000 c 37.000000
tx 6 r 17.000000 c 38.000000
tx 7 r 17.000000 c 39.000000
tx 8 r 18.000000 c 36.000000
tx 9 r 18.000000 c 37.000000
tx 10 r 18.000000 c 38.000000
tx 11 r 18.000000 c 39.000000
tx 12 r 19.000000 c 36.000000
tx 13 r 19.000000 c 37.000000
tx 14 r 19.000000 c 38.000000
tx 15 r 19.000000 c 39.000000
tx 16 r 20.000000 c 36.000000
tx 17 r 20.000000 c 37.000000
tx 18 r 20.000000 c 38.000000
tx 19 r 20.000000 c 39.000000
tx 20 r 21.000000 c 36.000000
tx 21 r 21.000000 c 37.000000
tx 22 r 21.000000 c 38.000000
tx 23 r 21.000000 c 39.000000
tx 24 r 22.000000 c 36.000000
tx 25 r 22.000000 c 37.000000
tx 26 r 22.000000 c 38.000000
tx 27 r 22.000000 c 39.000000
tx 28 r 23.000000 c 36.000000
tx 29 r 23.000000 c 37.000000
tx 30 r 23.000000 c 38.000000
tx 31 r 23.000000 c 39.000000
tx 192 r 16.000000 c 36.000000
tx 193 r 16.000000 c 37.000000
tx 194 r 16.000000 c 38.000000
tx 195 r 16.000000 c 39.000000
tx 196 r 17.000000 c 36.000000
tx 197 r 17.000000 c 37.000000
tx 198 r 17.000000 c 38.000000
tx 199 r 17.000000 c 39.000000
tx 200 r 18.000000 c 36.000000
tx 201 r 18.000000 c 37.000000
tx 202 r 18.000000 c 38.000000
tx 203 r 18.000000 c 39.000000
tx 204 r 19.000000 c 36.000000
tx 205 r 19.000000 c 37.000000
tx 206 r 19.000000 c 38.000000
tx 207 r 19.000000 c 39.000000
tx 208 r 20.000000 c 36.000000
tx 209 r 20.000000 c 37.000000
tx 210 r 20.000000 c 38.000000
tx 211 r 20.000000 c 39.000000
tx 212 r 21.000000 c 36.000000
tx 213 r 21.000000 c 37.000000
tx 214 r 21.000000 c 38.000000
tx 215 r 21.000000 c 39.000000
tx 216 r 22.000000 c 36.000000
tx 217 r 22.000000 c 37.000000
tx 218 r 22.000000 c 38.000000
tx 219 r 22.000000 c 39.000000
tx 220 r 23.000000 c 36.000000
tx 221 r 23.000000 c 37.000000
tx 222 r 23.000000 c 38.000000
tx 223 r 23.000000 c 39.000000
tx 128 r 16.000000 c 36.000000
tx 129 r 16.000000 c 37.000000
tx 130 r 16.000000 c 38.000000
tx 131 r 16.000000 c 39.000000
tx 132 r 17.000000 c 36.000000
tx 133 r 17.000000 c 37.000000
tx 134 r 17.000000 c 38.000000
tx 135 r 17.000000 c 39.000000
tx 136 r 18.000000 c 36.000000
tx 137 r 18.000000 c 37.000000
tx 138 r 18.000000 c 38.000000
tx 139 r 18.000000 c 39.000000
tx 140 r 19.000000 c 36.000000
tx 141 r 19.000000 c 37.000000
tx 142 r 19.000000 c 38.000000
tx 143 r 19.000000 c 39.000000
tx 144 r 20.000000 c 36.000000
tx 145 r 20.000000 c 37.000000
tx 146 r 20.000000 c 38.000000
tx 147 r 20.000000 c 39.000000
tx 148 r 21.000000 c 36.000000
tx 149 r 21.000000 c 37.000000
tx 150 r 21.000000 c 38.000000
tx 151 r 21.000000 c 39.000000
tx 152 r 22.000000 c 36.000000
tx 153 r 22.000000 c 37.000000
tx 154 r 22.000000 c 38.000000
tx 155 r 22.000000 c 39.000000
tx 156 r 23.000000 c 36.000000
tx 157 r 23.000000 c 37.000000
tx 158 r 23.000000 c 38.000000
tx 159 r 23.000000 c 39.000000
tx 96 r 48.000000 c 36.000000
tx 97 r 48.000000 c 37.000000
tx 98 r 48.000000 c 38.000000
tx 99 r 48.000000 c 39.000000
tx 100 r 49.000000 c 36.000000
tx 101 r 49.000000 c 37.000000
tx 102 r 49.000000 c 38.000000
tx 103 r 49.000000 c 39.000000
tx 104 r 50.000000 c 36.000000
tx 105 r 50.000000 c 37.000000
tx 106 r 50.000000 c 38.000000
tx 107 r 50.000000 c 39.000000
tx 108 r 51.000000 c 36.000000
tx 109 r 51.000000 c 37.000000
tx 110 r 51.000000 c 38.000000
tx 111 r 51.000000 c 39.000000
tx 112 r 52.000000 c 36.000000
tx 113 r 52.000000 c 37.000000
tx 114 r 52.000000 c 38.000000
tx 115 r 52.000000 c 39.000000
tx 116 r 53.000000 c 36.000000
tx 117 r 53.000000 c 37.000000
tx 118 r 53.000000 c 38.000000
tx 119 r 53.000000 c 39.000000
tx 120 r 54.000000 c 36.000000
tx 121 r 54.000000 c 37.000000
tx 122 r 54.000000 c 38.000000
tx 123 r 54.000000 c 39.000000
tx 124 r 55.000000 c 36.000000
tx 125 r 55.000000 c 37.000000
tx 126 r 55.000000 c 38.000000
tx 127 r 55.000000 c 39.000000
tx 160 r 56.000000 c 36.000000
tx 161 r 56.000000 c 37.000000
tx 162 r 56.000000 c 38.000000
tx 163 r 56.000000 c 39.000000
tx 164 r 57.000000 c 36.000000
tx 165 r 57.000000 c 37.000000
tx 166 r 57.000000 c 38.000000
tx 167 r 57.000000 c 39.000000
tx 168 r 58.000000 c 36.000000
tx 169 r 58.000000 c 37.000000
tx 170 r 58.000000 c 38.000000
tx 171 r 58.000000 c 39.000000
tx 172 r 59.000000 c 36.000000
tx 173 r 59.000000 c 37.000000
tx 174 r 59.000000 c 38.000000
tx 175 r 59.000000 c 39.000000
tx 176 r 60.000000 c 36.000000
tx 177 r 60.000000 c 37.000000
tx 178 r 60.000000 c 38.000000
tx 179 r 60.000000 c 39.000000
tx 180 r 61.000000 c 36.000000
tx 181 r 61.000000 c 37.000000
tx 182 r 61.000000 c 38.000000
tx 183 r 61.000000 c 39.000000
tx 184 r 62.000000 c 36.000000
tx 185 r 62.000000 c 37.000000
tx 186 r 62.000000 c 38.000000
tx 187 r 62.000000 c 39.000000
tx 188 r 63.000000 c 36.000000
tx 189 r 63.000000 c 37.000000
tx 190 r 63.000000 c 38.000000
tx 191 r 63.000000 c 39.000000
tx 0 r 24.000000 c 36.000000
tx 1 r 24.000000 c 37.000000
tx 2 r 24.000000 c 38.000000
tx 3 r 24.000000 c 39.000000
tx 4 r 25.000000 c 36.000000
tx 5 r 25.000000 c 37.000000
tx 6 r 25.000000 c 38.000000
tx 7 r 25.000000 c 39.000000
tx 8 r 26.000000 c 36.000000
tx 9 r 26.000000 c 37.000000
tx 10 r 26.000000 c 38.000000
tx 11 r 26.000000 c 39.000000
tx 12 r 27.000000 c 36.000000
tx 13 r 27.000000 c 37.000000
tx 14 r 27.000000 c 38.000000
tx 15 r 27.000000 c 39.000000
tx 16 r 28.000000 c 36.000000
tx 17 r 28.000000 c 37.000000
tx 18 r 28.000000 c 38.000000
tx 19 r 28.000000 c 39.000000
tx 20 r 29.000000 c 36.000000
tx 21 r 29.000000 c 37.000000
tx 22 r 29.000000 c 38.000000
tx 23 r 29.000000 c 39.000000
tx 24 r 30.000000 c 36.000000
tx 25 r 30.000000 c 37.000000
tx 26 r 30.000000 c 38.000000
tx 27 r 30.000000 c 39.000000
tx 28 r 31.000000 c 36.000000
tx 29 r 31.000000 c 37.000000
tx 30 r 31.000000 c 38.000000
tx 31 r 31.000000 c 39.000000
tx 32 r 56.000000 c 36.000000
tx 33 r 56.000000 c 37.000000
tx 34 r 56.000000 c 38.000000
tx 35 r 56.000000 c 39.000000
tx 36 r 57.000000 c 36.000000
tx 37 r 57.000000 c 37.000000
tx 38 r 57.000000 c 38.000000
tx 39 r 57.000000 c 39.000000
tx 40 r 58.000000 c 36.000000
tx 41 r 58.000000 c 37.000000
tx 42 r 58.000000 c 38.000000
tx 43 r 58.000000 c 39.000000
tx 44 r 59.000000 c 36.000000
tx 45 r 59.000000 c 37.000000
tx 46 r 59.000000 c 38.000000
tx 47 r 59.000000 c 39.000000
tx 48 r 60.000000 c 36.000000
tx 49 r 60.000000 c 37.000000
tx 50 r 60.000000 c 38.000000
tx 51 r 60.000000 c 39.000000
tx 52 r 61.000000 c 36.000000
tx 53 r 61.000000 c 37.000000
tx 54 r 61.000000 c 38.000000
tx 55 r 61.000000 c 39.000000
tx 56 r 62.000000 c 36.000000
tx 57 r 62.000000 c 37.000000
tx 58 r 62.000000 c 38.000000
tx 59 r 62.000000 c 39.000000
tx 60 r 63.000000 c 36.000000
tx 61 r 63.000000 c 37.000000
tx 62 r 63.000000 c 38.000000
tx 63 r 63.000000 c 39.000000
tx 64 r 24.000000 c 36.000000
tx 65 r 24.000000 c 37.000000
tx 66 r 24.000000 c 38.000000
tx 67 r 24.000000 c 39.000000
tx 68 r 25.000000 c 36.000000
tx 69 r 25.000000 c 37.000000
tx 70 r 25.000000 c 38.000000
tx 71 r 25.000000 c 39.000000
tx 72 r 26.000000 c 36.000000
tx 73 r 26.000000 c 37.000000
tx 74 r 26.000000 c 38.000000
tx 75 r 26.000000 c 39.000000
tx 76 r 27.000000 c 36.000000
tx 77 r 27.000000 c 37.000000
tx 78 r 27.000000 c 38.000000
tx 79 r 27.000000 c 39.000000
tx 80 r 28.000000 c 36.000000
tx 81 r 28.000000 c 37.000000
tx 82 r 28.000000 c 38.000000
tx 83 r 28.000000 c 39.000000
tx 84 r 29.000000 c 36.000000
tx 85 r 29.000000 c 37.000000
tx 86 r 29.000000 c 38.000000
tx 87 r 29.000000 c 39.000000
tx 88 r 30.000000 c 36.000000
tx 89 r 30.000000 c 37.000000
tx 90 r 30.000000 c 38.000000
tx 91 r 30.000000 c 39.000000
tx 92 r 31.000000 c 36.000000
tx 93 r 31.000000 c 37.000000
tx 94 r 31.000000 c 38.000000
tx 95 r 31.000000 c 39.000000
tx 192 r 24.000000 c 36.000000
tx 193 r 24.000000 c 37.000000
tx 194 r 24.000000 c 38.000000
tx 195 r 24.000000 c 39.000000
tx 196 r 25.000000 c 36.000000
tx 197 r 25.000000 c 37.000000
tx 198 r 25.000000 c 38.000000
tx 199 r 25.000000 c 39.000000
tx 200 r 26.000000 c 36.000000
tx 201 r 26.000000 c 37.000000
tx 202 r 26.000000 c 38.000000
tx 203 r 26.000000 c 39.000000
tx 204 r 27.000000 c 36.000000
tx 205 r 27.000000 c 37.000000
tx 206 r 27.000000 c 38.000000
tx 207 r 27.000000 c 39.000000
tx 208 r 28.000000 c 36.000000
tx 209 r 28.000000 c 37.000000
tx 210 r 28.000000 c 38.000000
tx 211 r 28.000000 c 39.000000
tx 212 r 29.000000 c 36.000000
tx 213 r 29.000000 c 37.000000
tx 214 r 29.000000 c 38.000000
tx 215 r 29.000000 c 39.000000
tx 216 r 30.000000 c 36.000000
tx 217 r 30.000000 c 37.000000
tx 218 r 30.000000 c 38.000000
tx 219 r 30.000000 c 39.000000
tx 220 r 31.000000 c 36.000000
tx 221 r 31.000000 c 37.000000
tx 222 r 31.000000 c 38.000000
tx 223 r 31.000000 c 39.000000
tx 224 r 56.000000 c 36.000000
tx 225 r 56.000000 c 37.000000
tx 226 r 56.000000 c 38.000000
tx 227 r 56.000000 c 39.000000
tx 228 r 57.000000 c 36.000000
tx 229 r 57.000000 c 37.000000
tx 230 r 57.000000 c 38.000000
tx 231 r 57.000000 c 39.000000
tx 232 r 58.000000 c 36.000000
tx 233 r 58.000000 c 37.000000
tx 234 r 58.000000 c 38.000000
tx 235 r 58.000000 c 39.000000
tx 236 r 59.000000 c 36.000000
tx 237 r 59.000000 c 37.000000
tx 238 r 59.000000 c 38.000000
tx 239 r 59.000000 c 39.000000
tx 240 r 60.000000 c 36.000000
tx 241 r 60.000000 c 37.000000
tx 242 r 60.000000 c 38.000000
tx 243 r 60.000000 c 39.000000
tx 244 r 61.000000 c 36.000000
tx 245 r 61.000000 c 37.000000
tx 246 r 61.000000 c 38.000000
tx 247 r 61.000000 c 39.000000
tx 248 r 62.000000 c 36.000000
tx 249 r 62.000000 c 37.000000
tx 250 r 62.000000 c 38.000000
tx 251 r 62.000000 c 39.000000
tx 252 r 63.000000 c 36.000000
tx 253 r 63.000000 c 37.000000
tx 254 r 63.000000 c 38.000000
tx 255 r 63.000000 c 39.000000
tx 96 r 56.000000 c 36.000000
tx 97 r 56.000000 c 37.000000
tx 98 r 56.000000 c 38.000000
tx 99 r 56.000000 c 39.000000
tx 100 r 57.000000 c 36.000000
tx 101 r 57.000000 c 37.000000
tx 102 r 57.000000 c 38.000000
tx 103 r 57.000000 c 39.000000
tx 104 r 58.000000 c 36.000000
tx 105 r 58.000000 c 37.000000
tx 106 r 58.000000 c 38.000000
tx 107 r 58.000000 c 39.000000
tx 108 r 59.000000 c 36.000000
tx 109 r 59.000000 c 37.000000
tx 110 r 59.000000 c 38.000000
tx 111 r 59.000000 c 39.000000
tx 112 r 60.000000 c 36.000000
tx 113 r 60.000000 c 37.000000
tx 114 r 60.000000 c 38.000000
tx 115 r 60.000000 c 39.000000
tx 116 r 61.000000 c 36.000000
tx 117 r 61.000000 c 37.000000
tx 118 r 61.000000 c 38.000000
tx 119 r 61.000000 c 39.000000
tx 120 r 62.000000 c 36.000000
tx 121 r 62.000000 c 37.000000
tx 122 r 62.000000 c 38.000000
tx 123 r 62.000000 c 39.000000
tx 124 r 63.000000 c 36.000000
tx 125 r 63.000000 c 37.000000
tx 126 r 63.000000 c 38.000000
tx 127 r 63.000000 c 39.000000
tx 128 r 24.000000 c 36.000000
tx 129 r 24.000000 c 37.000000
tx 130 r 24.000000 c 38.000000
tx 131 r 24.000000 c 39.000000
tx 132 r 25.000000 c 36.000000
tx 133 r 25.000000 c 37.000000
tx 134 r 25.000000 c 38.000000
tx 135 r 25.000000 c 39.000000
tx 136 r 26.000000 c 36.000000
tx 137 r 26.000000 c 37.000000
tx 138 r 26.000000 c 38.000000
tx 139 r 26.000000 c 39.000000
tx 140 r 27.000000 c 36.000000
tx 141 r 27.000000 c 37.000000
tx 142 r 27.000000 c 38.000000
tx 143 r 27.000000 c 39.000000
tx 144 r 28.000000 c 36.000000
tx 145 r 28.000000 c 37.000000
tx 146 r 28.000000 c 38.000000
tx 147 r 28.000000 c 39.000000
tx 148 r 29.000000 c 36.000000
tx 149 r 29.000000 c 37.000000
tx 150 r 29.000000 c 38.000000
tx 151 r 29.000000 c 39.000000
tx 152 r 30.000000 c 36.000000
tx 153 r 30.000000 c 37.000000
tx 154 r 30.000000 c 38.000000
tx 155 r 30.000000 c 39.000000
tx 156 r 31.000000 c 36.000000
tx 157 r 31.000000 c 37.000000
tx 158 r 31.000000 c 38.000000
tx 159 r 31.000000 c 39.000000
tx 160 r 32.000000 c 36.000000
tx 161 r 32.000000 c 37.000000
tx 162 r 32.000000 c 38.000000
tx 163 r 32.000000 c 39.000000
tx 164 r 33.000000 c 36.000000
tx 165 r 33.000000 c 37.000000
tx 166 r 33.000000 c 38.000000
tx 167 r 33.000000 c 39.000000
tx 168 r 34.000000 c 36.000000
tx 169 r 34.000000 c 37.000000
tx 170 r 34.000000 c 38.000000
tx 171 r 34.000000 c 39.000000
tx 172 r 35.000000 c 36.000000
tx 173 r 35.000000 c 37.000000
tx 174 r 35.000000 c 38.000000
tx 175 r 35.000000 c 39.000000
tx 176 r 36.000000 c 36.000000
tx 177 r 36.000000 c 37.000000
tx 178 r 36.000000 c 38.000000
tx 179 r 36.000000 c 39.000000
tx 180 r 37.000000 c 36.000000
tx 181 r 37.000000 c 37.000000
tx 182 r 37.000000 c 38.000000
tx 183 r 37.000000 c 39.000000
tx 184 r 38.000000 c 36.000000
tx 185 r 38.000000 c 37.000000
tx 186 r 38.000000 c 38.000000
tx 187 r 38.000000 c 39.000000
tx 188 r 39.000000 c 36.000000
tx 189 r 39.000000 c 37.000000
tx 190 r 39.000000 c 38.000000
tx 191 r 39.000000 c 39.000000
tx 32 r 32.000000 c 36.000000
tx 33 r 32.000000 c 37.000000
tx 34 r 32.000000 c 38.000000
tx 35 r 32.000000 c 39.000000
tx 36 r 33.000000 c 36.000000
tx 37 r 33.000000 c 37.000000
tx 38 r 33.000000 c 38.000000
tx 39 r 33.000000 c 39.000000
tx 40 r 34.000000 c 36.000000
tx 41 r 34.000000 c 37.000000
tx 42 r 34.000000 c 38.000000
tx 43 r 34.000000 c 39.000000
tx 44 r 35.000000 c 36.000000
tx 45 r 35.000000 c 37.000000
tx 46 r 35.000000 c 38.000000
tx 47 r 35.000000 c 39.000000
tx 48 r 36.000000 c 36.000000
tx 49 r 36.000000 c 37.000000
tx 50 r 36.000000 c 38.000000
tx 51 r 36.000000 c 39.000000
tx 52 r 37.000000 c 36.000000
tx 53 r 37.000000 c 37.000000
tx 54 r 37.000000 c 38.000000
tx 55 r 37.000000 c 39.000000
tx 56 r 38.000000 c 36.000000
tx 57 r 38.000000 c 37.000000
tx 58 r 38.000000 c 38.000000
tx 59 r 38.000000 c 39.000000
tx 60 r 39.000000 c 36.000000
tx 61 r 39.000000 c 37.000000
tx 62 r 39.000000 c 38.000000
tx 63 r 39.000000 c 39.000000
tx 224 r 32.000000 c 36.000000
tx 225 r 32.000000 c 37.000000
tx 226 r 32.000000 c 38.000000
tx 227 r 32.000000 c 39.000000
tx 228 r 33.000000 c 36.000000
tx 229 r 33.000000 c 37.000000
tx 230 r 33.000000 c 38.000000
tx 231 r 33.000000 c 39.000000
tx 232 r 34.000000 c 36.000000
tx 233 r 34.000000 c 37.000000
tx 234 r 34.000000 c 38.000000
tx 235 r 34.000000 c 39.000000
tx 236 r 35.000000 c 36.000000
tx 237 r 35.000000 c 37.000000
tx 238 r 35.000000 c 38.000000
tx 239 r 35.000000 c 39.000000
tx 240 r 36.000000 c 36.000000
tx 241 r 36.000000 c 37.000000
tx 242 r 36.000000 c 38.000000
tx 243 r 36.000000 c 39.000000
tx 244 r 37.000000 c 36.000000
tx 245 r 37.000000 c 37.000000
tx 246 r 37.000000 c 38.000000
tx 247 r 37.000000 c 39.000000
tx 248 r 38.000000 c 36.000000
tx 249 r 38.000000 c 37.000000
tx 250 r 38.000000 c 38.000000
tx 251 r 38.000000 c 39.000000
tx 252 r 39.000000 c 36.000000
tx 253 r 39.000000 c 37.000000
tx 254 r 39.000000 c 38.000000
tx 255 r 39.000000 c 39.000000
tx 0 r 0.000000 c 36.000000
tx 1 r 0.000000 c 37.000000
tx 2 r 0.000000 c 38.000000
tx 3 r 0.000000 c 39.000000
tx 4 r 1.000000 c 36.000000
tx 5 r 1.000000 c 37.000000
tx 6 r 1.000000 c 38.000000
tx 7 r 1.000000 c 39.000000
tx 8 r 2.000000 c 36.000000
tx 9 r 2.000000 c 37.000000
tx 10 r 2.000000 c 38.000000
tx 11 r 2.000000 c 39.000000
tx 12 r 3.000000 c 36.000000
tx 13 r 3.000000 c 37.000000
tx 14 r 3.000000 c 38.000000
tx 15 r 3.000000 c 39.000000
tx 16 r 4.000000 c 36.000000
tx 17 r 4.000000 c 37.000000
tx 18 r 4.000000 c 38.000000
tx 19 r 4.000000 c 39.000000
tx 20 r 5.000000 c 36.000000
tx 21 r 5.000000 c 37.000000
tx 22 r 5.000000 c 38.000000
tx 23 r 5.000000 c 39.000000
tx 24 r 6.000000 c 36.000000
tx 25 r 6.000000 c 37.000000
tx 26 r 6.000000 c 38.000000
tx 27 r 6.000000 c 39.000000
tx 28 r 7.000000 c 36.000000
tx 29 r 7.000000 c 37.000000
tx 30 r 7.000000 c 38.000000
tx 31 r 7.000000 c 39.000000
tx 64 r 0.000000 c 36.000000
tx 65 r 0.000000 c 37.000000
tx 66 r 0.000000 c 38.000000
tx 67 r 0.000000 c 39.000000
tx 68 r 1.000000 c 36.000000
tx 69 r 1.000000 c 37.000000
tx 70 r 1.000000 c 38.000000
tx 71 r 1.000000 c 39.000000
tx 72 r 2.000000 c 36.000000
tx 73 r 2.000000 c 37.000000
tx 74 r 2.000000 c 38.000000
tx 75 r 2.000000 c 39.000000
tx 76 r 3.000000 c 36.000000
tx 77 r 3.000000 c 37.000000
tx 78 r 3.000000 c 38.000000
tx 79 r 3.000000 c 39.000000
tx 80 r 4.000000 c 36.000000
tx 81 r 4.000000 c 37.000000
tx 82 r 4.000000 c 38.000000
tx 83 r 4.000000 c 39.000000
tx 84 r 5.000000 c 36.000000
tx 85 r 5.000000 c 37.000000
tx 86 r 5.000000 c 38.000000
tx 87 r 5.000000 c 39.000000
tx 88 r 6.000000 c 36.000000
tx 89 r 6.000000 c 37.000000
tx 90 r 6.000000 c 38.000000
tx 91 r 6.000000 c 39.000000
tx 92 r 7.000000 c 36.000000
tx 93 r 7.000000 c 37.000000
tx 94 r 7.000000 c 38.000000
tx 95 r 7.000000 c 39.000000
tx 192 r 0.000000 c 36.000000
tx 193 r 0.000000 c 37.000000
tx 194 r 0.000000 c 38.000000
tx 195 r 0.000000 c 39.000000
tx 196 r 1.000000 c 36.000000
tx 197 r 1.000000 c 37.000000
tx 198 r 1.000000 c 38.000000
tx 199 r 1.000000 c 39.000000
tx 200 r 2.000000 c 36.000000
tx 201 r 2.000000 c 37.000000
tx 202 r 2.000000 c 38.000000
tx 203 r 2.000000 c 39.000000
tx 204 r 3.000000 c 36.000000
tx 205 r 3.000000 c 37.000000
tx 206 r 3.000000 c 38.000000
tx 207 r 3.000000 c 39.000000
tx 208 r 4.000000 c 36.000000
tx 209 r 4.000000 c 37.000000
tx 210 r 4.000000 c 38.000000
tx 211 r 4.000000 c 39.000000
tx 212 r 5.000000 c 36.000000
tx 213 r 5.000000 c 37.000000
tx 214 r 5.000000 c 38.000000
tx 215 r 5.000000 c 39.000000
tx 216 r 6.000000 c 36.000000
tx 217 r 6.000000 c 37.000000
tx 218 r 6.000000 c 38.000000
tx 219 r 6.000000 c 39.000000
tx 220 r 7.000000 c 36.000000
tx 221 r 7.000000 c 37.000000
tx 222 r 7.000000 c 38.000000
tx 223 r 7.000000 c 39.000000
tx 128 r 0.000000 c 36.000000
tx 129 r 0.000000 c 37.000000
tx 130 r 0.000000 c 38.000000
tx 131 r 0.000000 c 39.000000
tx 132 r 1.000000 c 36.000000
tx 133 r 1.000000 c 37.000000
tx 134 r 1.000000 c 38.000000
tx 135 r 1.000000 c 39.000000
tx 136 r 2.000000 c 36.000000
tx 137 r 2.000000 c 37.000000
tx 138 r 2.000000 c 38.000000
tx 139 r 2.000000 c 39.000000
tx 140 r 3.000000 c 36.000000
tx 141 r 3.000000 c 37.000000
tx 142 r 3.000000 c 38.000000
tx 143 r 3.000000 c 39.000000
tx 144 r 4.000000 c 36.000000
tx 145 r 4.000000 c 37.000000
tx 146 r 4.000000 c 38.000000
tx 147 r 4.000000 c 39.000000
tx 148 r 5.000000 c 36.000000
tx 149 r 5.000000 c 37.000000
tx 150 r 5.000000 c 38.000000
tx 151 r 5.000000 c 39.000000
tx 152 r 6.000000 c 36.000000
tx 153 r 6.000000 c 37.000000
tx 154 r 6.000000 c 38.000000
tx 155 r 6.000000 c 39.000000
tx 156 r 7.000000 c 36.000000
tx 157 r 7.000000 c 37.000000
tx 158 r 7.000000 c 38.000000
tx 159 r 7.000000 c 39.000000
tx 96 r 32.000000 c 36.000000
tx 97 r 32.000000 c 37.000000
tx 98 r 32.000000 c 38.000000
tx 99 r 32.000000 c 39.000000
tx 100 r 33.000000 c 36.000000
tx 101 r 33.000000 c 37.000000
tx 102 r 33.000000 c 38.000000
tx 103 r 33.000000 c 39.000000
tx 104 r 34.000000 c 36.000000
tx 105 r 34.000000 c 37.000000
tx 106 r 34.000000 c 38.000000
tx 107 r 34.000000 c 39.000000
tx 108 r 35.000000 c 36.000000
tx 109 r 35.000000 c 37.000000
tx 110 r 35.000000 c 38.000000
tx 111 r 35.000000 c 39.000000
tx 112 r 36.000000 c 36.000000
tx 113 r 36.000000 c 37.000000
tx 114 r 36.000000 c 38.000000
tx 115 r 36.000000 c 39.000000
tx 116 r 37.000000 c 36.000000
tx 117 r 37.000000 c 37.000000
tx 118 r 37.000000 c 38.000000
tx 119 r 37.000000 c 39.000000
tx 120 r 38.000000 c 36.000000
tx 121 r 38.000000 c 37.000000
tx 122 r 38.000000 c 38.000000
tx 123 r 38.000000 c 39.000000
tx 124 r 39.000000 c 36.000000
tx 125 r 39.000000 c 37.000000
tx 126 r 39.000000 c 38.000000
tx 127 r 39.000000 c 39.000000
tx 32 r 40.000000 c 36.000000
tx 33 r 40.000000 c 37.000000
tx 34 r 40.000000 c 38.000000
tx 35 r 40.000000 c 39.000000
tx 36 r 41.000000 c 36.000000
tx 37 r 41.000000 c 37.000000
tx 38 r 41.000000 c 38.000000
tx 39 r 41.000000 c 39.000000
tx 40 r 42.000000 c 36.000000
tx 41 r 42.000000 c 37.000000
tx 42 r 42.000000 c 38.000000
tx 43 r 42.000000 c 39.000000
tx 44 r 43.000000 c 36.000000
tx 45 r 43.000000 c 37.000000
tx 46 r 43.000000 c 38.000000
tx 47 r 43.000000 c 39.000000
tx 48 r 44.000000 c 36.000000
tx 49 r 44.000000 c 37.000000
tx 50 r 44.000000 c 38.000000
tx 51 r 44.000000 c 39.000000
tx 52 r 45.000000 c 36.000000
tx 53 r 45.000000 c 37.000000
tx 54 r 45.000000 c 38.000000
tx 55 r 45.000000 c 39.000000
tx 56 r 46.000000 c 36.000000
tx 57 r 46.000000 c 37.000000
tx 58 r 46.000000 c 38.000000
tx 59 r 46.000000 c 39.000000
tx 60 r 47.000000 c 36.000000
tx 61 r 47.000000 c 37.000000
tx 62 r 47.000000 c 38.000000
tx 63 r 47.000000 c 39.000000
tx 64 r 8.000000 c 36.000000
tx 65 r 8.000000 c 37.000000
tx 66 r 8.000000 c 38.000000
tx 67 r 8.000000 c 39.000000
tx 68 r 9.000000 c 36.000000
tx 69 r 9.000000 c 37.000000
tx 70 r 9.000000 c 38.000000
tx 71 r 9.000000 c 39.000000
tx 72 r 10.000000 c 36.000000
tx 73 r 10.000000 c 37.000000
tx 74 r 10.000000 c 38.000000
tx 75 r 10.000000 c 39.000000
tx 76 r 11.000000 c 36.000000
tx 77 r 11.000000 c 37.000000
tx 78 r 11.000000 c 38.000000
tx 79 r 11.000000 c 39.000000
tx 80 r 12.000000 c 36.000000
tx 81 r 12.000000 c 37.000000
tx 82 r 12.000000 c 38.000000
tx 83 r 12.000000 c 39.000000
tx 84 r 13.000000 c 36.000000
tx 85 r 13.000000 c 37.000000
tx 86 r 13.000000 c 38.000000
tx 87 r 13.000000 c 39.000000
tx 88 r 14.000000 c 36.000000
tx 89 r 14.000000 c 37.000000
tx 90 r 14.000000 c 38.000000
tx 91 r 14.000000 c 39.000000
tx 92 r 15.000000 c 36.000000
tx 93 r 15.000000 c 37.000000
tx 94 r 15.000000 c 38.000000
tx 95 r 15.000000 c 39.000000
tx 0 r 8.000000 c 36.000000
tx 1 r 8.000000 c 37.000000
tx 2 r 8.000000 c 38.000000
tx 3 r 8.000000 c 39.000000
tx 4 r 9.000000 c 36.000000
tx 5 r 9.000000 c 37.000000
tx 6 r 9.000000 c 38.000000
tx 7 r 9.000000 c 39.000000
tx 8 r 10.000000 c 36.000000
tx 9 r 10.000000 c 37.000000
tx 10 r 10.000000 c 38.000000
tx 11 r 10.000000 c 39.000000
tx 12 r 11.000000 c 36.000000
tx 13 r 11.000000 c 37.000000
tx 14 r 11.000000 c 38.000000
tx 15 r 11.000000 c 39.000000
tx 16 r 12.000000 c 36.000000
tx 17 r 12.000000 c 37.000000
tx 18 r 12.000000 c 38.000000
tx 19 r 12.000000 c 39.000000
tx 20 r 13.000000 c 36.000000
tx 21 r 13.000000 c 37.000000
tx 22 r 13.000000 c 38.000000
tx 23 r 13.000000 c 39.000000
tx 24 r 14.000000 c 36.000000
tx 25 r 14.000000 c 37.000000
tx 26 r 14.000000 c 38.000000
tx 27 r 14.000000 c 39.000000
tx 28 r 15.000000 c 36.000000
tx 29 r 15.000000 c 37.000000
tx 30 r 15.000000 c 38.000000
tx 31 r 15.000000 c 39.000000
tx 160 r 40.000000 c 36.000000
tx 161 r 40.000000 c 37.000000
tx 162 r 40.000000 c 38.000000
tx 163 r 40.000000 c 39.000000
tx 164 r 41.000000 c 36.000000
tx 165 r 41.000000 c 37.000000
tx 166 r 41.000000 c 38.000000
tx 167 r 41.000000 c 39.000000
tx 168 r 42.000000 c 36.000000
tx 169 r 42.000000 c 37.000000
tx 170 r 42.000000 c 38.000000
tx 171 r 42.000000 c 39.000000
tx 172 r 43.000000 c 36.000000
tx 173 r 43.000000 c 37.000000
tx 174 r 43.000000 c 38.000000
tx 175 r 43.000000 c 39.000000
tx 176 r 44.000000 c 36.000000
tx 177 r 44.000000 c 37.000000
tx 178 r 44.000000 c 38.000000
tx 179 r 44.000000 c 39.000000
tx 180 r 45.000000 c 36.000000
tx 181 r 45.000000 c 37.000000
tx 182 r 45.000000 c 38.000000
tx 183 r 45.000000 c 39.000000
tx 184 r 46.000000 c 36.000000
tx 185 r 46.000000 c 37.000000
tx 186 r 46.000000 c 38.000000
tx 187 r 46.000000 c 39.000000
tx 188 r 47.000000 c 36.000000
tx 189 r 47.000000 c 37.000000
tx 190 r 47.000000 c 38.000000
tx 191 r 47.000000 c 39.000000
tx 96 r 40.000000 c 36.000000
tx 97 r 40.000000 c 37.000000
tx 98 r 40.000000 c 38.000000
tx 99 r 40.000000 c 39.000000
tx 100 r 41.000000 c 36.000000
tx 101 r 41.000000 c 37.000000
tx 102 r 41.000000 c 38.000000
tx 103 r 41.000000 c 39.000000
tx 104 r 42.000000 c 36.000000
tx 105 r 42.000000 c 37.000000
tx 106 r 42.000000 c 38.000000
tx 107 r 42.000000 c 39.000000
tx 108 r 43.000000 c 36.000000
tx 109 r 43.000000 c 37.000000
tx 110 r 43.000000 c 38.000000
tx 111 r 43.000000 c 39.000000
tx 112 r 44.000000 c 36.000000
tx 113 r 44.000000 c 37.000000
tx 114 r 44.000000 c 38.000000
tx 115 r 44.000000 c 39.000000
tx 116 r 45.000000 c 36.000000
tx 117 r 45.000000 c 37.000000
tx 118 r 45.000000 c 38.000000
tx 119 r 45.000000 c 39.000000
tx 120 r 46.000000 c 36.000000
tx 121 r 46.000000 c 37.000000
tx 122 r 46.000000 c 38.000000
tx 123 r 46.000000 c 39.000000
tx 124 r 47.000000 c 36.000000
tx 125 r 47.000000 c 37.000000
tx 126 r 47.000000 c 38.000000
tx 127 r 47.000000 c 39.000000
tx 192 r 8.000000 c 36.000000
tx 193 r 8.000000 c 37.000000
tx 194 r 8.000000 c 38.000000
tx 195 r 8.000000 c 39.000000
tx 196 r 9.000000 c 36.000000
tx 197 r 9.000000 c 37.000000
tx 198 r 9.000000 c 38.000000
tx 199 r 9.000000 c 39.000000
tx 200 r 10.000000 c 36.000000
tx 201 r 10.000000 c 37.000000
tx 202 r 10.000000 c 38.000000
tx 203 r 10.000000 c 39.000000
tx 204 r 11.000000 c 36.000000
tx 205 r 11.000000 c 37.000000
tx 206 r 11.000000 c 38.000000
tx 207 r 11.000000 c 39.000000
tx 208 r 12.000000 c 36.000000
tx 209 r 12.000000 c 37.000000
tx 210 r 12.000000 c 38.000000
tx 211 r 12.000000 c 39.000000
tx 212 r 13.000000 c 36.000000
tx 213 r 13.000000 c 37.000000
tx 214 r 13.000000 c 38.000000
tx 215 r 13.000000 c 39.000000
tx 216 r 14.000000 c 36.000000
tx 217 r 14.000000 c 37.000000
tx 218 r 14.000000 c 38.000000
tx 219 r 14.000000 c 39.000000
tx 220 r 15.000000 c 36.000000
tx 221 r 15.000000 c 37.000000
tx 222 r 15.000000 c 38.000000
tx 223 r 15.000000 c 39.000000
tx 224 r 40.000000 c 36.000000
tx 225 r 40.000000 c 37.000000
tx 226 r 40.000000 c 38.000000
tx 227 r 40.000000 c 39.000000
tx 228 r 41.000000 c 36.000000
tx 229 r 41.000000 c 37.000000
tx 230 r 41.000000 c 38.000000
tx 231 r 41.000000 c 39.000000
tx 232 r 42.000000 c 36.000000
tx 233 r 42.000000 c 37.000000
tx 234 r 42.000000 c 38.000000
tx 235 r 42.000000 c 39.000000
tx 236 r 43.000000 c 36.000000
tx 237 r 43.000000 c 37.000000
tx 238 r 43.000000 c 38.000000
tx 239 r 43.000000 c 39.000000
tx 240 r 44.000000 c 36.000000
tx 241 r 44.000000 c 37.000000
tx 242 r 44.000000 c 38.000000
tx 243 r 44.000000 c 39.000000
tx 244 r 45.000000 c 36.000000
tx 245 r 45.000000 c 37.000000
tx 246 r 45.000000 c 38.000000
tx 247 r 45.000000 c 39.000000
tx 248 r 46.000000 c 36.000000
tx 249 r 46.000000 c 37.000000
tx 250 r 46.000000 c 38.000000
tx 251 r 46.000000 c 39.000000
tx 252 r 47.000000 c 36.000000
tx 253 r 47.000000 c 37.000000
tx 254 r 47.000000 c 38.000000
tx 255 r 47.000000 c 39.000000
tx 128 r 8.000000 c 36.000000
tx 129 r 8.000000 c 37.000000
tx 130 r 8.000000 c 38.000000
tx 131 r 8.000000 c 39.000000
tx 132 r 9.000000 c 36.000000
tx 133 r 9.000000 c 37.000000
tx 134 r 9.000000 c 38.000000
tx 135 r 9.000000 c 39.000000
tx 136 r 10.000000 c 36.000000
tx 137 r 10.000000 c 37.000000
tx 138 r 10.000000 c 38.000000
tx 139 r 10.000000 c 39.000000
tx 140 r 11.000000 c 36.000000
tx 141 r 11.000000 c 37.000000
tx 142 r 11.000000 c 38.000000
tx 143 r 11.000000 c 39.000000
tx 144 r 12.000000 c 36.000000
tx 145 r 12.000000 c 37.000000
tx 146 r 12.000000 c 38.000000
tx 147 r 12.000000 c 39.000000
tx 148 r 13.000000 c 36.000000
tx 149 r 13.000000 c 37.000000
tx 150 r 13.000000 c 38.000000
tx 151 r 13.000000 c 39.000000
tx 152 r 14.000000 c 36.000000
tx 153 r 14.000000 c 37.000000
tx 154 r 14.000000 c 38.000000
tx 155 r 14.000000 c 39.000000
tx 156 r 15.000000 c 36.000000
tx 157 r 15.000000 c 37.000000
tx 158 r 15.000000 c 38.000000
tx 159 r 15.000000 c 39.000000
tx 32 r 48.000000 c 36.000000
tx 33 r 48.000000 c 37.000000
tx 34 r 48.000000 c 38.000000
tx 35 r 48.000000 c 39.000000
tx 36 r 49.000000 c 36.000000
tx 37 r 49.000000 c 37.000000
tx 38 r 49.000000 c 38.000000
tx 39 r 49.000000 c 39.000000
tx 40 r 50.000000 c 36.000000
tx 41 r 50.000000 c 37.000000
tx 42 r 50.000000 c 38.000000
tx 43 r 50.000000 c 39.000000
tx 44 r 51.000000 c 36.000000
tx 45 r 51.000000 c 37.000000
tx 46 r 51.000000 c 38.000000
tx 47 r 51.000000 c 39.000000
tx 48 r 52.000000 c 36.000000
tx 49 r 52.000000 c 37.000000
tx 50 r 52.000000 c 38.000000
tx 51 r 52.000000 c 39.000000
tx 52 r 53.000000 c 36.000000
tx 53 r 53.000000 c 37.000000
tx 54 r 53.000000 c 38.000000
tx 55 r 53.000000 c 39.000000
tx 56 r 54.000000 c 36.000000
tx 57 r 54.000000 c 37.000000
tx 58 r 54.000000 c 38.000000
tx 59 r 54.000000 c 39.000000
tx 60 r 55.000000 c 36.000000
tx 61 r 55.000000 c 37.000000
tx 62 r 55.000000 c 38.000000
tx 63 r 55.000000 c 39.000000
tx 96 r 48.000000 c 36.000000
tx 97 r 48.000000 c 37.000000
tx 98 r 48.000000 c 38.000000
tx 99 r 48.000000 c 39.000000
tx 100 r 49.000000 c 36.000000
tx 101 r 49.000000 c 37.000000
tx 102 r 49.000000 c 38.000000
tx 103 r 49.000000 c 39.000000
tx 104 r 50.000000 c 36.000000
tx 105 r 50.000000 c 37.000000
tx 106 r 50.000000 c 38.000000
tx 107 r 50.000000 c 39.000000
tx 108 r 51.000000 c 36.000000
tx 109 r 51.000000 c 37.000000
tx 110 r 51.000000 c 38.000000
tx 111 r 51.000000 c 39.000000
tx 112 r 52.000000 c 36.000000
tx 113 r 52.000000 c 37.000000
tx 114 r 52.000000 c 38.000000
tx 115 r 52.000000 c 39.000000
tx 116 r 53.000000 c 36.000000
tx 117 r 53.000000 c 37.000000
tx 118 r 53.000000 c 38.000000
tx 119 r 53.000000 c 39.000000
tx 120 r 54.000000 c 36.000000
tx 121 r 54.000000 c 37.000000
tx 122 r 54.000000 c 38.000000
tx 123 r 54.000000 c 39.000000
tx 124 r 55.000000 c 36.000000
tx 125 r 55.000000 c 37.000000
tx 126 r 55.000000 c 38.000000
tx 127 r 55.000000 c 39.000000
tx 160 r 48.000000 c 36.000000
tx 161 r 48.000000 c 37.000000
tx 162 r 48.000000 c 38.000000
tx 163 r 48.000000 c 39.000000
tx 164 r 49.000000 c 36.000000
tx 165 r 49.000000 c 37.000000
tx 166 r 49.000000 c 38.000000
tx 167 r 49.000000 c 39.000000
tx 168 r 50.000000 c 36.000000
tx 169 r 50.000000 c 37.000000
tx 170 r 50.000000 c 38.000000
tx 171 r 50.000000 c 39.000000
tx 172 r 51.000000 c 36.000000
tx 173 r 51.000000 c 37.000000
tx 174 r 51.000000 c 38.000000
tx 175 r 51.000000 c 39.000000
tx 176 r 52.000000 c 36.000000
tx 177 r 52.000000 c 37.000000
tx 178 r 52.000000 c 38.000000
tx 179 r 52.000000 c 39.000000
tx 180 r 53.000000 c 36.000000
tx 181 r 53.000000 c 37.000000
tx 182 r 53.000000 c 38.000000
tx 183 r 53.000000 c 39.000000
tx 184 r 54.000000 c 36.000000
tx 185 r 54.000000 c 37.000000
tx 186 r 54.000000 c 38.000000
tx 187 r 54.000000 c 39.000000
tx 188 r 55.000000 c 36.000000
tx 189 r 55.000000 c 37.000000
tx 190 r 55.000000 c 38.000000
tx 191 r 55.000000 c 39.000000
tx 128 r 16.000000 c 36.000000
tx 129 r 16.000000 c 37.000000
tx 130 r 16.000000 c 38.000000
tx 131 r 16.000000 c 39.000000
tx 132 r 17.000000 c 36.000000
tx 133 r 17.000000 c 37.000000
tx 134 r 17.000000 c 38.000000
tx 135 r 17.000000 c 39.000000
tx 136 r 18.000000 c 36.000000
tx 137 r 18.000000 c 37.000000
tx 138 r 18.000000 c 38.000000
tx 139 r 18.000000 c 39.000000
tx 140 r 19.000000 c 36.000000
tx 141 r 19.000000 c 37.000000
tx 142 r 19.000000 c 38.000000
tx 143 r 19.000000 c 39.000000
tx 144 r 20.000000 c 36.000000
tx 145 r 20.000000 c 37.000000
tx 146 r 20.000000 c 38.000000
tx 147 r 20.000000 c 39.000000
tx 148 r 21.000000 c 36.000000
tx 149 r 21.000000 c 37.000000
tx 150 r 21.000000 c 38.000000
tx 151 r 21.000000 c 39.000000
tx 152 r 22.000000 c 36.000000
tx 153 r 22.000000 c 37.000000
tx 154 r 22.000000 c 38.000000
tx 155 r 22.000000 c 39.000000
tx 156 r 23.000000 c 36.000000
tx 157 r 23.000000 c 37.000000
tx 158 r 23.000000 c 38.000000
tx 159 r 23.000000 c 39.000000
tx 192 r 16.000000 c 36.000000
tx 193 r 16.000000 c 37.000000
tx 194 r 16.000000 c 38.000000
tx 195 r 16.000000 c 39.000000
tx 196 r 17.000000 c 36.000000
tx 197 r 17.000000 c 37.000000
tx 198 r 17.000000 c 38.000000
tx 199 r 17.000000 c 39.000000
tx 200 r 18.000000 c 36.000000
tx 201 r 18.000000 c 37.000000
tx 202 r 18.000000 c 38.000000
tx 203 r 18.000000 c 39.000000
tx 204 r 19.000000 c 36.000000
tx 205 r 19.000000 c 37.000000
tx 206 r 19.000000 c 38.000000
tx 207 r 19.000000 c 39.000000
tx 208 r 20.000000 c 36.000000
tx 209 r 20.000000 c 37.000000
tx 210 r 20.000000 c 38.000000
tx 211 r 20.000000 c 39.000000
tx 212 r 21.000000 c 36.000000
tx 213 r 21.000000 c 37.000000
tx 214 r 21.000000 c 38.000000
tx 215 r 21.000000 c 39.000000
tx 216 r 22.000000 c 36.000000
tx 217 r 22.000000 c 37.000000
tx 218 r 22.000000 c 38.000000
tx 219 r 22.000000 c 39.000000
tx 220 r 23.000000 c 36.000000
tx 221 r 23.000000 c 37.000000
tx 222 r 23.000000 c 38.000000
tx 223 r 23.000000 c 39.000000
tx 0 r 16.000000 c 36.000000
tx 1 r 16.000000 c 37.000000
tx 2 r 16.000000 c 38.000000
tx 3 r 16.000000 c 39.000000
tx 4 r 17.000000 c 36.000000
tx 5 r 17.000000 c 37.000000
tx 6 r 17.000000 c 38.000000
tx 7 r 17.000000 c 39.000000
tx 8 r 18.000000 c 36.000000
tx 9 r 18.000000 c 37.000000
tx 10 r 18.000000 c 38.000000
tx 11 r 18.000000 c 39.000000
tx 12 r 19.000000 c 36.000000
tx 13 r 19.000000 c 37.000000
tx 14 r 19.000000 c 38.000000
tx 15 r 19.000000 c 39.000000
tx 16 r 20.000000 c 36.000000
tx 17 r 20.000000 c 37.000000
tx 18 r 20.000000 c 38.000000
tx 19 r 20.000000 c 39.000000
tx 20 r 21.000000 c 36.000000
tx 21 r 21.000000 c 37.000000
tx 22 r 21.000000 c 38.000000
tx 23 r 21.000000 c 39.000000
tx 24 r 22.000000 c 36.000000
tx 25 r 22.000000 c 37.000000
tx 26 r 22.000000 c 38.000000
tx 27 r 22.000000 c 39.000000
tx 28 r 23.000000 c 36.000000
tx 29 r 23.000000 c 37.000000
tx 30 r 23.000000 c 38.000000
tx 31 r 23.000000 c 39.000000
tx 64 r 16.000000 c 36.000000
tx 65 r 16.000000 c 37.000000
tx 66 r 16.000000 c 38.000000
tx 67 r 16.000000 c 39.000000
tx 68 r 17.000000 c 36.000000
tx 69 r 17.000000 c 37.000000
tx 70 r 17.000000 c 38.000000
tx 71 r 17.000000 c 39.000000
tx 72 r 18.000000 c 36.000000
tx 73 r 18.000000 c 37.000000
tx 74 r 18.000000 c 38.000000
tx 75 r 18.000000 c 39.000000
tx 76 r 19.000000 c 36.000000
tx 77 r 19.000000 c 37.000000
tx 78 r 19.000000 c 38.000000
tx 79 r 19.000000 c 39.000000
tx 80 r 20.000000 c 36.000000
tx 81 r 20.000000 c 37.000000
tx 82 r 20.000000 c 38.000000
tx 83 r 20.000000 c 39.000000
tx 84 r 21.000000 c 36.000000
tx 85 r 21.000000 c 37.000000
tx 86 r 21.000000 c 38.000000
tx 87 r 21.000000 c 39.000000
tx 88 r 22.000000 c 36.000000
tx 89 r 22.000000 c 37.000000
tx 90 r 22.000000 c 38.000000
tx 91 r 22.000000 c 39.000000
tx 92 r 23.000000 c 36.000000
tx 93 r 23.000000 c 37.000000
tx 94 r 23.000000 c 38.000000
tx 95 r 23.000000 c 39.000000
tx 224 r 48.000000 c 36.000000
tx 225 r 48.000000 c 37.000000
tx 226 r 48.000000 c 38.000000
tx 227 r 48.000000 c 39.000000
tx 228 r 49.000000 c 36.000000
tx 229 r 49.000000 c 37.000000
tx 230 r 49.000000 c 38.000000
tx 231 r 49.000000 c 39.000000
tx 232 r 50.000000 c 36.000000
tx 233 r 50.000000 c 37.000000
tx 234 r 50.000000 c 38.000000
tx 235 r 50.000000 c 39.000000
tx 236 r 51.000000 c 36.000000
tx 237 r 51.000000 c 37.000000
tx 238 r 51.000000 c 38.000000
tx 239 r 51.000000 c 39.000000
tx 240 r 52.000000 c 36.000000
tx 241 r 52.000000 c 37.000000
tx 242 r 52.000000 c 38.000000
tx 243 r 52.000000 c 39.000000
tx 244 r 53.000000 c 36.000000
tx 245 r 53.000000 c 37.000000
tx 246 r 53.000000 c 38.000000
tx 247 r 53.000000 c 39.000000
tx 248 r 54.000000 c 36.000000
tx 249 r 54.000000 c 37.000000
tx 250 r 54.000000 c 38.000000
tx 251 r 54.000000 c 39.000000
tx 252 r 55.000000 c 36.000000
tx 253 r 55.000000 c 37.000000
tx 254 r 55.000000 c 38.000000
tx 255 r 55.000000 c 39.000000
tx 32 r 56.000000 c 36.000000
tx 33 r 56.000000 c 37.000000
tx 34 r 56.000000 c 38.000000
tx 35 r 56.000000 c 39.000000
tx 36 r 57.000000 c 36.000000
tx 37 r 57.000000 c 37.000000
tx 38 r 57.000000 c 38.000000
tx 39 r 57.000000 c 39.000000
tx 40 r 58.000000 c 36.000000
tx 41 r 58.000000 c 37.000000
tx 42 r 58.000000 c 38.000000
tx 43 r 58.000000 c 39.000000
tx 44 r 59.000000 c 36.000000
tx 45 r 59.000000 c 37.000000
tx 46 r 59.000000 c 38.000000
tx 47 r 59.000000 c 39.000000
tx 48 r 60.000000 c 36.000000
tx 49 r 60.000000 c 37.000000
tx 50 r 60.000000 c 38.000000
tx 51 r 60.000000 c 39.000000
tx 52 r 61.000000 c 36.000000
tx 53 r 61.000000 c 37.000000
tx 54 r 61.000000 c 38.000000
tx 55 r 61.000000 c 39.000000
tx 56 r 62.000000 c 36.000000
tx 57 r 62.000000 c 37.000000
tx 58 r 62.000000 c 38.000000
tx 59 r 62.000000 c 39.000000
tx 60 r 63.000000 c 36.000000
tx 61 r 63.000000 c 37.000000
tx 62 r 63.000000 c 38.000000
tx 63 r 63.000000 c 39.000000
tx 160 r 56.000000 c 36.000000
tx 161 r 56.000000 c 37.000000
tx 162 r 56.000000 c 38.000000
tx 163 r 56.000000 c 39.000000
tx 164 r 57.000000 c 36.000000
tx 165 r 57.000000 c 37.000000
tx 166 r 57.000000 c 38.000000
tx 167 r 57.000000 c 39.000000
tx 168 r 58.000000 c 36.000000
tx 169 r 58.000000 c 37.000000
tx 170 r 58.000000 c 38.000000
tx 171 r 58.000000 c 39.000000
tx 172 r 59.000000 c 36.000000
tx 173 r 59.000000 c 37.000000
tx 174 r 59.000000 c 38.000000
tx 175 r 59.000000 c 39.000000
tx 176 r 60.000000 c 36.000000
tx 177 r 60.000000 c 37.000000
tx 178 r 60.000000 c 38.000000
tx 179 r 60.000000 c 39.000000
tx 180 r 61.000000 c 36.000000
tx 181 r 61.000000 c 37.000000
tx 182 r 61.000000 c 38.000000
tx 183 r 61.000000 c 39.000000
tx 184 r 62.000000 c 36.000000
tx 185 r 62.000000 c 37.000000
tx 186 r 62.000000 c 38.000000
tx 187 r 62.000000 c 39.000000
tx 188 r 63.000000 c 36.000000
tx 189 r 63.000000 c 37.000000
tx 190 r 63.000000 c 38.000000
tx 191 r 63.000000 c 39.000000
tx 224 r 56.000000 c 36.000000
tx 225 r 56.000000 c 37.000000
tx 226 r 56.000000 c 38.000000
tx 227 r 56.000000 c 39.000000
tx 228 r 57.000000 c 36.000000
tx 229 r 57.000000 c 37.000000
tx 230 r 57.000000 c 38.000000
tx 231 r 57.000000 c 39.000000
tx 232 r 58.000000 c 36.000000
tx 233 r 58.000000 c 37.000000
tx 234 r 58.000000 c 38.000000
tx 235 r 58.000000 c 39.000000
tx 236 r 59.000000 c 36.000000
tx 237 r 59.000000 c 37.000000
tx 238 r 59.000000 c 38.000000
tx 239 r 59.000000 c 39.000000
tx 240 r 60.000000 c 36.000000
tx 241 r 60.000000 c 37.000000
tx 242 r 60.000000 c 38.000000
tx 243 r 60.000000 c 39.000000
tx 244 r 61.000000 c 36.000000
tx 245 r 61.000000 c 37.000000
tx 246 r 61.000000 c 38.000000
tx 247 r 61.000000 c 39.000000
tx 248 r 62.000000 c 36.000000
tx 249 r 62.000000 c 37.000000
tx 250 r 62.000000 c 38.000000
tx 251 r 62.000000 c 39.000000
tx 252 r 63.000000 c 36.000000
tx 253 r 63.000000 c 37.000000
tx 254 r 63.000000 c 38.000000
tx 255 r 63.000000 c 39.000000
tx 192 r 24.000000 c 36.000000
tx 193 r 24.000000 c 37.000000
tx 194 r 24.000000 c 38.000000
tx 195 r 24.000000 c 39.000000
tx 196 r 25.000000 c 36.000000
tx 197 r 25.000000 c 37.000000
tx 198 r 25.000000 c 38.000000
tx 199 r 25.000000 c 39.000000
tx 200 r 26.000000 c 36.000000
tx 201 r 26.000000 c 37.000000
tx 202 r 26.000000 c 38.000000
tx 203 r 26.000000 c 39.000000
tx 204 r 27.000000 c 36.000000
tx 205 r 27.000000 c 37.000000
tx 206 r 27.000000 c 38.000000
tx 207 r 27.000000 c 39.000000
tx 208 r 28.000000 c 36.000000
tx 209 r 28.000000 c 37.000000
tx 210 r 28.000000 c 38.000000
tx 211 r 28.000000 c 39.000000
tx 212 r 29.000000 c 36.000000
tx 213 r 29.000000 c 37.000000
tx 214 r 29.000000 c 38.000000
tx 215 r 29.000000 c 39.000000
tx 216 r 30.000000 c 36.000000
tx 217 r 30.000000 c 37.000000
tx 218 r 30.000000 c 38.000000
tx 219 r 30.000000 c 39.000000
tx 220 r 31.000000 c 36.000000
tx 221 r 31.000000 c 37.000000
tx 222 r 31.000000 c 38.000000
tx 223 r 31.000000 c 39.000000
tx 64 r 24.000000 c 36.000000
tx 65 r 24.000000 c 37.000000
tx 66 r 24.000000 c 38.000000
tx 67 r 24.000000 c 39.000000
tx 68 r 25.000000 c 36.000000
tx 69 r 25.000000 c 37.000000
tx 70 r 25.000000 c 38.000000
tx 71 r 25.000000 c 39.000000
tx 72 r 26.000000 c 36.000000
tx 73 r 26.000000 c 37.000000
tx 74 r 26.000000 c 38.000000
tx 75 r 26.000000 c 39.000000
tx 76 r 27.000000 c 36.000000
tx 77 r 27.000000 c 37.000000
tx 78 r 27.000000 c 38.000000
tx 79 r 27.000000 c 39.000000
tx 80 r 28.000000 c 36.000000
tx 81 r 28.000000 c 37.000000
tx 82 r 28.000000 c 38.000000
tx 83 r 28.000000 c 39.000000
tx 84 r 29.000000 c 36.000000
tx 85 r 29.000000 c 37.000000
tx 86 r 29.000000 c 38.000000
tx 87 r 29.000000 c 39.000000
tx 88 r 30.000000 c 36.000000
tx 89 r 30.000000 c 37.000000
tx 90 r 30.000000 c 38.000000
tx 91 r 30.000000 c 39.000000
tx 92 r 31.000000 c 36.000000
tx 93 r 31.000000 c 37.000000
tx 94 r 31.000000 c 38.000000
tx 95 r 31.000000 c 39.000000
tx 96 r 56.000000 c 36.000000
tx 97 r 56.000000 c 37.000000
tx 98 r 56.000000 c 38.000000
tx 99 r 56.000000 c 39.000000
tx 100 r 57.000000 c 36.000000
tx 101 r 57.000000 c 37.000000
tx 102 r 57.000000 c 38.000000
tx 103 r 57.000000 c 39.000000
tx 104 r 58.000000 c 36.000000
tx 105 r 58.000000 c 37.000000
tx 106 r 58.000000 c 38.000000
tx 107 r 58.000000 c 39.000000
tx 108 r 59.000000 c 36.000000
tx 109 r 59.000000 c 37.000000
tx 110 r 59.000000 c 38.000000
tx 111 r 59.000000 c 39.000000
tx 112 r 60.000000 c 36.000000
tx 113 r 60.000000 c 37.000000
tx 114 r 60.000000 c 38.000000
tx 115 r 60.000000 c 39.000000
tx 116 r 61.000000 c 36.000000
tx 117 r 61.000000 c 37.000000
tx 118 r 61.000000 c 38.000000
tx 119 r 61.000000 c 39.000000
tx 120 r 62.000000 c 36.000000
tx 121 r 62.000000 c 37.000000
tx 122 r 62.000000 c 38.000000
tx 123 r 62.000000 c 39.000000
tx 124 r 63.000000 c 36.000000
tx 125 r 63.000000 c 37.000000
tx 126 r 63.000000 c 38.000000
tx 127 r 63.000000 c 39.000000
tx 128 r 24.000000 c 36.000000
tx 129 r 24.000000 c 37.000000
tx 130 r 24.000000 c 38.000000
tx 131 r 24.000000 c 39.000000
tx 132 r 25.000000 c 36.000000
tx 133 r 25.000000 c 37.000000
tx 134 r 25.000000 c 38.000000
tx 135 r 25.000000 c 39.000000
tx 136 r 26.000000 c 36.000000
tx 137 r 26.000000 c 37.000000
tx 138 r 26.000000 c 38.000000
tx 139 r 26.000000 c 39.000000
tx 140 r 27.000000 c 36.000000
tx 141 r 27.000000 c 37.000000
tx 142 r 27.000000 c 38.000000
tx 143 r 27.000000 c 39.000000
tx 144 r 28.000000 c 36.000000
tx 145 r 28.000000 c 37.000000
tx 146 r 28.000000 c 38.000000
tx 147 r 28.000000 c 39.000000
tx 148 r 29.000000 c 36.000000
tx 149 r 29.000000 c 37.000000
tx 150 r 29.000000 c 38.000000
tx 151 r 29.000000 c 39.000000
tx 152 r 30.000000 c 36.000000
tx 153 r 30.000000 c 37.000000
tx 154 r 30.000000 c 38.000000
tx 155 r 30.000000 c 39.000000
tx 156 r 31.000000 c 36.000000
tx 157 r 31.000000 c 37.000000
tx 158 r 31.000000 c 38.000000
tx 159 r 31.000000 c 39.000000
tx 0 r 24.000000 c 36.000000
tx 1 r 24.000000 c 37.000000
tx 2 r 24.000000 c 38.000000
tx 3 r 24.000000 c 39.000000
tx 4 r 25.000000 c 36.000000
tx 5 r 25.000000 c 37.000000
tx 6 r 25.000000 c 38.000000
tx 7 r 25.000000 c 39.000000
tx 8 r 26.000000 c 36.000000
tx 9 r 26.000000 c 37.000000
tx 10 r 26.000000 c 38.000000
tx 11 r 26.000000 c 39.000000
tx 12 r 27.000000 c 36.000000
tx 13 r 27.000000 c 37.000000
tx 14 r 27.000000 c 38.000000
tx 15 r 27.000000 c 39.000000
tx 16 r 28.000000 c 36.000000
tx 17 r 28.000000 c 37.000000
tx 18 r 28.000000 c 38.000000
tx 19 r 28.000000 c 39.000000
tx 20 r 29.000000 c 36.000000
tx 21 r 29.000000 c 37.000000
tx 22 r 29.000000 c 38.000000
tx 23 r 29.000000 c 39.000000
tx 24 r 30.000000 c 36.000000
tx 25 r 30.000000 c 37.000000
tx 26 r 30.000000 c 38.000000
tx 27 r 30.000000 c 39.000000
tx 28 r 31.000000 c 36.000000
tx 29 r 31.000000 c 37.000000
tx 30 r 31.000000 c 38.000000
tx 31 r 31.000000 c 39.000000
tx 192 r 0.000000 c 40.000000
tx 193 r 0.000000 c 41.000000
tx 194 r 0.000000 c 42.000000
tx 195 r 0.000000 c 43.000000
tx 196 r 1.000000 c 40.000000
tx 197 r 1.000000 c 41.000000
tx 198 r 1.000000 c 42.000000
tx 199 r 1.000000 c 43.000000
tx 200 r 2.000000 c 40.000000
tx 201 r 2.000000 c 41.000000
tx 202 r 2.000000 c 42.000000
tx 203 r 2.000000 c 43.000000
tx 204 r 3.000000 c 40.000000
tx 205 r 3.000000 c 41.000000
tx 206 r 3.000000 c 42.000000
tx 207 r 3.000000 c 43.000000
tx 208 r 4.000000 c 40.000000
tx 209 r 4.000000 c 41.000000
tx 210 r 4.000000 c 42.000000
tx 211 r 4.000000 c 43.000000
tx 212 r 5.000000 c 40.000000
tx 213 r 5.000000 c 41.000000
tx 214 r 5.000000 c 42.000000
tx 215 r 5.000000 c 43.000000
tx 216 r 6.000000 c 40.000000
tx 217 r 6.000000 c 41.000000
tx 218 r 6.000000 c 42.000000
tx 219 r 6.000000 c 43.000000
tx 220 r 7.000000 c 40.000000
tx 221 r 7.000000 c 41.000000
tx 222 r 7.000000 c 42.000000
tx 223 r 7.000000 c 43.000000
tx 128 r 0.000000 c 40.000000
tx 129 r 0.000000 c 41.000000
tx 130 r 0.000000 c 42.000000
tx 131 r 0.000000 c 43.000000
tx 132 r 1.000000 c 40.000000
tx 133 r 1.000000 c 41.000000
tx 134 r 1.000000 c 42.000000
tx 135 r 1.000000 c 43.000000
tx 136 r 2.000000 c 40.000000
tx 137 r 2.000000 c 41.000000
tx 138 r 2.000000 c 42.000000
tx 139 r 2.000000 c 43.000000
tx 140 r 3.000000 c 40.000000
tx 141 r 3.000000 c 41.000000
tx 142 r 3.000000 c 42.000000
tx 143 r 3.000000 c 43.000000
tx 144 r 4.000000 c 40.000000
tx 145 r 4.000000 c 41.000000
tx 146 r 4.000000 c 42.000000
tx 147 r 4.000000 c 43.000000
tx 148 r 5.000000 c 40.000000
tx 149 r 5.000000 c 41.000000
tx 150 r 5.000000 c 42.000000
tx 151 r 5.000000 c 43.000000
tx 152 r 6.000000 c 40.000000
tx 153 r 6.000000 c 41.000000
tx 154 r 6.000000 c 42.000000
tx 155 r 6.000000 c 43.000000
tx 156 r 7.000000 c 40.000000
tx 157 r 7.000000 c 41.000000
tx 158 r 7.000000 c 42.000000
tx 159 r 7.000000 c 43.000000
tx 96 r 32.000000 c 40.000000
tx 97 r 32.000000 c 41.000000
tx 98 r 32.000000 c 42.000000
tx 99 r 32.000000 c 43.000000
tx 100 r 33.000000 c 40.000000
tx 101 r 33.000000 c 41.000000
tx 102 r 33.000000 c 42.000000
tx 103 r 33.000000 c 43.000000
tx 104 r 34.000000 c 40.000000
tx 105 r 34.000000 c 41.000000
tx 106 r 34.000000 c 42.000000
tx 107 r 34.000000 c 43.000000
tx 108 r 35.000000 c 40.000000
tx 109 r 35.000000 c 41.000000
tx 110 r 35.000000 c 42.000000
tx 111 r 35.000000 c 43.000000
tx 112 r 36.000000 c 40.000000
tx 113 r 36.000000 c 41.000000
tx 114 r 36.000000 c 42.000000
tx 115 r 36.000000 c 43.000000
tx 116 r 37.000000 c 40.000000
tx 117 r 37.000000 c 41.000000
tx 118 r 37.000000 c 42.000000
tx 119 r 37.000000 c 43.000000
tx 120 r 38.000000 c 40.000000
tx 121 r 38.000000 c 41.000000
tx 122 r 38.000000 c 42.000000
tx 123 r 38.000000 c 43.000000
tx 124 r 39.000000 c 40.000000
tx 125 r 39.000000 c 41.000000
tx 126 r 39.000000 c 42.000000
tx 127 r 39.000000 c 43.000000
tx 0 r 0.000000 c 40.000000
tx 1 r 0.000000 c 41.000000
tx 2 r 0.000000 c 42.000000
tx 3 r 0.000000 c 43.000000
tx 4 r 1.000000 c 40.000000
tx 5 r 1.000000 c 41.000000
tx 6 r 1.000000 c 42.000000
tx 7 r 1.000000 c 43.000000
tx 8 r 2.000000 c 40.000000
tx 9 r 2.000000 c 41.000000
tx 10 r 2.000000 c 42.000000
tx 11 r 2.000000 c 43.000000
tx 12 r 3.000000 c 40.000000
tx 13 r 3.000000 c 41.000000
tx 14 r 3.000000 c 42.000000
tx 15 r 3.000000 c 43.000000
tx 16 r 4.000000 c 40.000000
tx 17 r 4.000000 c 41.000000
tx 18 r 4.000000 c 42.000000
tx 19 r 4.000000 c 43.000000
tx 20 r 5.000000 c 40.000000
tx 21 r 5.000000 c 41.000000
tx 22 r 5.000000 c 42.000000
tx 23 r 5.000000 c 43.000000
tx 24 r 6.000000 c 40.000000
tx 25 r 6.000000 c 41.000000
tx 26 r 6.000000 c 42.000000
tx 27 r 6.000000 c 43.000000
tx 28 r 7.000000 c 40.000000
tx 29 r 7.000000 c 41.000000
tx 30 r 7.000000 c 42.000000
tx 31 r 7.000000 c 43.000000
tx 64 r 0.000000 c 40.000000
tx 65 r 0.000000 c 41.000000
tx 66 r 0.000000 c 42.000000
tx 67 r 0.000000 c 43.000000
tx 68 r 1.000000 c 40.000000
tx 69 r 1.000000 c 41.000000
tx 70 r 1.000000 c 42.000000
tx 71 r 1.000000 c 43.000000
tx 72 r 2.000000 c 40.000000
tx 73 r 2.000000 c 41.000000
tx 74 r 2.000000 c 42.000000
tx 75 r 2.000000 c 43.000000
tx 76 r 3.000000 c 40.000000
tx 77 r 3.000000 c 41.000000
tx 78 r 3.000000 c 42.000000
tx 79 r 3.000000 c 43.000000
tx 80 r 4.000000 c 40.000000
tx 81 r 4.000000 c 41.000000
tx 82 r 4.000000 c 42.000000
tx 83 r 4.000000 c 43.000000
tx 84 r 5.000000 c 40.000000
tx 85 r 5.000000 c 41.000000
tx 86 r 5.000000 c 42.000000
tx 87 r 5.000000 c 43.000000
tx 88 r 6.000000 c 40.000000
tx 89 r 6.000000 c 41.000000
tx 90 r 6.000000 c 42.000000
tx 91 r 6.000000 c 43.000000
tx 92 r 7.000000 c 40.000000
tx 93 r 7.000000 c 41.000000
tx 94 r 7.000000 c 42.000000
tx 95 r 7.000000 c 43.000000
tx 224 r 32.000000 c 40.000000
tx 225 r 32.000000 c 41.000000
tx 226 r 32.000000 c 42.000000
tx 227 r 32.000000 c 43.000000
tx 228 r 33.000000 c 40.000000
tx 229 r 33.000000 c 41.000000
tx 230 r 33.000000 c 42.000000
tx 231 r 33.000000 c 43.000000
tx 232 r 34.000000 c 40.000000
tx 233 r 34.000000 c 41.000000
tx 234 r 34.000000 c 42.000000
tx 235 r 34.000000 c 43.000000
tx 236 r 35.000000 c 40.000000
tx 237 r 35.000000 c 41.000000
tx 238 r 35.000000 c 42.000000
tx 239 r 35.000000 c 43.000000
tx 240 r 36.000000 c 40.000000
tx 241 r 36.000000 c 41.000000
tx 242 r 36.000000 c 42.000000
tx 243 r 36.000000 c 43.000000
tx 244 r 37.000000 c 40.000000
tx 245 r 37.000000 c 41.000000
tx 246 r 37.000000 c 42.000000
tx 247 r 37.000000 c 43.000000
tx 248 r 38.000000 c 40.000000
tx 249 r 38.000000 c 41.000000
tx 250 r 38.000000 c 42.000000
tx 251 r 38.000000 c 43.000000
tx 252 r 39.000000 c 40.000000
tx 253 r 39.000000 c 41.000000
tx 254 r 39.000000 c 42.000000
tx 255 r 39.000000 c 43.000000
tx 160 r 32.000000 c 40.000000
tx 161 r 32.000000 c 41.000000
tx 162 r 32.000000 c 42.000000
tx 163 r 32.000000 c 43.000000
tx 164 r 33.000000 c 40.000000
tx 165 r 33.000000 c 41.000000
tx 166 r 33.000000 c 42.000000
tx 167 r 33.000000 c 43.000000
tx 168 r 34.000000 c 40.000000
tx 169 r 34.000000 c 41.000000
tx 170 r 34.000000 c 42.000000
tx 171 r 34.000000 c 43.000000
tx 172 r 35.000000 c 40.000000
tx 173 r 35.000000 c 41.000000
tx 174 r 35.000000 c 42.000000
tx 175 r 35.000000 c 43.000000
tx 176 r 36.000000 c 40.000000
tx 177 r 36.000000 c 41.000000
tx 178 r 36.000000 c 42.000000
tx 179 r 36.000000 c 43.000000
tx 180 r 37.000000 c 40.000000
tx 181 r 37.000000 c 41.000000
tx 182 r 37.000000 c 42.000000
tx 183 r 37.000000 c 43.000000
tx 184 r 38.000000 c 40.000000
tx 185 r 38.000000 c 41.000000
tx 186 r 38.000000 c 42.000000
tx 187 r 38.000000 c 43.000000
tx 188 r 39.000000 c 40.000000
tx 189 r 39.000000 c 41.000000
tx 190 r 39.000000 c 42.000000
tx 191 r 39.000000 c 43.000000
tx 32 r 32.000000 c 40.000000
tx 33 r 32.000000 c 41.000000
tx 34 r 32.000000 c 42.000000
tx 35 r 32.000000 c 43.000000
tx 36 r 33.000000 c 40.000000
tx 37 r 33.000000 c 41.000000
tx 38 r 33.000000 c 42.000000
tx 39 r 33.000000 c 43.000000
tx 40 r 34.000000 c 40.000000
tx 41 r 34.000000 c 41.000000
tx 42 r 34.000000 c 42.000000
tx 43 r 34.000000 c 43.000000
tx 44 r 35.000000 c 40.000000
tx 45 r 35.000000 c 41.000000
tx 46 r 35.000000 c 42.000000
tx 47 r 35.000000 c 43.000000
tx 48 r 36.000000 c 40.000000
tx 49 r 36.000000 c 41.000000
tx 50 r 36.000000 c 42.000000
tx 51 r 36.000000 c 43.000000
tx 52 r 37.000000 c 40.000000
tx 53 r 37.000000 c 41.000000
tx 54 r 37.000000 c 42.000000
tx 55 r 37.000000 c 43.000000
tx 56 r 38.000000 c 40.000000
tx 57 r 38.000000 c 41.000000
tx 58 r 38.000000 c 42.000000
tx 59 r 38.000000 c 43.000000
tx 60 r 39.000000 c 40.000000
tx 61 r 39.000000 c 41.000000
tx 62 r 39.000000 c 42.000000
tx 63 r 39.000000 c 43.000000
tx 128 r 8.000000 c 40.000000
tx 129 r 8.000000 c 41.000000
tx 130 r 8.000000 c 42.000000
tx 131 r 8.000000 c 43.000000
tx 132 r 9.000000 c 40.000000
tx 133 r 9.000000 c 41.000000
tx 134 r 9.000000 c 42.000000
tx 135 r 9.000000 c 43.000000
tx 136 r 10.000000 c 40.000000
tx 137 r 10.000000 c 41.000000
tx 138 r 10.000000 c 42.000000
tx 139 r 10.000000 c 43.000000
tx 140 r 11.000000 c 40.000000
tx 141 r 11.000000 c 41.000000
tx 142 r 11.000000 c 42.000000
tx 143 r 11.000000 c 43.000000
tx 144 r 12.000000 c 40.000000
tx 145 r 12.000000 c 41.000000
tx 146 r 12.000000 c 42.000000
tx 147 r 12.000000 c 43.000000
tx 148 r 13.000000 c 40.000000
tx 149 r 13.000000 c 41.000000
tx 150 r 13.000000 c 42.000000
tx 151 r 13.000000 c 43.000000
tx 152 r 14.000000 c 40.000000
tx 153 r 14.000000 c 41.000000
tx 154 r 14.000000 c 42.000000
tx 155 r 14.000000 c 43.000000
tx 156 r 15.000000 c 40.000000
tx 157 r 15.000000 c 41.000000
tx 158 r 15.000000 c 42.000000
tx 159 r 15.000000 c 43.000000
tx 0 r 8.000000 c 40.000000
tx 1 r 8.000000 c 41.000000
tx 2 r 8.000000 c 42.000000
tx 3 r 8.000000 c 43.000000
tx 4 r 9.000000 c 40.000000
tx 5 r 9.000000 c 41.000000
tx 6 r 9.000000 c 42.000000
tx 7 r 9.000000 c 43.000000
tx 8 r 10.000000 c 40.000000
tx 9 r 10.000000 c 41.000000
tx 10 r 10.000000 c 42.000000
tx 11 r 10.000000 c 43.000000
tx 12 r 11.000000 c 40.000000
tx 13 r 11.000000 c 41.000000
tx 14 r 11.000000 c 42.000000
tx 15 r 11.000000 c 43.000000
tx 16 r 12.000000 c 40.000000
tx 17 r 12.000000 c 41.000000
tx 18 r 12.000000 c 42.000000
tx 19 r 12.000000 c 43.000000
tx 20 r 13.000000 c 40.000000
tx 21 r 13.000000 c 41.000000
tx 22 r 13.000000 c 42.000000
tx 23 r 13.000000 c 43.000000
tx 24 r 14.000000 c 40.000000
tx 25 r 14.000000 c 41.000000
tx 26 r 14.000000 c 42.000000
tx 27 r 14.000000 c 43.000000
tx 28 r 15.000000 c 40.000000
tx 29 r 15.000000 c 41.000000
tx 30 r 15.000000 c 42.000000
tx 31 r 15.000000 c 43.000000
tx 160 r 40.000000 c 40.000000
tx 161 r 40.000000 c 41.000000
tx 162 r 40.000000 c 42.000000
tx 163 r 40.000000 c 43.000000
tx 164 r 41.000000 c 40.000000
tx 165 r 41.000000 c 41.000000
tx 166 r 41.000000 c 42.000000
tx 167 r 41.000000 c 43.000000
tx 168 r 42.000000 c 40.000000
tx 169 r 42.000000 c 41.000000
tx 170 r 42.000000 c 42.000000
tx 171 r 42.000000 c 43.000000
tx 172 r 43.000000 c 40.000000
tx 173 r 43.000000 c 41.000000
tx 174 r 43.000000 c 42.000000
tx 175 r 43.000000 c 43.000000
tx 176 r 44.000000 c 40.000000
tx 177 r 44.000000 c 41.000000
tx 178 r 44.000000 c 42.000000
tx 179 r 44.000000 c 43.000000
tx 180 r 45.000000 c 40.000000
tx 181 r 45.000000 c 41.000000
tx 182 r 45.000000 c 42.000000
tx 183 r 45.000000 c 43.000000
tx 184 r 46.000000 c 40.000000
tx 185 r 46.000000 c 41.000000
tx 186 r 46.000000 c 42.000000
tx 187 r 46.000000 c 43.000000
tx 188 r 47.000000 c 40.000000
tx 189 r 47.000000 c 41.000000
tx 190 r 47.000000 c 42.000000
tx 191 r 47.000000 c 43.000000
tx 224 r 40.000000 c 40.000000
tx 225 r 40.000000 c 41.000000
tx 226 r 40.000000 c 42.000000
tx 227 r 40.000000 c 43.000000
tx 228 r 41.000000 c 40.000000
tx 229 r 41.000000 c 41.000000
tx 230 r 41.000000 c 42.000000
tx 231 r 41.000000 c 43.000000
tx 232 r 42.000000 c 40.000000
tx 233 r 42.000000 c 41.000000
tx 234 r 42.000000 c 42.000000
tx 235 r 42.000000 c 43.000000
tx 236 r 43.000000 c 40.000000
tx 237 r 43.000000 c 41.000000
tx 238 r 43.000000 c 42.000000
tx 239 r 43.000000 c 43.000000
tx 240 r 44.000000 c 40.000000
tx 241 r 44.000000 c 41.000000
tx 242 r 44.000000 c 42.000000
tx 243 r 44.000000 c 43.000000
tx 244 r 45.000000 c 40.000000
tx 245 r 45.000000 c 41.000000
tx 246 r 45.000000 c 42.000000
tx 247 r 45.000000 c 43.000000
tx 248 r 46.000000 c 40.000000
tx 249 r 46.000000 c 41.000000
tx 250 r 46.000000 c 42.000000
tx 251 r 46.000000 c 43.000000
tx 252 r 47.000000 c 40.000000
tx 253 r 47.000000 c 41.000000
tx 254 r 47.000000 c 42.000000
tx 255 r 47.000000 c 43.000000
tx 192 r 8.000000 c 40.000000
tx 193 r 8.000000 c 41.000000
tx 194 r 8.000000 c 42.000000
tx 195 r 8.000000 c 43.000000
tx 196 r 9.000000 c 40.000000
tx 197 r 9.000000 c 41.000000
tx 198 r 9.000000 c 42.000000
tx 199 r 9.000000 c 43.000000
tx 200 r 10.000000 c 40.000000
tx 201 r 10.000000 c 41.000000
tx 202 r 10.000000 c 42.000000
tx 203 r 10.000000 c 43.000000
tx 204 r 11.000000 c 40.000000
tx 205 r 11.000000 c 41.000000
tx 206 r 11.000000 c 42.000000
tx 207 r 11.000000 c 43.000000
tx 208 r 12.000000 c 40.000000
tx 209 r 12.000000 c 41.000000
tx 210 r 12.000000 c 42.000000
tx 211 r 12.000000 c 43.000000
tx 212 r 13.000000 c 40.000000
tx 213 r 13.000000 c 41.000000
tx 214 r 13.000000 c 42.000000
tx 215 r 13.000000 c 43.000000
tx 216 r 14.000000 c 40.000000
tx 217 r 14.000000 c 41.000000
tx 218 r 14.000000 c 42.000000
tx 219 r 14.000000 c 43.000000
tx 220 r 15.000000 c 40.000000
tx 221 r 15.000000 c 41.000000
tx 222 r 15.000000 c 42.000000
tx 223 r 15.000000 c 43.000000
tx 32 r 40.000000 c 40.000000
tx 33 r 40.000000 c 41.000000
tx 34 r 40.000000 c 42.000000
tx 35 r 40.000000 c 43.000000
tx 36 r 41.000000 c 40.000000
tx 37 r 41.000000 c 41.000000
tx 38 r 41.000000 c 42.000000
tx 39 r 41.000000 c 43.000000
tx 40 r 42.000000 c 40.000000
tx 41 r 42.000000 c 41.000000
tx 42 r 42.000000 c 42.000000
tx 43 r 42.000000 c 43.000000
tx 44 r 43.000000 c 40.000000
tx 45 r 43.000000 c 41.000000
tx 46 r 43.000000 c 42.000000
tx 47 r 43.000000 c 43.000000
tx 48 r 44.000000 c 40.000000
tx 49 r 44.000000 c 41.000000
tx 50 r 44.000000 c 42.000000
tx 51 r 44.000000 c 43.000000
tx 52 r 45.000000 c 40.000000
tx 53 r 45.000000 c 41.000000
tx 54 r 45.000000 c 42.000000
tx 55 r 45.000000 c 43.000000
tx 56 r 46.000000 c 40.000000
tx 57 r 46.000000 c 41.000000
tx 58 r 46.000000 c 42.000000
tx 59 r 46.000000 c 43.000000
tx 60 r 47.000000 c 40.000000
tx 61 r 47.000000 c 41.000000
tx 62 r 47.000000 c 42.000000
tx 63 r 47.000000 c 43.000000
tx 64 r 8.000000 c 40.000000
tx 65 r 8.000000 c 41.000000
tx 66 r 8.000000 c 42.000000
tx 67 r 8.000000 c 43.000000
tx 68 r 9.000000 c 40.000000
tx 69 r 9.000000 c 41.000000
tx 70 r 9.000000 c 42.000000
tx 71 r 9.000000 c 43.000000
tx 72 r 10.000000 c 40.000000
tx 73 r 10.000000 c 41.000000
tx 74 r 10.000000 c 42.000000
tx 75 r 10.000000 c 43.000000
tx 76 r 11.000000 c 40.000000
tx 77 r 11.000000 c 41.000000
tx 78 r 11.000000 c 42.000000
tx 79 r 11.000000 c 43.000000
tx 80 r 12.000000 c 40.000000
tx 81 r 12.000000 c 41.000000
tx 82 r 12.000000 c 42.000000
tx 83 r 12.000000 c 43.000000
tx 84 r 13.000000 c 40.000000
tx 85 r 13.000000 c 41.000000
tx 86 r 13.000000 c 42.000000
tx 87 r 13.000000 c 43.000000
tx 88 r 14.000000 c 40.000000
tx 89 r 14.000000 c 41.000000
tx 90 r 14.000000 c 42.000000
tx 91 r 14.000000 c 43.000000
tx 92 r 15.000000 c 40.000000
tx 93 r 15.000000 c 41.000000
tx 94 r 15.000000 c 42.000000
tx 95 r 15.000000 c 43.000000
tx 96 r 40.000000 c 40.000000
tx 97 r 40.000000 c 41.000000
tx 98 r 40.000000 c 42.000000
tx 99 r 40.000000 c 43.000000
tx 100 r 41.000000 c 40.000000
tx 101 r 41.000000 c 41.000000
tx 102 r 41.000000 c 42.000000
tx 103 r 41.000000 c 43.000000
tx 104 r 42.000000 c 40.000000
tx 105 r 42.000000 c 41.000000
tx 106 r 42.000000 c 42.000000
tx 107 r 42.000000 c 43.000000
tx 108 r 43.000000 c 40.000000
tx 109 r 43.000000 c 41.000000
tx 110 r 43.000000 c 42.000000
tx 111 r 43.000000 c 43.000000
tx 112 r 44.000000 c 40.000000
tx 113 r 44.000000 c 41.000000
tx 114 r 44.000000 c 42.000000
tx 115 r 44.000000 c 43.000000
tx 116 r 45.000000 c 40.000000
tx 117 r 45.000000 c 41.000000
tx 118 r 45.000000 c 42.000000
tx 119 r 45.000000 c 43.000000
tx 120 r 46.000000 c 40.000000
tx 121 r 46.000000 c 41.000000
tx 122 r 46.000000 c 42.000000
tx 123 r 46.000000 c 43.000000
tx 124 r 47.000000 c 40.000000
tx 125 r 47.000000 c 41.000000
tx 126 r 47.000000 c 42.000000
tx 127 r 47.000000 c 43.000000
tx 128 r 16.000000 c 40.000000
tx 129 r 16.000000 c 41.000000
tx 130 r 16.000000 c 42.000000
tx 131 r 16.000000 c 43.000000
tx 132 r 17.000000 c 40.000000
tx 133 r 17.000000 c 41.000000
tx 134 r 17.000000 c 42.000000
tx 135 r 17.000000 c 43.000000
tx 136 r 18.000000 c 40.000000
tx 137 r 18.000000 c 41.000000
tx 138 r 18.000000 c 42.000000
tx 139 r 18.000000 c 43.000000
tx 140 r 19.000000 c 40.000000
tx 141 r 19.000000 c 41.000000
tx 142 r 19.000000 c 42.000000
tx 143 r 19.000000 c 43.000000
tx 144 r 20.000000 c 40.000000
tx 145 r 20.000000 c 41.000000
tx 146 r 20.000000 c 42.000000
tx 147 r 20.000000 c 43.000000
tx 148 r 21.000000 c 40.000000
tx 149 r 21.000000 c 41.000000
tx 150 r 21.000000 c 42.000000
tx 151 r 21.000000 c 43.000000
tx 152 r 22.000000 c 40.000000
tx 153 r 22.000000 c 41.000000
tx 154 r 22.000000 c 42.000000
tx 155 r 22.000000 c 43.000000
tx 156 r 23.000000 c 40.000000
tx 157 r 23.000000 c 41.000000
tx 158 r 23.000000 c 42.000000
tx 159 r 23.000000 c 43.000000
tx 224 r 48.000000 c 40.000000
tx 225 r 48.000000 c 41.000000
tx 226 r 48.000000 c 42.000000
tx 227 r 48.000000 c 43.000000
tx 228 r 49.000000 c 40.000000
tx 229 r 49.000000 c 41.000000
tx 230 r 49.000000 c 42.000000
tx 231 r 49.000000 c 43.000000
tx 232 r 50.000000 c 40.000000
tx 233 r 50.000000 c 41.000000
tx 234 r 50.000000 c 42.000000
tx 235 r 50.000000 c 43.000000
tx 236 r 51.000000 c 40.000000
tx 237 r 51.000000 c 41.000000
tx 238 r 51.000000 c 42.000000
tx 239 r 51.000000 c 43.000000
tx 240 r 52.000000 c 40.000000
tx 241 r 52.000000 c 41.000000
tx 242 r 52.000000 c 42.000000
tx 243 r 52.000000 c 43.000000
tx 244 r 53.000000 c 40.000000
tx 245 r 53.000000 c 41.000000
tx 246 r 53.000000 c 42.000000
tx 247 r 53.000000 c 43.000000
tx 248 r 54.000000 c 40.000000
tx 249 r 54.000000 c 41.000000
tx 250 r 54.000000 c 42.000000
tx 251 r 54.000000 c 43.000000
tx 252 r 55.000000 c 40.000000
tx 253 r 55.000000 c 41.000000
tx 254 r 55.000000 c 42.000000
tx 255 r 55.000000 c 43.000000
tx 0 r 16.000000 c 40.000000
tx 1 r 16.000000 c 41.000000
tx 2 r 16.000000 c 42.000000
tx 3 r 16.000000 c 43.000000
tx 4 r 17.000000 c 40.000000
tx 5 r 17.000000 c 41.000000
tx 6 r 17.000000 c 42.000000
tx 7 r 17.000000 c 43.000000
tx 8 r 18.000000 c 40.000000
tx 9 r 18.000000 c 41.000000
tx 10 r 18.000000 c 42.000000
tx 11 r 18.000000 c 43.000000
tx 12 r 19.000000 c 40.000000
tx 13 r 19.000000 c 41.000000
tx 14 r 19.000000 c 42.000000
tx 15 r 19.000000 c 43.000000
tx 16 r 20.000000 c 40.000000
tx 17 r 20.000000 c 41.000000
tx 18 r 20.000000 c 42.000000
tx 19 r 20.000000 c 43.000000
tx 20 r 21.000000 c 40.000000
tx 21 r 21.000000 c 41.000000
tx 22 r 21.000000 c 42.000000
tx 23 r 21.000000 c 43.000000
tx 24 r 22.000000 c 40.000000
tx 25 r 22.000000 c 41.000000
tx 26 r 22.000000 c 42.000000
tx 27 r 22.000000 c 43.000000
tx 28 r 23.000000 c 40.000000
tx 29 r 23.000000 c 41.000000
tx 30 r 23.000000 c 42.000000
tx 31 r 23.000000 c 43.000000
tx 160 r 48.000000 c 40.000000
tx 161 r 48.000000 c 41.000000
tx 162 r 48.000000 c 42.000000
tx 163 r 48.000000 c 43.000000
tx 164 r 49.000000 c 40.000000
tx 165 r 49.000000 c 41.000000
tx 166 r 49.000000 c 42.000000
tx 167 r 49.000000 c 43.000000
tx 168 r 50.000000 c 40.000000
tx 169 r 50.000000 c 41.000000
tx 170 r 50.000000 c 42.000000
tx 171 r 50.000000 c 43.000000
tx 172 r 51.000000 c 40.000000
tx 173 r 51.000000 c 41.000000
tx 174 r 51.000000 c 42.000000
tx 175 r 51.000000 c 43.000000
tx 176 r 52.000000 c 40.000000
tx 177 r 52.000000 c 41.000000
tx 178 r 52.000000 c 42.000000
tx 179 r 52.000000 c 43.000000
tx 180 r 53.000000 c 40.000000
tx 181 r 53.000000 c 41.000000
tx 182 r 53.000000 c 42.000000
tx 183 r 53.000000 c 43.000000
tx 184 r 54.000000 c 40.000000
tx 185 r 54.000000 c 41.000000
tx 186 r 54.000000 c 42.000000
tx 187 r 54.000000 c 43.000000
tx 188 r 55.000000 c 40.000000
tx 189 r 55.000000 c 41.000000
tx 190 r 55.000000 c 42.000000
tx 191 r 55.000000 c 43.000000
tx 192 r 16.000000 c 40.000000
tx 193 r 16.000000 c 41.000000
tx 194 r 16.000000 c 42.000000
tx 195 r 16.000000 c 43.000000
tx 196 r 17.000000 c 40.000000
tx 197 r 17.000000 c 41.000000
tx 198 r 17.000000 c 42.000000
tx 199 r 17.000000 c 43.000000
tx 200 r 18.000000 c 40.000000
tx 201 r 18.000000 c 41.000000
tx 202 r 18.000000 c 42.000000
tx 203 r 18.000000 c 43.000000
tx 204 r 19.000000 c 40.000000
tx 205 r 19.000000 c 41.000000
tx 206 r 19.000000 c 42.000000
tx 207 r 19.000000 c 43.000000
tx 208 r 20.000000 c 40.000000
tx 209 r 20.000000 c 41.000000
tx 210 r 20.000000 c 42.000000
tx 211 r 20.000000 c 43.000000
tx 212 r 21.000000 c 40.000000
tx 213 r 21.000000 c 41.000000
tx 214 r 21.000000 c 42.000000
tx 215 r 21.000000 c 43.000000
tx 216 r 22.000000 c 40.000000
tx 217 r 22.000000 c 41.000000
tx 218 r 22.000000 c 42.000000
tx 219 r 22.000000 c 43.000000
tx 220 r 23.000000 c 40.000000
tx 221 r 23.000000 c 41.000000
tx 222 r 23.000000 c 42.000000
tx 223 r 23.000000 c 43.000000
tx 32 r 48.000000 c 40.000000
tx 33 r 48.000000 c 41.000000
tx 34 r 48.000000 c 42.000000
tx 35 r 48.000000 c 43.000000
tx 36 r 49.000000 c 40.000000
tx 37 r 49.000000 c 41.000000
tx 38 r 49.000000 c 42.000000
tx 39 r 49.000000 c 43.000000
tx 40 r 50.000000 c 40.000000
tx 41 r 50.000000 c 41.000000
tx 42 r 50.000000 c 42.000000
tx 43 r 50.000000 c 43.000000
tx 44 r 51.000000 c 40.000000
tx 45 r 51.000000 c 41.000000
tx 46 r 51.000000 c 42.000000
tx 47 r 51.000000 c 43.000000
tx 48 r 52.000000 c 40.000000
tx 49 r 52.000000 c 41.000000
tx 50 r 52.000000 c 42.000000
tx 51 r 52.000000 c 43.000000
tx 52 r 53.000000 c 40.000000
tx 53 r 53.000000 c 41.000000
tx 54 r 53.000000 c 42.000000
tx 55 r 53.000000 c 43.000000
tx 56 r 54.000000 c 40.000000
tx 57 r 54.000000 c 41.000000
tx 58 r 54.000000 c 42.000000
tx 59 r 54.000000 c 43.000000
tx 60 r 55.000000 c 40.000000
tx 61 r 55.000000 c 41.000000
tx 62 r 55.000000 c 42.000000
tx 63 r 55.000000 c 43.000000
tx 64 r 16.000000 c 40.000000
tx 65 r 16.000000 c 41.000000
tx 66 r 16.000000 c 42.000000
tx 67 r 16.000000 c 43.000000
tx 68 r 17.000000 c 40.000000
tx 69 r 17.000000 c 41.000000
tx 70 r 17.000000 c 42.000000
tx 71 r 17.000000 c 43.000000
tx 72 r 18.000000 c 40.000000
tx 73 r 18.000000 c 41.000000
tx 74 r 18.000000 c 42.000000
tx 75 r 18.000000 c 43.000000
tx 76 r 19.000000 c 40.000000
tx 77 r 19.000000 c 41.000000
tx 78 r 19.000000 c 42.000000
tx 79 r 19.000000 c 43.000000
tx 80 r 20.000000 c 40.000000
tx 81 r 20.000000 c 41.000000
tx 82 r 20.000000 c 42.000000
tx 83 r 20.000000 c 43.000000
tx 84 r 21.000000 c 40.000000
tx 85 r 21.000000 c 41.000000
tx 86 r 21.000000 c 42.000000
tx 87 r 21.000000 c 43.000000
tx 88 r 22.000000 c 40.000000
tx 89 r 22.000000 c 41.000000
tx 90 r 22.000000 c 42.000000
tx 91 r 22.000000 c 43.000000
tx 92 r 23.000000 c 40.000000
tx 93 r 23.000000 c 41.000000
tx 94 r 23.000000 c 42.000000
tx 95 r 23.000000 c 43.000000
tx 96 r 48.000000 c 40.000000
tx 97 r 48.000000 c 41.000000
tx 98 r 48.000000 c 42.000000
tx 99 r 48.000000 c 43.000000
tx 100 r 49.000000 c 40.000000
tx 101 r 49.000000 c 41.000000
tx 102 r 49.000000 c 42.000000
tx 103 r 49.000000 c 43.000000
tx 104 r 50.000000 c 40.000000
tx 105 r 50.000000 c 41.000000
tx 106 r 50.000000 c 42.000000
tx 107 r 50.000000 c 43.000000
tx 108 r 51.000000 c 40.000000
tx 109 r 51.000000 c 41.000000
tx 110 r 51.000000 c 42.000000
tx 111 r 51.000000 c 43.000000
tx 112 r 52.000000 c 40.000000
tx 113 r 52.000000 c 41.000000
tx 114 r 52.000000 c 42.000000
tx 115 r 52.000000 c 43.000000
tx 116 r 53.000000 c 40.000000
tx 117 r 53.000000 c 41.000000
tx 118 r 53.000000 c 42.000000
tx 119 r 53.000000 c 43.000000
tx 120 r 54.000000 c 40.000000
tx 121 r 54.000000 c 41.000000
tx 122 r 54.000000 c 42.000000
tx 123 r 54.000000 c 43.000000
tx 124 r 55.000000 c 40.000000
tx 125 r 55.000000 c 41.000000
tx 126 r 55.000000 c 42.000000
tx 127 r 55.000000 c 43.000000
tx 128 r 24.000000 c 40.000000
tx 129 r 24.000000 c 41.000000
tx 130 r 24.000000 c 42.000000
tx 131 r 24.000000 c 43.000000
tx 132 r 25.000000 c 40.000000
tx 133 r 25.000000 c 41.000000
tx 134 r 25.000000 c 42.000000
tx 135 r 25.000000 c 43.000000
tx 136 r 26.000000 c 40.000000
tx 137 r 26.000000 c 41.000000
tx 138 r 26.000000 c 42.000000
tx 139 r 26.000000 c 43.000000
tx 140 r 27.000000 c 40.000000
tx 141 r 27.000000 c 41.000000
tx 142 r 27.000000 c 42.000000
tx 143 r 27.000000 c 43.000000
tx 144 r 28.000000 c 40.000000
tx 145 r 28.000000 c 41.000000
tx 146 r 28.000000 c 42.000000
tx 147 r 28.000000 c 43.000000
tx 148 r 29.000000 c 40.000000
tx 149 r 29.000000 c 41.000000
tx 150 r 29.000000 c 42.000000
tx 151 r 29.000000 c 43.000000
tx 152 r 30.000000 c 40.000000
tx 153 r 30.000000 c 41.000000
tx 154 r 30.000000 c 42.000000
tx 155 r 30.000000 c 43.000000
tx 156 r 31.000000 c 40.000000
tx 157 r 31.000000 c 41.000000
tx 158 r 31.000000 c 42.000000
tx 159 r 31.000000 c 43.000000
tx 0 r 24.000000 c 40.000000
tx 1 r 24.000000 c 41.000000
tx 2 r 24.000000 c 42.000000
tx 3 r 24.000000 c 43.000000
tx 4 r 25.000000 c 40.000000
tx 5 r 25.000000 c 41.000000
tx 6 r 25.000000 c 42.000000
tx 7 r 25.000000 c 43.000000
tx 8 r 26.000000 c 40.000000
tx 9 r 26.000000 c 41.000000
tx 10 r 26.000000 c 42.000000
tx 11 r 26.000000 c 43.000000
tx 12 r 27.000000 c 40.000000
tx 13 r 27.000000 c 41.000000
tx 14 r 27.000000 c 42.000000
tx 15 r 27.000000 c 43.000000
tx 16 r 28.000000 c 40.000000
tx 17 r 28.000000 c 41.000000
tx 18 r 28.000000 c 42.000000
tx 19 r 28.000000 c 43.000000
tx 20 r 29.000000 c 40.000000
tx 21 r 29.000000 c 41.000000
tx 22 r 29.000000 c 42.000000
tx 23 r 29.000000 c 43.000000
tx 24 r 30.000000 c 40.000000
tx 25 r 30.000000 c 41.000000
tx 26 r 30.000000 c 42.000000
tx 27 r 30.000000 c 43.000000
tx 28 r 31.000000 c 40.000000
tx 29 r 31.000000 c 41.000000
tx 30 r 31.000000 c 42.000000
tx 31 r 31.000000 c 43.000000
tx 96 r 56.000000 c 40.000000
tx 97 r 56.000000 c 41.000000
tx 98 r 56.000000 c 42.000000
tx 99 r 56.000000 c 43.000000
tx 100 r 57.000000 c 40.000000
tx 101 r 57.000000 c 41.000000
tx 102 r 57.000000 c 42.000000
tx 103 r 57.000000 c 43.000000
tx 104 r 58.000000 c 40.000000
tx 105 r 58.000000 c 41.000000
tx 106 r 58.000000 c 42.000000
tx 107 r 58.000000 c 43.000000
tx 108 r 59.000000 c 40.000000
tx 109 r 59.000000 c 41.000000
tx 110 r 59.000000 c 42.000000
tx 111 r 59.000000 c 43.000000
tx 112 r 60.000000 c 40.000000
tx 113 r 60.000000 c 41.000000
tx 114 r 60.000000 c 42.000000
tx 115 r 60.000000 c 43.000000
tx 116 r 61.000000 c 40.000000
tx 117 r 61.000000 c 41.000000
tx 118 r 61.000000 c 42.000000
tx 119 r 61.000000 c 43.000000
tx 120 r 62.000000 c 40.000000
tx 121 r 62.000000 c 41.000000
tx 122 r 62.000000 c 42.000000
tx 123 r 62.000000 c 43.000000
tx 124 r 63.000000 c 40.000000
tx 125 r 63.000000 c 41.000000
tx 126 r 63.000000 c 42.000000
tx 127 r 63.000000 c 43.000000
tx 160 r 56.000000 c 40.000000
tx 161 r 56.000000 c 41.000000
tx 162 r 56.000000 c 42.000000
tx 163 r 56.000000 c 43.000000
tx 164 r 57.000000 c 40.000000
tx 165 r 57.000000 c 41.000000
tx 166 r 57.000000 c 42.000000
tx 167 r 57.000000 c 43.000000
tx 168 r 58.000000 c 40.000000
tx 169 r 58.000000 c 41.000000
tx 170 r 58.000000 c 42.000000
tx 171 r 58.000000 c 43.000000
tx 172 r 59.000000 c 40.000000
tx 173 r 59.000000 c 41.000000
tx 174 r 59.000000 c 42.000000
tx 175 r 59.000000 c 43.000000
tx 176 r 60.000000 c 40.000000
tx 177 r 60.000000 c 41.000000
tx 178 r 60.000000 c 42.000000
tx 179 r 60.000000 c 43.000000
tx 180 r 61.000000 c 40.000000
tx 181 r 61.000000 c 41.000000
tx 182 r 61.000000 c 42.000000
tx 183 r 61.000000 c 43.000000
tx 184 r 62.000000 c 40.000000
tx 185 r 62.000000 c 41.000000
tx 186 r 62.000000 c 42.000000
tx 187 r 62.000000 c 43.000000
tx 188 r 63.000000 c 40.000000
tx 189 r 63.000000 c 41.000000
tx 190 r 63.000000 c 42.000000
tx 191 r 63.000000 c 43.000000
tx 64 r 24.000000 c 40.000000
tx 65 r 24.000000 c 41.000000
tx 66 r 24.000000 c 42.000000
tx 67 r 24.000000 c 43.000000
tx 68 r 25.000000 c 40.000000
tx 69 r 25.000000 c 41.000000
tx 70 r 25.000000 c 42.000000
tx 71 r 25.000000 c 43.000000
tx 72 r 26.000000 c 40.000000
tx 73 r 26.000000 c 41.000000
tx 74 r 26.000000 c 42.000000
tx 75 r 26.000000 c 43.000000
tx 76 r 27.000000 c 40.000000
tx 77 r 27.000000 c 41.000000
tx 78 r 27.000000 c 42.000000
tx 79 r 27.000000 c 43.000000
tx 80 r 28.000000 c 40.000000
tx 81 r 28.000000 c 41.000000
tx 82 r 28.000000 c 42.000000
tx 83 r 28.000000 c 43.000000
tx 84 r 29.000000 c 40.000000
tx 85 r 29.000000 c 41.000000
tx 86 r 29.000000 c 42.000000
tx 87 r 29.000000 c 43.000000
tx 88 r 30.000000 c 40.000000
tx 89 r 30.000000 c 41.000000
tx 90 r 30.000000 c 42.000000
tx 91 r 30.000000 c 43.000000
tx 92 r 31.000000 c 40.000000
tx 93 r 31.000000 c 41.000000
tx 94 r 31.000000 c 42.000000
tx 95 r 31.000000 c 43.000000
tx 224 r 56.000000 c 40.000000
tx 225 r 56.000000 c 41.000000
tx 226 r 56.000000 c 42.000000
tx 227 r 56.000000 c 43.000000
tx 228 r 57.000000 c 40.000000
tx 229 r 57.000000 c 41.000000
tx 230 r 57.000000 c 42.000000
tx 231 r 57.000000 c 43.000000
tx 232 r 58.000000 c 40.000000
tx 233 r 58.000000 c 41.000000
tx 234 r 58.000000 c 42.000000
tx 235 r 58.000000 c 43.000000
tx 236 r 59.000000 c 40.000000
tx 237 r 59.000000 c 41.000000
tx 238 r 59.000000 c 42.000000
tx 239 r 59.000000 c 43.000000
tx 240 r 60.000000 c 40.000000
tx 241 r 60.000000 c 41.000000
tx 242 r 60.000000 c 42.000000
tx 243 r 60.000000 c 43.000000
tx 244 r 61.000000 c 40.000000
tx 245 r 61.000000 c 41.000000
tx 246 r 61.000000 c 42.000000
tx 247 r 61.000000 c 43.000000
tx 248 r 62.000000 c 40.000000
tx 249 r 62.000000 c 41.000000
tx 250 r 62.000000 c 42.000000
tx 251 r 62.000000 c 43.000000
tx 252 r 63.000000 c 40.000000
tx 253 r 63.000000 c 41.000000
tx 254 r 63.000000 c 42.000000
tx 255 r 63.000000 c 43.000000
tx 32 r 56.000000 c 40.000000
tx 33 r 56.000000 c 41.000000
tx 34 r 56.000000 c 42.000000
tx 35 r 56.000000 c 43.000000
tx 36 r 57.000000 c 40.000000
tx 37 r 57.000000 c 41.000000
tx 38 r 57.000000 c 42.000000
tx 39 r 57.000000 c 43.000000
tx 40 r 58.000000 c 40.000000
tx 41 r 58.000000 c 41.000000
tx 42 r 58.000000 c 42.000000
tx 43 r 58.000000 c 43.000000
tx 44 r 59.000000 c 40.000000
tx 45 r 59.000000 c 41.000000
tx 46 r 59.000000 c 42.000000
tx 47 r 59.000000 c 43.000000
tx 48 r 60.000000 c 40.000000
tx 49 r 60.000000 c 41.000000
tx 50 r 60.000000 c 42.000000
tx 51 r 60.000000 c 43.000000
tx 52 r 61.000000 c 40.000000
tx 53 r 61.000000 c 41.000000
tx 54 r 61.000000 c 42.000000
tx 55 r 61.000000 c 43.000000
tx 56 r 62.000000 c 40.000000
tx 57 r 62.000000 c 41.000000
tx 58 r 62.000000 c 42.000000
tx 59 r 62.000000 c 43.000000
tx 60 r 63.000000 c 40.000000
tx 61 r 63.000000 c 41.000000
tx 62 r 63.000000 c 42.000000
tx 63 r 63.000000 c 43.000000
tx 192 r 24.000000 c 40.000000
tx 193 r 24.000000 c 41.000000
tx 194 r 24.000000 c 42.000000
tx 195 r 24.000000 c 43.000000
tx 196 r 25.000000 c 40.000000
tx 197 r 25.000000 c 41.000000
tx 198 r 25.000000 c 42.000000
tx 199 r 25.000000 c 43.000000
tx 200 r 26.000000 c 40.000000
tx 201 r 26.000000 c 41.000000
tx 202 r 26.000000 c 42.000000
tx 203 r 26.000000 c 43.000000
tx 204 r 27.000000 c 40.000000
tx 205 r 27.000000 c 41.000000
tx 206 r 27.000000 c 42.000000
tx 207 r 27.000000 c 43.000000
tx 208 r 28.000000 c 40.000000
tx 209 r 28.000000 c 41.000000
tx 210 r 28.000000 c 42.000000
tx 211 r 28.000000 c 43.000000
tx 212 r 29.000000 c 40.000000
tx 213 r 29.000000 c 41.000000
tx 214 r 29.000000 c 42.000000
tx 215 r 29.000000 c 43.000000
tx 216 r 30.000000 c 40.000000
tx 217 r 30.000000 c 41.000000
tx 218 r 30.000000 c 42.000000
tx 219 r 30.000000 c 43.000000
tx 220 r 31.000000 c 40.000000
tx 221 r 31.000000 c 41.000000
tx 222 r 31.000000 c 42.000000
tx 223 r 31.000000 c 43.000000
tx 128 r 0.000000 c 40.000000
tx 129 r 0.000000 c 41.000000
tx 130 r 0.000000 c 42.000000
tx 131 r 0.000000 c 43.000000
tx 132 r 1.000000 c 40.000000
tx 133 r 1.000000 c 41.000000
tx 134 r 1.000000 c 42.000000
tx 135 r 1.000000 c 43.000000
tx 136 r 2.000000 c 40.000000
tx 137 r 2.000000 c 41.000000
tx 138 r 2.000000 c 42.000000
tx 139 r 2.000000 c 43.000000
tx 140 r 3.000000 c 40.000000
tx 141 r 3.000000 c 41.000000
tx 142 r 3.000000 c 42.000000
tx 143 r 3.000000 c 43.000000
tx 144 r 4.000000 c 40.000000
tx 145 r 4.000000 c 41.000000
tx 146 r 4.000000 c 42.000000
tx 147 r 4.000000 c 43.000000
tx 148 r 5.000000 c 40.000000
tx 149 r 5.000000 c 41.000000
tx 150 r 5.000000 c 42.000000
tx 151 r 5.000000 c 43.000000
tx 152 r 6.000000 c 40.000000
tx 153 r 6.000000 c 41.000000
tx 154 r 6.000000 c 42.000000
tx 155 r 6.000000 c 43.000000
tx 156 r 7.000000 c 40.000000
tx 157 r 7.000000 c 41.000000
tx 158 r 7.000000 c 42.000000
tx 159 r 7.000000 c 43.000000
tx 0 r 0.000000 c 40.000000
tx 1 r 0.000000 c 41.000000
tx 2 r 0.000000 c 42.000000
tx 3 r 0.000000 c 43.000000
tx 4 r 1.000000 c 40.000000
tx 5 r 1.000000 c 41.000000
tx 6 r 1.000000 c 42.000000
tx 7 r 1.000000 c 43.000000
tx 8 r 2.000000 c 40.000000
tx 9 r 2.000000 c 41.000000
tx 10 r 2.000000 c 42.000000
tx 11 r 2.000000 c 43.000000
tx 12 r 3.000000 c 40.000000
tx 13 r 3.000000 c 41.000000
tx 14 r 3.000000 c 42.000000
tx 15 r 3.000000 c 43.000000
tx 16 r 4.000000 c 40.000000
tx 17 r 4.000000 c 41.000000
tx 18 r 4.000000 c 42.000000
tx 19 r 4.000000 c 43.000000
tx 20 r 5.000000 c 40.000000
tx 21 r 5.000000 c 41.000000
tx 22 r 5.000000 c 42.000000
tx 23 r 5.000000 c 43.000000
tx 24 r 6.000000 c 40.000000
tx 25 r 6.000000 c 41.000000
tx 26 r 6.000000 c 42.000000
tx 27 r 6.000000 c 43.000000
tx 28 r 7.000000 c 40.000000
tx 29 r 7.000000 c 41.000000
tx 30 r 7.000000 c 42.000000
tx 31 r 7.000000 c 43.000000
tx 160 r 32.000000 c 40.000000
tx 161 r 32.000000 c 41.000000
tx 162 r 32.000000 c 42.000000
tx 163 r 32.000000 c 43.000000
tx 164 r 33.000000 c 40.000000
tx 165 r 33.000000 c 41.000000
tx 166 r 33.000000 c 42.000000
tx 167 r 33.000000 c 43.000000
tx 168 r 34.000000 c 40.000000
tx 169 r 34.000000 c 41.000000
tx 170 r 34.000000 c 42.000000
tx 171 r 34.000000 c 43.000000
tx 172 r 35.000000 c 40.000000
tx 173 r 35.000000 c 41.000000
tx 174 r 35.000000 c 42.000000
tx 175 r 35.000000 c 43.000000
tx 176 r 36.000000 c 40.000000
tx 177 r 36.000000 c 41.000000
tx 178 r 36.000000 c 42.000000
tx 179 r 36.000000 c 43.000000
tx 180 r 37.000000 c 40.000000
tx 181 r 37.000000 c 41.000000
tx 182 r 37.000000 c 42.000000
tx 183 r 37.000000 c 43.000000
tx 184 r 38.000000 c 40.000000
tx 185 r 38.000000 c 41.000000
tx 186 r 38.000000 c 42.000000
tx 187 r 38.000000 c 43.000000
tx 188 r 39.000000 c 40.000000
tx 189 r 39.000000 c 41.000000
tx 190 r 39.000000 c 42.000000
tx 191 r 39.000000 c 43.000000
tx 224 r 32.000000 c 40.000000
tx 225 r 32.000000 c 41.000000
tx 226 r 32.000000 c 42.000000
tx 227 r 32.000000 c 43.000000
tx 228 r 33.000000 c 40.000000
tx 229 r 33.000000 c 41.000000
tx 230 r 33.000000 c 42.000000
tx 231 r 33.000000 c 43.000000
tx 232 r 34.000000 c 40.000000
tx 233 r 34.000000 c 41.000000
tx 234 r 34.000000 c 42.000000
tx 235 r 34.000000 c 43.000000
tx 236 r 35.000000 c 40.000000
tx 237 r 35.000000 c 41.000000
tx 238 r 35.000000 c 42.000000
tx 239 r 35.000000 c 43.000000
tx 240 r 36.000000 c 40.000000
tx 241 r 36.000000 c 41.000000
tx 242 r 36.000000 c 42.000000
tx 243 r 36.000000 c 43.000000
tx 244 r 37.000000 c 40.000000
tx 245 r 37.000000 c 41.000000
tx 246 r 37.000000 c 42.000000
tx 247 r 37.000000 c 43.000000
tx 248 r 38.000000 c 40.000000
tx 249 r 38.000000 c 41.000000
tx 250 r 38.000000 c 42.000000
tx 251 r 38.000000 c 43.000000
tx 252 r 39.000000 c 40.000000
tx 253 r 39.000000 c 41.000000
tx 254 r 39.000000 c 42.000000
tx 255 r 39.000000 c 43.000000
tx 32 r 32.000000 c 40.000000
tx 33 r 32.000000 c 41.000000
tx 34 r 32.000000 c 42.000000
tx 35 r 32.000000 c 43.000000
tx 36 r 33.000000 c 40.000000
tx 37 r 33.000000 c 41.000000
tx 38 r 33.000000 c 42.000000
tx 39 r 33.000000 c 43.000000
tx 40 r 34.000000 c 40.000000
tx 41 r 34.000000 c 41.000000
tx 42 r 34.000000 c 42.000000
tx 43 r 34.000000 c 43.000000
tx 44 r 35.000000 c 40.000000
tx 45 r 35.000000 c 41.000000
tx 46 r 35.000000 c 42.000000
tx 47 r 35.000000 c 43.000000
tx 48 r 36.000000 c 40.000000
tx 49 r 36.000000 c 41.000000
tx 50 r 36.000000 c 42.000000
tx 51 r 36.000000 c 43.000000
tx 52 r 37.000000 c 40.000000
tx 53 r 37.000000 c 41.000000
tx 54 r 37.000000 c 42.000000
tx 55 r 37.000000 c 43.000000
tx 56 r 38.000000 c 40.000000
tx 57 r 38.000000 c 41.000000
tx 58 r 38.000000 c 42.000000
tx 59 r 38.000000 c 43.000000
tx 60 r 39.000000 c 40.000000
tx 61 r 39.000000 c 41.000000
tx 62 r 39.000000 c 42.000000
tx 63 r 39.000000 c 43.000000
tx 192 r 0.000000 c 40.000000
tx 193 r 0.000000 c 41.000000
tx 194 r 0.000000 c 42.000000
tx 195 r 0.000000 c 43.000000
tx 196 r 1.000000 c 40.000000
tx 197 r 1.000000 c 41.000000
tx 198 r 1.000000 c 42.000000
tx 199 r 1.000000 c 43.000000
tx 200 r 2.000000 c 40.000000
tx 201 r 2.000000 c 41.000000
tx 202 r 2.000000 c 42.000000
tx 203 r 2.000000 c 43.000000
tx 204 r 3.000000 c 40.000000
tx 205 r 3.000000 c 41.000000
tx 206 r 3.000000 c 42.000000
tx 207 r 3.000000 c 43.000000
tx 208 r 4.000000 c 40.000000
tx 209 r 4.000000 c 41.000000
tx 210 r 4.000000 c 42.000000
tx 211 r 4.000000 c 43.000000
tx 212 r 5.000000 c 40.000000
tx 213 r 5.000000 c 41.000000
tx 214 r 5.000000 c 42.000000
tx 215 r 5.000000 c 43.000000
tx 216 r 6.000000 c 40.000000
tx 217 r 6.000000 c 41.000000
tx 218 r 6.000000 c 42.000000
tx 219 r 6.000000 c 43.000000
tx 220 r 7.000000 c 40.000000
tx 221 r 7.000000 c 41.000000
tx 222 r 7.000000 c 42.000000
tx 223 r 7.000000 c 43.000000
tx 64 r 0.000000 c 40.000000
tx 65 r 0.000000 c 41.000000
tx 66 r 0.000000 c 42.000000
tx 67 r 0.000000 c 43.000000
tx 68 r 1.000000 c 40.000000
tx 69 r 1.000000 c 41.000000
tx 70 r 1.000000 c 42.000000
tx 71 r 1.000000 c 43.000000
tx 72 r 2.000000 c 40.000000
tx 73 r 2.000000 c 41.000000
tx 74 r 2.000000 c 42.000000
tx 75 r 2.000000 c 43.000000
tx 76 r 3.000000 c 40.000000
tx 77 r 3.000000 c 41.000000
tx 78 r 3.000000 c 42.000000
tx 79 r 3.000000 c 43.000000
tx 80 r 4.000000 c 40.000000
tx 81 r 4.000000 c 41.000000
tx 82 r 4.000000 c 42.000000
tx 83 r 4.000000 c 43.000000
tx 84 r 5.000000 c 40.000000
tx 85 r 5.000000 c 41.000000
tx 86 r 5.000000 c 42.000000
tx 87 r 5.000000 c 43.000000
tx 88 r 6.000000 c 40.000000
tx 89 r 6.000000 c 41.000000
tx 90 r 6.000000 c 42.000000
tx 91 r 6.000000 c 43.000000
tx 92 r 7.000000 c 40.000000
tx 93 r 7.000000 c 41.000000
tx 94 r 7.000000 c 42.000000
tx 95 r 7.000000 c 43.000000
tx 96 r 32.000000 c 40.000000
tx 97 r 32.000000 c 41.000000
tx 98 r 32.000000 c 42.000000
tx 99 r 32.000000 c 43.000000
tx 100 r 33.000000 c 40.000000
tx 101 r 33.000000 c 41.000000
tx 102 r 33.000000 c 42.000000
tx 103 r 33.000000 c 43.000000
tx 104 r 34.000000 c 40.000000
tx 105 r 34.000000 c 41.000000
tx 106 r 34.000000 c 42.000000
tx 107 r 34.000000 c 43.000000
tx 108 r 35.000000 c 40.000000
tx 109 r 35.000000 c 41.000000
tx 110 r 35.000000 c 42.000000
tx 111 r 35.000000 c 43.000000
tx 112 r 36.000000 c 40.000000
tx 113 r 36.000000 c 41.000000
tx 114 r 36.000000 c 42.000000
tx 115 r 36.000000 c 43.000000
tx 116 r 37.000000 c 40.000000
tx 117 r 37.000000 c 41.000000
tx 118 r 37.000000 c 42.000000
tx 119 r 37.000000 c 43.000000
tx 120 r 38.000000 c 40.000000
tx 121 r 38.000000 c 41.000000
tx 122 r 38.000000 c 42.000000
tx 123 r 38.000000 c 43.000000
tx 124 r 39.000000 c 40.000000
tx 125 r 39.000000 c 41.000000
tx 126 r 39.000000 c 42.000000
tx 127 r 39.000000 c 43.000000
tx 128 r 8.000000 c 40.000000
tx 129 r 8.000000 c 41.000000
tx 130 r 8.000000 c 42.000000
tx 131 r 8.000000 c 43.000000
tx 132 r 9.000000 c 40.000000
tx 133 r 9.000000 c 41.000000
tx 134 r 9.000000 c 42.000000
tx 135 r 9.000000 c 43.000000
tx 136 r 10.000000 c 40.000000
tx 137 r 10.000000 c 41.000000
tx 138 r 10.000000 c 42.000000
tx 139 r 10.000000 c 43.000000
tx 140 r 11.000000 c 40.000000
tx 141 r 11.000000 c 41.000000
tx 142 r 11.000000 c 42.000000
tx 143 r 11.000000 c 43.000000
tx 144 r 12.000000 c 40.000000
tx 145 r 12.000000 c 41.000000
tx 146 r 12.000000 c 42.000000
tx 147 r 12.000000 c 43.000000
tx 148 r 13.000000 c 40.000000
tx 149 r 13.000000 c 41.000000
tx 150 r 13.000000 c 42.000000
tx 151 r 13.000000 c 43.000000
tx 152 r 14.000000 c 40.000000
tx 153 r 14.000000 c 41.000000
tx 154 r 14.000000 c 42.000000
tx 155 r 14.000000 c 43.000000
tx 156 r 15.000000 c 40.000000
tx 157 r 15.000000 c 41.000000
tx 158 r 15.000000 c 42.000000
tx 159 r 15.000000 c 43.000000
tx 224 r 40.000000 c 40.000000
tx 225 r 40.000000 c 41.000000
tx 226 r 40.000000 c 42.000000
tx 227 r 40.000000 c 43.000000
tx 228 r 41.000000 c 40.000000
tx 229 r 41.000000 c 41.000000
tx 230 r 41.000000 c 42.000000
tx 231 r 41.000000 c 43.000000
tx 232 r 42.000000 c 40.000000
tx 233 r 42.000000 c 41.000000
tx 234 r 42.000000 c 42.000000
tx 235 r 42.000000 c 43.000000
tx 236 r 43.000000 c 40.000000
tx 237 r 43.000000 c 41.000000
tx 238 r 43.000000 c 42.000000
tx 239 r 43.000000 c 43.000000
tx 240 r 44.000000 c 40.000000
tx 241 r 44.000000 c 41.000000
tx 242 r 44.000000 c 42.000000
tx 243 r 44.000000 c 43.000000
tx 244 r 45.000000 c 40.000000
tx 245 r 45.000000 c 41.000000
tx 246 r 45.000000 c 42.000000
tx 247 r 45.000000 c 43.000000
tx 248 r 46.000000 c 40.000000
tx 249 r 46.000000 c 41.000000
tx 250 r 46.000000 c 42.000000
tx 251 r 46.000000 c 43.000000
tx 252 r 47.000000 c 40.000000
tx 253 r 47.000000 c 41.000000
tx 254 r 47.000000 c 42.000000
tx 255 r 47.000000 c 43.000000
tx 0 r 8.000000 c 40.000000
tx 1 r 8.000000 c 41.000000
tx 2 r 8.000000 c 42.000000
tx 3 r 8.000000 c 43.000000
tx 4 r 9.000000 c 40.000000
tx 5 r 9.000000 c 41.000000
tx 6 r 9.000000 c 42.000000
tx 7 r 9.000000 c 43.000000
tx 8 r 10.000000 c 40.000000
tx 9 r 10.000000 c 41.000000
tx 10 r 10.000000 c 42.000000
tx 11 r 10.000000 c 43.000000
tx 12 r 11.000000 c 40.000000
tx 13 r 11.000000 c 41.000000
tx 14 r 11.000000 c 42.000000
tx 15 r 11.000000 c 43.000000
tx 16 r 12.000000 c 40.000000
tx 17 r 12.000000 c 41.000000
tx 18 r 12.000000 c 42.000000
tx 19 r 12.000000 c 43.000000
tx 20 r 13.000000 c 40.000000
tx 21 r 13.000000 c 41.000000
tx 22 r 13.000000 c 42.000000
tx 23 r 13.000000 c 43.000000
tx 24 r 14.000000 c 40.000000
tx 25 r 14.000000 c 41.000000
tx 26 r 14.000000 c 42.000000
tx 27 r 14.000000 c 43.000000
tx 28 r 15.000000 c 40.000000
tx 29 r 15.000000 c 41.000000
tx 30 r 15.000000 c 42.000000
tx 31 r 15.000000 c 43.000000
tx 160 r 40.000000 c 40.000000
tx 161 r 40.000000 c 41.000000
tx 162 r 40.000000 c 42.000000
tx 163 r 40.000000 c 43.000000
tx 164 r 41.000000 c 40.000000
tx 165 r 41.000000 c 41.000000
tx 166 r 41.000000 c 42.000000
tx 167 r 41.000000 c 43.000000
tx 168 r 42.000000 c 40.000000
tx 169 r 42.000000 c 41.000000
tx 170 r 42.000000 c 42.000000
tx 171 r 42.000000 c 43.000000
tx 172 r 43.000000 c 40.000000
tx 173 r 43.000000 c 41.000000
tx 174 r 43.000000 c 42.000000
tx 175 r 43.000000 c 43.000000
tx 176 r 44.000000 c 40.000000
tx 177 r 44.000000 c 41.000000
tx 178 r 44.000000 c 42.000000
tx 179 r 44.000000 c 43.000000
tx 180 r 45.000000 c 40.000000
tx 181 r 45.000000 c 41.000000
tx 182 r 45.000000 c 42.000000
tx 183 r 45.000000 c 43.000000
tx 184 r 46.000000 c 40.000000
tx 185 r 46.000000 c 41.000000
tx 186 r 46.000000 c 42.000000
tx 187 r 46.000000 c 43.000000
tx 188 r 47.000000 c 40.000000
tx 189 r 47.000000 c 41.000000
tx 190 r 47.000000 c 42.000000
tx 191 r 47.000000 c 43.000000
tx 192 r 8.000000 c 40.000000
tx 193 r 8.000000 c 41.000000
tx 194 r 8.000000 c 42.000000
tx 195 r 8.000000 c 43.000000
tx 196 r 9.000000 c 40.000000
tx 197 r 9.000000 c 41.000000
tx 198 r 9.000000 c 42.000000
tx 199 r 9.000000 c 43.000000
tx 200 r 10.000000 c 40.000000
tx 201 r 10.000000 c 41.000000
tx 202 r 10.000000 c 42.000000
tx 203 r 10.000000 c 43.000000
tx 204 r 11.000000 c 40.000000
tx 205 r 11.000000 c 41.000000
tx 206 r 11.000000 c 42.000000
tx 207 r 11.000000 c 43.000000
tx 208 r 12.000000 c 40.000000
tx 209 r 12.000000 c 41.000000
tx 210 r 12.000000 c 42.000000
tx 211 r 12.000000 c 43.000000
tx 212 r 13.000000 c 40.000000
tx 213 r 13.000000 c 41.000000
tx 214 r 13.000000 c 42.000000
tx 215 r 13.000000 c 43.000000
tx 216 r 14.000000 c 40.000000
tx 217 r 14.000000 c 41.000000
tx 218 r 14.000000 c 42.000000
tx 219 r 14.000000 c 43.000000
tx 220 r 15.000000 c 40.000000
tx 221 r 15.000000 c 41.000000
tx 222 r 15.000000 c 42.000000
tx 223 r 15.000000 c 43.000000
tx 32 r 40.000000 c 40.000000
tx 33 r 40.000000 c 41.000000
tx 34 r 40.000000 c 42.000000
tx 35 r 40.000000 c 43.000000
tx 36 r 41.000000 c 40.000000
tx 37 r 41.000000 c 41.000000
tx 38 r 41.000000 c 42.000000
tx 39 r 41.000000 c 43.000000
tx 40 r 42.000000 c 40.000000
tx 41 r 42.000000 c 41.000000
tx 42 r 42.000000 c 42.000000
tx 43 r 42.000000 c 43.000000
tx 44 r 43.000000 c 40.000000
tx 45 r 43.000000 c 41.000000
tx 46 r 43.000000 c 42.000000
tx 47 r 43.000000 c 43.000000
tx 48 r 44.000000 c 40.000000
tx 49 r 44.000000 c 41.000000
tx 50 r 44.000000 c 42.000000
tx 51 r 44.000000 c 43.000000
tx 52 r 45.000000 c 40.000000
tx 53 r 45.000000 c 41.000000
tx 54 r 45.000000 c 42.000000
tx 55 r 45.000000 c 43.000000
tx 56 r 46.000000 c 40.000000
tx 57 r 46.000000 c 41.000000
tx 58 r 46.000000 c 42.000000
tx 59 r 46.000000 c 43.000000
tx 60 r 47.000000 c 40.000000
tx 61 r 47.000000 c 41.000000
tx 62 r 47.000000 c 42.000000
tx 63 r 47.000000 c 43.000000
tx 64 r 8.000000 c 40.000000
tx 65 r 8.000000 c 41.000000
tx 66 r 8.000000 c 42.000000
tx 67 r 8.000000 c 43.000000
tx 68 r 9.000000 c 40.000000
tx 69 r 9.000000 c 41.000000
tx 70 r 9.000000 c 42.000000
tx 71 r 9.000000 c 43.000000
tx 72 r 10.000000 c 40.000000
tx 73 r 10.000000 c 41.000000
tx 74 r 10.000000 c 42.000000
tx 75 r 10.000000 c 43.000000
tx 76 r 11.000000 c 40.000000
tx 77 r 11.000000 c 41.000000
tx 78 r 11.000000 c 42.000000
tx 79 r 11.000000 c 43.000000
tx 80 r 12.000000 c 40.000000
tx 81 r 12.000000 c 41.000000
tx 82 r 12.000000 c 42.000000
tx 83 r 12.000000 c 43.000000
tx 84 r 13.000000 c 40.000000
tx 85 r 13.000000 c 41.000000
tx 86 r 13.000000 c 42.000000
tx 87 r 13.000000 c 43.000000
tx 88 r 14.000000 c 40.000000
tx 89 r 14.000000 c 41.000000
tx 90 r 14.000000 c 42.000000
tx 91 r 14.000000 c 43.000000
tx 92 r 15.000000 c 40.000000
tx 93 r 15.000000 c 41.000000
tx 94 r 15.000000 c 42.000000
tx 95 r 15.000000 c 43.000000
tx 96 r 40.000000 c 40.000000
tx 97 r 40.000000 c 41.000000
tx 98 r 40.000000 c 42.000000
tx 99 r 40.000000 c 43.000000
tx 100 r 41.000000 c 40.000000
tx 101 r 41.000000 c 41.000000
tx 102 r 41.000000 c 42.000000
tx 103 r 41.000000 c 43.000000
tx 104 r 42.000000 c 40.000000
tx 105 r 42.000000 c 41.000000
tx 106 r 42.000000 c 42.000000
tx 107 r 42.000000 c 43.000000
tx 108 r 43.000000 c 40.000000
tx 109 r 43.000000 c 41.000000
tx 110 r 43.000000 c 42.000000
tx 111 r 43.000000 c 43.000000
tx 112 r 44.000000 c 40.000000
tx 113 r 44.000000 c 41.000000
tx 114 r 44.000000 c 42.000000
tx 115 r 44.000000 c 43.000000
tx 116 r 45.000000 c 40.000000
tx 117 r 45.000000 c 41.000000
tx 118 r 45.000000 c 42.000000
tx 119 r 45.000000 c 43.000000
tx 120 r 46.000000 c 40.000000
tx 121 r 46.000000 c 41.000000
tx 122 r 46.000000 c 42.000000
tx 123 r 46.000000 c 43.000000
tx 124 r 47.000000 c 40.000000
tx 125 r 47.000000 c 41.000000
tx 126 r 47.000000 c 42.000000
tx 127 r 47.000000 c 43.000000
tx 128 r 16.000000 c 40.000000
tx 129 r 16.000000 c 41.000000
tx 130 r 16.000000 c 42.000000
tx 131 r 16.000000 c 43.000000
tx 132 r 17.000000 c 40.000000
tx 133 r 17.000000 c 41.000000
tx 134 r 17.000000 c 42.000000
tx 135 r 17.000000 c 43.000000
tx 136 r 18.000000 c 40.000000
tx 137 r 18.000000 c 41.000000
tx 138 r 18.000000 c 42.000000
tx 139 r 18.000000 c 43.000000
tx 140 r 19.000000 c 40.000000
tx 141 r 19.000000 c 41.000000
tx 142 r 19.000000 c 42.000000
tx 143 r 19.000000 c 43.000000
tx 144 r 20.000000 c 40.000000
tx 145 r 20.000000 c 41.000000
tx 146 r 20.000000 c 42.000000
tx 147 r 20.000000 c 43.000000
tx 148 r 21.000000 c 40.000000
tx 149 r 21.000000 c 41.000000
tx 150 r 21.000000 c 42.000000
tx 151 r 21.000000 c 43.000000
tx 152 r 22.000000 c 40.000000
tx 153 r 22.000000 c 41.000000
tx 154 r 22.000000 c 42.000000
tx 155 r 22.000000 c 43.000000
tx 156 r 23.000000 c 40.000000
tx 157 r 23.000000 c 41.000000
tx 158 r 23.000000 c 42.000000
tx 159 r 23.000000 c 43.000000
tx 64 r 16.000000 c 40.000000
tx 65 r 16.000000 c 41.000000
tx 66 r 16.000000 c 42.000000
tx 67 r 16.000000 c 43.000000
tx 68 r 17.000000 c 40.000000
tx 69 r 17.000000 c 41.000000
tx 70 r 17.000000 c 42.000000
tx 71 r 17.000000 c 43.000000
tx 72 r 18.000000 c 40.000000
tx 73 r 18.000000 c 41.000000
tx 74 r 18.000000 c 42.000000
tx 75 r 18.000000 c 43.000000
tx 76 r 19.000000 c 40.000000
tx 77 r 19.000000 c 41.000000
tx 78 r 19.000000 c 42.000000
tx 79 r 19.000000 c 43.000000
tx 80 r 20.000000 c 40.000000
tx 81 r 20.000000 c 41.000000
tx 82 r 20.000000 c 42.000000
tx 83 r 20.000000 c 43.000000
tx 84 r 21.000000 c 40.000000
tx 85 r 21.000000 c 41.000000
tx 86 r 21.000000 c 42.000000
tx 87 r 21.000000 c 43.000000
tx 88 r 22.000000 c 40.000000
tx 89 r 22.000000 c 41.000000
tx 90 r 22.000000 c 42.000000
tx 91 r 22.000000 c 43.000000
tx 92 r 23.000000 c 40.000000
tx 93 r 23.000000 c 41.000000
tx 94 r 23.000000 c 42.000000
tx 95 r 23.000000 c 43.000000
tx 160 r 48.000000 c 40.000000
tx 161 r 48.000000 c 41.000000
tx 162 r 48.000000 c 42.000000
tx 163 r 48.000000 c 43.000000
tx 164 r 49.000000 c 40.000000
tx 165 r 49.000000 c 41.000000
tx 166 r 49.000000 c 42.000000
tx 167 r 49.000000 c 43.000000
tx 168 r 50.000000 c 40.000000
tx 169 r 50.000000 c 41.000000
tx 170 r 50.000000 c 42.000000
tx 171 r 50.000000 c 43.000000
tx 172 r 51.000000 c 40.000000
tx 173 r 51.000000 c 41.000000
tx 174 r 51.000000 c 42.000000
tx 175 r 51.000000 c 43.000000
tx 176 r 52.000000 c 40.000000
tx 177 r 52.000000 c 41.000000
tx 178 r 52.000000 c 42.000000
tx 179 r 52.000000 c 43.000000
tx 180 r 53.000000 c 40.000000
tx 181 r 53.000000 c 41.000000
tx 182 r 53.000000 c 42.000000
tx 183 r 53.000000 c 43.000000
tx 184 r 54.000000 c 40.000000
tx 185 r 54.000000 c 41.000000
tx 186 r 54.000000 c 42.000000
tx 187 r 54.000000 c 43.000000
tx 188 r 55.000000 c 40.000000
tx 189 r 55.000000 c 41.000000
tx 190 r 55.000000 c 42.000000
tx 191 r 55.000000 c 43.000000
tx 0 r 16.000000 c 40.000000
tx 1 r 16.000000 c 41.000000
tx 2 r 16.000000 c 42.000000
tx 3 r 16.000000 c 43.000000
tx 4 r 17.000000 c 40.000000
tx 5 r 17.000000 c 41.000000
tx 6 r 17.000000 c 42.000000
tx 7 r 17.000000 c 43.000000
tx 8 r 18.000000 c 40.000000
tx 9 r 18.000000 c 41.000000
tx 10 r 18.000000 c 42.000000
tx 11 r 18.000000 c 43.000000
tx 12 r 19.000000 c 40.000000
tx 13 r 19.000000 c 41.000000
tx 14 r 19.000000 c 42.000000
tx 15 r 19.000000 c 43.000000
tx 16 r 20.000000 c 40.000000
tx 17 r 20.000000 c 41.000000
tx 18 r 20.000000 c 42.000000
tx 19 r 20.000000 c 43.000000
tx 20 r 21.000000 c 40.000000
tx 21 r 21.000000 c 41.000000
tx 22 r 21.000000 c 42.000000
tx 23 r 21.000000 c 43.000000
tx 24 r 22.000000 c 40.000000
tx 25 r 22.000000 c 41.000000
tx 26 r 22.000000 c 42.000000
tx 27 r 22.000000 c 43.000000
tx 28 r 23.000000 c 40.000000
tx 29 r 23.000000 c 41.000000
tx 30 r 23.000000 c 42.000000
tx 31 r 23.000000 c 43.000000
tx 224 r 48.000000 c 40.000000
tx 225 r 48.000000 c 41.000000
tx 226 r 48.000000 c 42.000000
tx 227 r 48.000000 c 43.000000
tx 228 r 49.000000 c 40.000000
tx 229 r 49.000000 c 41.000000
tx 230 r 49.000000 c 42.000000
tx 231 r 49.000000 c 43.000000
tx 232 r 50.000000 c 40.000000
tx 233 r 50.000000 c 41.000000
tx 234 r 50.000000 c 42.000000
tx 235 r 50.000000 c 43.000000
tx 236 r 51.000000 c 40.000000
tx 237 r 51.000000 c 41.000000
tx 238 r 51.000000 c 42.000000
tx 239 r 51.000000 c 43.000000
tx 240 r 52.000000 c 40.000000
tx 241 r 52.000000 c 41.000000
tx 242 r 52.000000 c 42.000000
tx 243 r 52.000000 c 43.000000
tx 244 r 53.000000 c 40.000000
tx 245 r 53.000000 c 41.000000
tx 246 r 53.000000 c 42.000000
tx 247 r 53.000000 c 43.000000
tx 248 r 54.000000 c 40.000000
tx 249 r 54.000000 c 41.000000
tx 250 r 54.000000 c 42.000000
tx 251 r 54.000000 c 43.000000
tx 252 r 55.000000 c 40.000000
tx 253 r 55.000000 c 41.000000
tx 254 r 55.000000 c 42.000000
tx 255 r 55.000000 c 43.000000
tx 192 r 16.000000 c 40.000000
tx 193 r 16.000000 c 41.000000
tx 194 r 16.000000 c 42.000000
tx 195 r 16.000000 c 43.000000
tx 196 r 17.000000 c 40.000000
tx 197 r 17.000000 c 41.000000
tx 198 r 17.000000 c 42.000000
tx 199 r 17.000000 c 43.000000
tx 200 r 18.000000 c 40.000000
tx 201 r 18.000000 c 41.000000
tx 202 r 18.000000 c 42.000000
tx 203 r 18.000000 c 43.000000
tx 204 r 19.000000 c 40.000000
tx 205 r 19.000000 c 41.000000
tx 206 r 19.000000 c 42.000000
tx 207 r 19.000000 c 43.000000
tx 208 r 20.000000 c 40.000000
tx 209 r 20.000000 c 41.000000
tx 210 r 20.000000 c 42.000000
tx 211 r 20.000000 c 43.000000
tx 212 r 21.000000 c 40.000000
tx 213 r 21.000000 c 41.000000
tx 214 r 21.000000 c 42.000000
tx 215 r 21.000000 c 43.000000
tx 216 r 22.000000 c 40.000000
tx 217 r 22.000000 c 41.000000
tx 218 r 22.000000 c 42.000000
tx 219 r 22.000000 c 43.000000
tx 220 r 23.000000 c 40.000000
tx 221 r 23.000000 c 41.000000
tx 222 r 23.000000 c 42.000000
tx 223 r 23.000000 c 43.000000
tx 32 r 48.000000 c 40.000000
tx 33 r 48.000000 c 41.000000
tx 34 r 48.000000 c 42.000000
tx 35 r 48.000000 c 43.000000
tx 36 r 49.000000 c 40.000000
tx 37 r 49.000000 c 41.000000
tx 38 r 49.000000 c 42.000000
tx 39 r 49.000000 c 43.000000
tx 40 r 50.000000 c 40.000000
tx 41 r 50.000000 c 41.000000
tx 42 r 50.000000 c 42.000000
tx 43 r 50.000000 c 43.000000
tx 44 r 51.000000 c 40.000000
tx 45 r 51.000000 c 41.000000
tx 46 r 51.000000 c 42.000000
tx 47 r 51.000000 c 43.000000
tx 48 r 52.000000 c 40.000000
tx 49 r 52.000000 c 41.000000
tx 50 r 52.000000 c 42.000000
tx 51 r 52.000000 c 43.000000
tx 52 r 53.000000 c 40.000000
tx 53 r 53.000000 c 41.000000
tx 54 r 53.000000 c 42.000000
tx 55 r 53.000000 c 43.000000
tx 56 r 54.000000 c 40.000000
tx 57 r 54.000000 c 41.000000
tx 58 r 54.000000 c 42.000000
tx 59 r 54.000000 c 43.000000
tx 60 r 55.000000 c 40.000000
tx 61 r 55.000000 c 41.000000
tx 62 r 55.000000 c 42.000000
tx 63 r 55.000000 c 43.000000
tx 96 r 48.000000 c 40.000000
tx 97 r 48.000000 c 41.000000
tx 98 r 48.000000 c 42.000000
tx 99 r 48.000000 c 43.000000
tx 100 r 49.000000 c 40.000000
tx 101 r 49.000000 c 41.000000
tx 102 r 49.000000 c 42.000000
tx 103 r 49.000000 c 43.000000
tx 104 r 50.000000 c 40.000000
tx 105 r 50.000000 c 41.000000
tx 106 r 50.000000 c 42.000000
tx 107 r 50.000000 c 43.000000
tx 108 r 51.000000 c 40.000000
tx 109 r 51.000000 c 41.000000
tx 110 r 51.000000 c 42.000000
tx 111 r 51.000000 c 43.000000
tx 112 r 52.000000 c 40.000000
tx 113 r 52.000000 c 41.000000
tx 114 r 52.000000 c 42.000000
tx 115 r 52.000000 c 43.000000
tx 116 r 53.000000 c 40.000000
tx 117 r 53.000000 c 41.000000
tx 118 r 53.000000 c 42.000000
tx 119 r 53.000000 c 43.000000
tx 120 r 54.000000 c 40.000000
tx 121 r 54.000000 c 41.000000
tx 122 r 54.000000 c 42.000000
tx 123 r 54.000000 c 43.000000
tx 124 r 55.000000 c 40.000000
tx 125 r 55.000000 c 41.000000
tx 126 r 55.000000 c 42.000000
tx 127 r 55.000000 c 43.000000
tx 128 r 24.000000 c 40.000000
tx 129 r 24.000000 c 41.000000
tx 130 r 24.000000 c 42.000000
tx 131 r 24.000000 c 43.000000
tx 132 r 25.000000 c 40.000000
tx 133 r 25.000000 c 41.000000
tx 134 r 25.000000 c 42.000000
tx 135 r 25.000000 c 43.000000
tx 136 r 26.000000 c 40.000000
tx 137 r 26.000000 c 41.000000
tx 138 r 26.000000 c 42.000000
tx 139 r 26.000000 c 43.000000
tx 140 r 27.000000 c 40.000000
tx 141 r 27.000000 c 41.000000
tx 142 r 27.000000 c 42.000000
tx 143 r 27.000000 c 43.000000
tx 144 r 28.000000 c 40.000000
tx 145 r 28.000000 c 41.000000
tx 146 r 28.000000 c 42.000000
tx 147 r 28.000000 c 43.000000
tx 148 r 29.000000 c 40.000000
tx 149 r 29.000000 c 41.000000
tx 150 r 29.000000 c 42.000000
tx 151 r 29.000000 c 43.000000
tx 152 r 30.000000 c 40.000000
tx 153 r 30.000000 c 41.000000
tx 154 r 30.000000 c 42.000000
tx 155 r 30.000000 c 43.000000
tx 156 r 31.000000 c 40.000000
tx 157 r 31.000000 c 41.000000
tx 158 r 31.000000 c 42.000000
tx 159 r 31.000000 c 43.000000
tx 224 r 56.000000 c 40.000000
tx 225 r 56.000000 c 41.000000
tx 226 r 56.000000 c 42.000000
tx 227 r 56.000000 c 43.000000
tx 228 r 57.000000 c 40.000000
tx 229 r 57.000000 c 41.000000
tx 230 r 57.000000 c 42.000000
tx 231 r 57.000000 c 43.000000
tx 232 r 58.000000 c 40.000000
tx 233 r 58.000000 c 41.000000
tx 234 r 58.000000 c 42.000000
tx 235 r 58.000000 c 43.000000
tx 236 r 59.000000 c 40.000000
tx 237 r 59.000000 c 41.000000
tx 238 r 59.000000 c 42.000000
tx 239 r 59.000000 c 43.000000
tx 240 r 60.000000 c 40.000000
tx 241 r 60.000000 c 41.000000
tx 242 r 60.000000 c 42.000000
tx 243 r 60.000000 c 43.000000
tx 244 r 61.000000 c 40.000000
tx 245 r 61.000000 c 41.000000
tx 246 r 61.000000 c 42.000000
tx 247 r 61.000000 c 43.000000
tx 248 r 62.000000 c 40.000000
tx 249 r 62.000000 c 41.000000
tx 250 r 62.000000 c 42.000000
tx 251 r 62.000000 c 43.000000
tx 252 r 63.000000 c 40.000000
tx 253 r 63.000000 c 41.000000
tx 254 r 63.000000 c 42.000000
tx 255 r 63.000000 c 43.000000
tx 0 r 24.000000 c 40.000000
tx 1 r 24.000000 c 41.000000
tx 2 r 24.000000 c 42.000000
tx 3 r 24.000000 c 43.000000
tx 4 r 25.000000 c 40.000000
tx 5 r 25.000000 c 41.000000
tx 6 r 25.000000 c 42.000000
tx 7 r 25.000000 c 43.000000
tx 8 r 26.000000 c 40.000000
tx 9 r 26.000000 c 41.000000
tx 10 r 26.000000 c 42.000000
tx 11 r 26.000000 c 43.000000
tx 12 r 27.000000 c 40.000000
tx 13 r 27.000000 c 41.000000
tx 14 r 27.000000 c 42.000000
tx 15 r 27.000000 c 43.000000
tx 16 r 28.000000 c 40.000000
tx 17 r 28.000000 c 41.000000
tx 18 r 28.000000 c 42.000000
tx 19 r 28.000000 c 43.000000
tx 20 r 29.000000 c 40.000000
tx 21 r 29.000000 c 41.000000
tx 22 r 29.000000 c 42.000000
tx 23 r 29.000000 c 43.000000
tx 24 r 30.000000 c 40.000000
tx 25 r 30.000000 c 41.000000
tx 26 r 30.000000 c 42.000000
tx 27 r 30.000000 c 43.000000
tx 28 r 31.000000 c 40.000000
tx 29 r 31.000000 c 41.000000
tx 30 r 31.000000 c 42.000000
tx 31 r 31.000000 c 43.000000
tx 160 r 56.000000 c 40.000000
tx 161 r 56.000000 c 41.000000
tx 162 r 56.000000 c 42.000000
tx 163 r 56.000000 c 43.000000
tx 164 r 57.000000 c 40.000000
tx 165 r 57.000000 c 41.000000
tx 166 r 57.000000 c 42.000000
tx 167 r 57.000000 c 43.000000
tx 168 r 58.000000 c 40.000000
tx 169 r 58.000000 c 41.000000
tx 170 r 58.000000 c 42.000000
tx 171 r 58.000000 c 43.000000
tx 172 r 59.000000 c 40.000000
tx 173 r 59.000000 c 41.000000
tx 174 r 59.000000 c 42.000000
tx 175 r 59.000000 c 43.000000
tx 176 r 60.000000 c 40.000000
tx 177 r 60.000000 c 41.000000
tx 178 r 60.000000 c 42.000000
tx 179 r 60.000000 c 43.000000
tx 180 r 61.000000 c 40.000000
tx 181 r 61.000000 c 41.000000
tx 182 r 61.000000 c 42.000000
tx 183 r 61.000000 c 43.000000
tx 184 r 62.000000 c 40.000000
tx 185 r 62.000000 c 41.000000
tx 186 r 62.000000 c 42.000000
tx 187 r 62.000000 c 43.000000
tx 188 r 63.000000 c 40.000000
tx 189 r 63.000000 c 41.000000
tx 190 r 63.000000 c 42.000000
tx 191 r 63.000000 c 43.000000
tx 64 r 24.000000 c 40.000000
tx 65 r 24.000000 c 41.000000
tx 66 r 24.000000 c 42.000000
tx 67 r 24.000000 c 43.000000
tx 68 r 25.000000 c 40.000000
tx 69 r 25.000000 c 41.000000
tx 70 r 25.000000 c 42.000000
tx 71 r 25.000000 c 43.000000
tx 72 r 26.000000 c 40.000000
tx 73 r 26.000000 c 41.000000
tx 74 r 26.000000 c 42.000000
tx 75 r 26.000000 c 43.000000
tx 76 r 27.000000 c 40.000000
tx 77 r 27.000000 c 41.000000
tx 78 r 27.000000 c 42.000000
tx 79 r 27.000000 c 43.000000
tx 80 r 28.000000 c 40.000000
tx 81 r 28.000000 c 41.000000
tx 82 r 28.000000 c 42.000000
tx 83 r 28.000000 c 43.000000
tx 84 r 29.000000 c 40.000000
tx 85 r 29.000000 c 41.000000
tx 86 r 29.000000 c 42.000000
tx 87 r 29.000000 c 43.000000
tx 88 r 30.000000 c 40.000000
tx 89 r 30.000000 c 41.000000
tx 90 r 30.000000 c 42.000000
tx 91 r 30.000000 c 43.000000
tx 92 r 31.000000 c 40.000000
tx 93 r 31.000000 c 41.000000
tx 94 r 31.000000 c 42.000000
tx 95 r 31.000000 c 43.000000
tx 32 r 56.000000 c 40.000000
tx 33 r 56.000000 c 41.000000
tx 34 r 56.000000 c 42.000000
tx 35 r 56.000000 c 43.000000
tx 36 r 57.000000 c 40.000000
tx 37 r 57.000000 c 41.000000
tx 38 r 57.000000 c 42.000000
tx 39 r 57.000000 c 43.000000
tx 40 r 58.000000 c 40.000000
tx 41 r 58.000000 c 41.000000
tx 42 r 58.000000 c 42.000000
tx 43 r 58.000000 c 43.000000
tx 44 r 59.000000 c 40.000000
tx 45 r 59.000000 c 41.000000
tx 46 r 59.000000 c 42.000000
tx 47 r 59.000000 c 43.000000
tx 48 r 60.000000 c 40.000000
tx 49 r 60.000000 c 41.000000
tx 50 r 60.000000 c 42.000000
tx 51 r 60.000000 c 43.000000
tx 52 r 61.000000 c 40.000000
tx 53 r 61.000000 c 41.000000
tx 54 r 61.000000 c 42.000000
tx 55 r 61.000000 c 43.000000
tx 56 r 62.000000 c 40.000000
tx 57 r 62.000000 c 41.000000
tx 58 r 62.000000 c 42.000000
tx 59 r 62.000000 c 43.000000
tx 60 r 63.000000 c 40.000000
tx 61 r 63.000000 c 41.000000
tx 62 r 63.000000 c 42.000000
tx 63 r 63.000000 c 43.000000
tx 192 r 24.000000 c 40.000000
tx 193 r 24.000000 c 41.000000
tx 194 r 24.000000 c 42.000000
tx 195 r 24.000000 c 43.000000
tx 196 r 25.000000 c 40.000000
tx 197 r 25.000000 c 41.000000
tx 198 r 25.000000 c 42.000000
tx 199 r 25.000000 c 43.000000
tx 200 r 26.000000 c 40.000000
tx 201 r 26.000000 c 41.000000
tx 202 r 26.000000 c 42.000000
tx 203 r 26.000000 c 43.000000
tx 204 r 27.000000 c 40.000000
tx 205 r 27.000000 c 41.000000
tx 206 r 27.000000 c 42.000000
tx 207 r 27.000000 c 43.000000
tx 208 r 28.000000 c 40.000000
tx 209 r 28.000000 c 41.000000
tx 210 r 28.000000 c 42.000000
tx 211 r 28.000000 c 43.000000
tx 212 r 29.000000 c 40.000000
tx 213 r 29.000000 c 41.000000
tx 214 r 29.000000 c 42.000000
tx 215 r 29.000000 c 43.000000
tx 216 r 30.000000 c 40.000000
tx 217 r 30.000000 c 41.000000
tx 218 r 30.000000 c 42.000000
tx 219 r 30.000000 c 43.000000
tx 220 r 31.000000 c 40.000000
tx 221 r 31.000000 c 41.000000
tx 222 r 31.000000 c 42.000000
tx 223 r 31.000000 c 43.000000
tx 96 r 56.000000 c 40.000000
tx 97 r 56.000000 c 41.000000
tx 98 r 56.000000 c 42.000000
tx 99 r 56.000000 c 43.000000
tx 100 r 57.000000 c 40.000000
tx 101 r 57.000000 c 41.000000
tx 102 r 57.000000 c 42.000000
tx 103 r 57.000000 c 43.000000
tx 104 r 58.000000 c 40.000000
tx 105 r 58.000000 c 41.000000
tx 106 r 58.000000 c 42.000000
tx 107 r 58.000000 c 43.000000
tx 108 r 59.000000 c 40.000000
tx 109 r 59.000000 c 41.000000
tx 110 r 59.000000 c 42.000000
tx 111 r 59.000000 c 43.000000
tx 112 r 60.000000 c 40.000000
tx 113 r 60.000000 c 41.000000
tx 114 r 60.000000 c 42.000000
tx 115 r 60.000000 c 43.000000
tx 116 r 61.000000 c 40.000000
tx 117 r 61.000000 c 41.000000
tx 118 r 61.000000 c 42.000000
tx 119 r 61.000000 c 43.000000
tx 120 r 62.000000 c 40.000000
tx 121 r 62.000000 c 41.000000
tx 122 r 62.000000 c 42.000000
tx 123 r 62.000000 c 43.000000
tx 124 r 63.000000 c 40.000000
tx 125 r 63.000000 c 41.000000
tx 126 r 63.000000 c 42.000000
tx 127 r 63.000000 c 43.000000
tx 128 r 0.000000 c 44.000000
tx 129 r 0.000000 c 45.000000
tx 130 r 0.000000 c 46.000000
tx 131 r 0.000000 c 47.000000
tx 132 r 1.000000 c 44.000000
tx 133 r 1.000000 c 45.000000
tx 134 r 1.000000 c 46.000000
tx 135 r 1.000000 c 47.000000
tx 136 r 2.000000 c 44.000000
tx 137 r 2.000000 c 45.000000
tx 138 r 2.000000 c 46.000000
tx 139 r 2.000000 c 47.000000
tx 140 r 3.000000 c 44.000000
tx 141 r 3.000000 c 45.000000
tx 142 r 3.000000 c 46.000000
tx 143 r 3.000000 c 47.000000
tx 144 r 4.000000 c 44.000000
tx 145 r 4.000000 c 45.000000
tx 146 r 4.000000 c 46.000000
tx 147 r 4.000000 c 47.000000
tx 148 r 5.000000 c 44.000000
tx 149 r 5.000000 c 45.000000
tx 150 r 5.000000 c 46.000000
tx 151 r 5.000000 c 47.000000
tx 152 r 6.000000 c 44.000000
tx 153 r 6.000000 c 45.000000
tx 154 r 6.000000 c 46.000000
tx 155 r 6.000000 c 47.000000
tx 156 r 7.000000 c 44.000000
tx 157 r 7.000000 c 45.000000
tx 158 r 7.000000 c 46.000000
tx 159 r 7.000000 c 47.000000
tx 192 r 0.000000 c 44.000000
tx 193 r 0.000000 c 45.000000
tx 194 r 0.000000 c 46.000000
tx 195 r 0.000000 c 47.000000
tx 196 r 1.000000 c 44.000000
tx 197 r 1.000000 c 45.000000
tx 198 r 1.000000 c 46.000000
tx 199 r 1.000000 c 47.000000
tx 200 r 2.000000 c 44.000000
tx 201 r 2.000000 c 45.000000
tx 202 r 2.000000 c 46.000000
tx 203 r 2.000000 c 47.000000
tx 204 r 3.000000 c 44.000000
tx 205 r 3.000000 c 45.000000
tx 206 r 3.000000 c 46.000000
tx 207 r 3.000000 c 47.000000
tx 208 r 4.000000 c 44.000000
tx 209 r 4.000000 c 45.000000
tx 210 r 4.000000 c 46.000000
tx 211 r 4.000000 c 47.000000
tx 212 r 5.000000 c 44.000000
tx 213 r 5.000000 c 45.000000
tx 214 r 5.000000 c 46.000000
tx 215 r 5.000000 c 47.000000
tx 216 r 6.000000 c 44.000000
tx 217 r 6.000000 c 45.000000
tx 218 r 6.000000 c 46.000000
tx 219 r 6.000000 c 47.000000
tx 220 r 7.000000 c 44.000000
tx 221 r 7.000000 c 45.000000
tx 222 r 7.000000 c 46.000000
tx 223 r 7.000000 c 47.000000
tx 32 r 32.000000 c 44.000000
tx 33 r 32.000000 c 45.000000
tx 34 r 32.000000 c 46.000000
tx 35 r 32.000000 c 47.000000
tx 36 r 33.000000 c 44.000000
tx 37 r 33.000000 c 45.000000
tx 38 r 33.000000 c 46.000000
tx 39 r 33.000000 c 47.000000
tx 40 r 34.000000 c 44.000000
tx 41 r 34.000000 c 45.000000
tx 42 r 34.000000 c 46.000000
tx 43 r 34.000000 c 47.000000
tx 44 r 35.000000 c 44.000000
tx 45 r 35.000000 c 45.000000
tx 46 r 35.000000 c 46.000000
tx 47 r 35.000000 c 47.000000
tx 48 r 36.000000 c 44.000000
tx 49 r 36.000000 c 45.000000
tx 50 r 36.000000 c 46.000000
tx 51 r 36.000000 c 47.000000
tx 52 r 37.000000 c 44.000000
tx 53 r 37.000000 c 45.000000
tx 54 r 37.000000 c 46.000000
tx 55 r 37.000000 c 47.000000
tx 56 r 38.000000 c 44.000000
tx 57 r 38.000000 c 45.000000
tx 58 r 38.000000 c 46.000000
tx 59 r 38.000000 c 47.000000
tx 60 r 39.000000 c 44.000000
tx 61 r 39.000000 c 45.000000
tx 62 r 39.000000 c 46.000000
tx 63 r 39.000000 c 47.000000
tx 64 r 0.000000 c 44.000000
tx 65 r 0.000000 c 45.000000
tx 66 r 0.000000 c 46.000000
tx 67 r 0.000000 c 47.000000
tx 68 r 1.000000 c 44.000000
tx 69 r 1.000000 c 45.000000
tx 70 r 1.000000 c 46.000000
tx 71 r 1.000000 c 47.000000
tx 72 r 2.000000 c 44.000000
tx 73 r 2.000000 c 45.000000
tx 74 r 2.000000 c 46.000000
tx 75 r 2.000000 c 47.000000
tx 76 r 3.000000 c 44.000000
tx 77 r 3.000000 c 45.000000
tx 78 r 3.000000 c 46.000000
tx 79 r 3.000000 c 47.000000
tx 80 r 4.000000 c 44.000000
tx 81 r 4.000000 c 45.000000
tx 82 r 4.000000 c 46.000000
tx 83 r 4.000000 c 47.000000
tx 84 r 5.000000 c 44.000000
tx 85 r 5.000000 c 45.000000
tx 86 r 5.000000 c 46.000000
tx 87 r 5.000000 c 47.000000
tx 88 r 6.000000 c 44.000000
tx 89 r 6.000000 c 45.000000
tx 90 r 6.000000 c 46.000000
tx 91 r 6.000000 c 47.000000
tx 92 r 7.000000 c 44.000000
tx 93 r 7.000000 c 45.000000
tx 94 r 7.000000 c 46.000000
tx 95 r 7.000000 c 47.000000
tx 0 r 0.000000 c 44.000000
tx 1 r 0.000000 c 45.000000
tx 2 r 0.000000 c 46.000000
tx 3 r 0.000000 c 47.000000
tx 4 r 1.000000 c 44.000000
tx 5 r 1.000000 c 45.000000
tx 6 r 1.000000 c 46.000000
tx 7 r 1.000000 c 47.000000
tx 8 r 2.000000 c 44.000000
tx 9 r 2.000000 c 45.000000
tx 10 r 2.000000 c 46.000000
tx 11 r 2.000000 c 47.000000
tx 12 r 3.000000 c 44.000000
tx 13 r 3.000000 c 45.000000
tx 14 r 3.000000 c 46.000000
tx 15 r 3.000000 c 47.000000
tx 16 r 4.000000 c 44.000000
tx 17 r 4.000000 c 45.000000
tx 18 r 4.000000 c 46.000000
tx 19 r 4.000000 c 47.000000
tx 20 r 5.000000 c 44.000000
tx 21 r 5.000000 c 45.000000
tx 22 r 5.000000 c 46.000000
tx 23 r 5.000000 c 47.000000
tx 24 r 6.000000 c 44.000000
tx 25 r 6.000000 c 45.000000
tx 26 r 6.000000 c 46.000000
tx 27 r 6.000000 c 47.000000
tx 28 r 7.000000 c 44.000000
tx 29 r 7.000000 c 45.000000
tx 30 r 7.000000 c 46.000000
tx 31 r 7.000000 c 47.000000
tx 96 r 32.000000 c 44.000000
tx 97 r 32.000000 c 45.000000
tx 98 r 32.000000 c 46.000000
tx 99 r 32.000000 c 47.000000
tx 100 r 33.000000 c 44.000000
tx 101 r 33.000000 c 45.000000
tx 102 r 33.000000 c 46.000000
tx 103 r 33.000000 c 47.000000
tx 104 r 34.000000 c 44.000000
tx 105 r 34.000000 c 45.000000
tx 106 r 34.000000 c 46.000000
tx 107 r 34.000000 c 47.000000
tx 108 r 35.000000 c 44.000000
tx 109 r 35.000000 c 45.000000
tx 110 r 35.000000 c 46.000000
tx 111 r 35.000000 c 47.000000
tx 112 r 36.000000 c 44.000000
tx 113 r 36.000000 c 45.000000
tx 114 r 36.000000 c 46.000000
tx 115 r 36.000000 c 47.000000
tx 116 r 37.000000 c 44.000000
tx 117 r 37.000000 c 45.000000
tx 118 r 37.000000 c 46.000000
tx 119 r 37.000000 c 47.000000
tx 120 r 38.000000 c 44.000000
tx 121 r 38.000000 c 45.000000
tx 122 r 38.000000 c 46.000000
tx 123 r 38.000000 c 47.000000
tx 124 r 39.000000 c 44.000000
tx 125 r 39.000000 c 45.000000
tx 126 r 39.000000 c 46.000000
tx 127 r 39.000000 c 47.000000
tx 160 r 32.000000 c 44.000000
tx 161 r 32.000000 c 45.000000
tx 162 r 32.000000 c 46.000000
tx 163 r 32.000000 c 47.000000
tx 164 r 33.000000 c 44.000000
tx 165 r 33.000000 c 45.000000
tx 166 r 33.000000 c 46.000000
tx 167 r 33.000000 c 47.000000
tx 168 r 34.000000 c 44.000000
tx 169 r 34.000000 c 45.000000
tx 170 r 34.000000 c 46.000000
tx 171 r 34.000000 c 47.000000
tx 172 r 35.000000 c 44.000000
tx 173 r 35.000000 c 45.000000
tx 174 r 35.000000 c 46.000000
tx 175 r 35.000000 c 47.000000
tx 176 r 36.000000 c 44.000000
tx 177 r 36.000000 c 45.000000
tx 178 r 36.000000 c 46.000000
tx 179 r 36.000000 c 47.000000
tx 180 r 37.000000 c 44.000000
tx 181 r 37.000000 c 45.000000
tx 182 r 37.000000 c 46.000000
tx 183 r 37.000000 c 47.000000
tx 184 r 38.000000 c 44.000000
tx 185 r 38.000000 c 45.000000
tx 186 r 38.000000 c 46.000000
tx 187 r 38.000000 c 47.000000
tx 188 r 39.000000 c 44.000000
tx 189 r 39.000000 c 45.000000
tx 190 r 39.000000 c 46.000000
tx 191 r 39.000000 c 47.000000
tx 224 r 32.000000 c 44.000000
tx 225 r 32.000000 c 45.000000
tx 226 r 32.000000 c 46.000000
tx 227 r 32.000000 c 47.000000
tx 228 r 33.000000 c 44.000000
tx 229 r 33.000000 c 45.000000
tx 230 r 33.000000 c 46.000000
tx 231 r 33.000000 c 47.000000
tx 232 r 34.000000 c 44.000000
tx 233 r 34.000000 c 45.000000
tx 234 r 34.000000 c 46.000000
tx 235 r 34.000000 c 47.000000
tx 236 r 35.000000 c 44.000000
tx 237 r 35.000000 c 45.000000
tx 238 r 35.000000 c 46.000000
tx 239 r 35.000000 c 47.000000
tx 240 r 36.000000 c 44.000000
tx 241 r 36.000000 c 45.000000
tx 242 r 36.000000 c 46.000000
tx 243 r 36.000000 c 47.000000
tx 244 r 37.000000 c 44.000000
tx 245 r 37.000000 c 45.000000
tx 246 r 37.000000 c 46.000000
tx 247 r 37.000000 c 47.000000
tx 248 r 38.000000 c 44.000000
tx 249 r 38.000000 c 45.000000
tx 250 r 38.000000 c 46.000000
tx 251 r 38.000000 c 47.000000
tx 252 r 39.000000 c 44.000000
tx 253 r 39.000000 c 45.000000
tx 254 r 39.000000 c 46.000000
tx 255 r 39.000000 c 47.000000
tx 192 r 8.000000 c 44.000000
tx 193 r 8.000000 c 45.000000
tx 194 r 8.000000 c 46.000000
tx 195 r 8.000000 c 47.000000
tx 196 r 9.000000 c 44.000000
tx 197 r 9.000000 c 45.000000
tx 198 r 9.000000 c 46.000000
tx 199 r 9.000000 c 47.000000
tx 200 r 10.000000 c 44.000000
tx 201 r 10.000000 c 45.000000
tx 202 r 10.000000 c 46.000000
tx 203 r 10.000000 c 47.000000
tx 204 r 11.000000 c 44.000000
tx 205 r 11.000000 c 45.000000
tx 206 r 11.000000 c 46.000000
tx 207 r 11.000000 c 47.000000
tx 208 r 12.000000 c 44.000000
tx 209 r 12.000000 c 45.000000
tx 210 r 12.000000 c 46.000000
tx 211 r 12.000000 c 47.000000
tx 212 r 13.000000 c 44.000000
tx 213 r 13.000000 c 45.000000
tx 214 r 13.000000 c 46.000000
tx 215 r 13.000000 c 47.000000
tx 216 r 14.000000 c 44.000000
tx 217 r 14.000000 c 45.000000
tx 218 r 14.000000 c 46.000000
tx 219 r 14.000000 c 47.000000
tx 220 r 15.000000 c 44.000000
tx 221 r 15.000000 c 45.000000
tx 222 r 15.000000 c 46.000000
tx 223 r 15.000000 c 47.000000
tx 64 r 8.000000 c 44.000000
tx 65 r 8.000000 c 45.000000
tx 66 r 8.000000 c 46.000000
tx 67 r 8.000000 c 47.000000
tx 68 r 9.000000 c 44.000000
tx 69 r 9.000000 c 45.000000
tx 70 r 9.000000 c 46.000000
tx 71 r 9.000000 c 47.000000
tx 72 r 10.000000 c 44.000000
tx 73 r 10.000000 c 45.000000
tx 74 r 10.000000 c 46.000000
tx 75 r 10.000000 c 47.000000
tx 76 r 11.000000 c 44.000000
tx 77 r 11.000000 c 45.000000
tx 78 r 11.000000 c 46.000000
tx 79 r 11.000000 c 47.000000
tx 80 r 12.000000 c 44.000000
tx 81 r 12.000000 c 45.000000
tx 82 r 12.000000 c 46.000000
tx 83 r 12.000000 c 47.000000
tx 84 r 13.000000 c 44.000000
tx 85 r 13.000000 c 45.000000
tx 86 r 13.000000 c 46.000000
tx 87 r 13.000000 c 47.000000
tx 88 r 14.000000 c 44.000000
tx 89 r 14.000000 c 45.000000
tx 90 r 14.000000 c 46.000000
tx 91 r 14.000000 c 47.000000
tx 92 r 15.000000 c 44.000000
tx 93 r 15.000000 c 45.000000
tx 94 r 15.000000 c 46.000000
tx 95 r 15.000000 c 47.000000
tx 0 r 8.000000 c 44.000000
tx 1 r 8.000000 c 45.000000
tx 2 r 8.000000 c 46.000000
tx 3 r 8.000000 c 47.000000
tx 4 r 9.000000 c 44.000000
tx 5 r 9.000000 c 45.000000
tx 6 r 9.000000 c 46.000000
tx 7 r 9.000000 c 47.000000
tx 8 r 10.000000 c 44.000000
tx 9 r 10.000000 c 45.000000
tx 10 r 10.000000 c 46.000000
tx 11 r 10.000000 c 47.000000
tx 12 r 11.000000 c 44.000000
tx 13 r 11.000000 c 45.000000
tx 14 r 11.000000 c 46.000000
tx 15 r 11.000000 c 47.000000
tx 16 r 12.000000 c 44.000000
tx 17 r 12.000000 c 45.000000
tx 18 r 12.000000 c 46.000000
tx 19 r 12.000000 c 47.000000
tx 20 r 13.000000 c 44.000000
tx 21 r 13.000000 c 45.000000
tx 22 r 13.000000 c 46.000000
tx 23 r 13.000000 c 47.000000
tx 24 r 14.000000 c 44.000000
tx 25 r 14.000000 c 45.000000
tx 26 r 14.000000 c 46.000000
tx 27 r 14.000000 c 47.000000
tx 28 r 15.000000 c 44.000000
tx 29 r 15.000000 c 45.000000
tx 30 r 15.000000 c 46.000000
tx 31 r 15.000000 c 47.000000
tx 224 r 40.000000 c 44.000000
tx 225 r 40.000000 c 45.000000
tx 226 r 40.000000 c 46.000000
tx 227 r 40.000000 c 47.000000
tx 228 r 41.000000 c 44.000000
tx 229 r 41.000000 c 45.000000
tx 230 r 41.000000 c 46.000000
tx 231 r 41.000000 c 47.000000
tx 232 r 42.000000 c 44.000000
tx 233 r 42.000000 c 45.000000
tx 234 r 42.000000 c 46.000000
tx 235 r 42.000000 c 47.000000
tx 236 r 43.000000 c 44.000000
tx 237 r 43.000000 c 45.000000
tx 238 r 43.000000 c 46.000000
tx 239 r 43.000000 c 47.000000
tx 240 r 44.000000 c 44.000000
tx 241 r 44.000000 c 45.000000
tx 242 r 44.000000 c 46.000000
tx 243 r 44.000000 c 47.000000
tx 244 r 45.000000 c 44.000000
tx 245 r 45.000000 c 45.000000
tx 246 r 45.000000 c 46.000000
tx 247 r 45.000000 c 47.000000
tx 248 r 46.000000 c 44.000000
tx 249 r 46.000000 c 45.000000
tx 250 r 46.000000 c 46.000000
tx 251 r 46.000000 c 47.000000
tx 252 r 47.000000 c 44.000000
tx 253 r 47.000000 c 45.000000
tx 254 r 47.000000 c 46.000000
tx 255 r 47.000000 c 47.000000
tx 32 r 40.000000 c 44.000000
tx 33 r 40.000000 c 45.000000
tx 34 r 40.000000 c 46.000000
tx 35 r 40.000000 c 47.000000
tx 36 r 41.000000 c 44.000000
tx 37 r 41.000000 c 45.000000
tx 38 r 41.000000 c 46.000000
tx 39 r 41.000000 c 47.000000
tx 40 r 42.000000 c 44.000000
tx 41 r 42.000000 c 45.000000
tx 42 r 42.000000 c 46.000000
tx 43 r 42.000000 c 47.000000
tx 44 r 43.000000 c 44.000000
tx 45 r 43.000000 c 45.000000
tx 46 r 43.000000 c 46.000000
tx 47 r 43.000000 c 47.000000
tx 48 r 44.000000 c 44.000000
tx 49 r 44.000000 c 45.000000
tx 50 r 44.000000 c 46.000000
tx 51 r 44.000000 c 47.000000
tx 52 r 45.000000 c 44.000000
tx 53 r 45.000000 c 45.000000
tx 54 r 45.000000 c 46.000000
tx 55 r 45.000000 c 47.000000
tx 56 r 46.000000 c 44.000000
tx 57 r 46.000000 c 45.000000
tx 58 r 46.000000 c 46.000000
tx 59 r 46.000000 c 47.000000
tx 60 r 47.000000 c 44.000000
tx 61 r 47.000000 c 45.000000
tx 62 r 47.000000 c 46.000000
tx 63 r 47.000000 c 47.000000
tx 96 r 40.000000 c 44.000000
tx 97 r 40.000000 c 45.000000
tx 98 r 40.000000 c 46.000000
tx 99 r 40.000000 c 47.000000
tx 100 r 41.000000 c 44.000000
tx 101 r 41.000000 c 45.000000
tx 102 r 41.000000 c 46.000000
tx 103 r 41.000000 c 47.000000
tx 104 r 42.000000 c 44.000000
tx 105 r 42.000000 c 45.000000
tx 106 r 42.000000 c 46.000000
tx 107 r 42.000000 c 47.000000
tx 108 r 43.000000 c 44.000000
tx 109 r 43.000000 c 45.000000
tx 110 r 43.000000 c 46.000000
tx 111 r 43.000000 c 47.000000
tx 112 r 44.000000 c 44.000000
tx 113 r 44.000000 c 45.000000
tx 114 r 44.000000 c 46.000000
tx 115 r 44.000000 c 47.000000
tx 116 r 45.000000 c 44.000000
tx 117 r 45.000000 c 45.000000
tx 118 r 45.000000 c 46.000000
tx 119 r 45.000000 c 47.000000
tx 120 r 46.000000 c 44.000000
tx 121 r 46.000000 c 45.000000
tx 122 r 46.000000 c 46.000000
tx 123 r 46.000000 c 47.000000
tx 124 r 47.000000 c 44.000000
tx 125 r 47.000000 c 45.000000
tx 126 r 47.000000 c 46.000000
tx 127 r 47.000000 c 47.000000
tx 128 r 8.000000 c 44.000000
tx 129 r 8.000000 c 45.000000
tx 130 r 8.000000 c 46.000000
tx 131 r 8.000000 c 47.000000
tx 132 r 9.000000 c 44.000000
tx 133 r 9.000000 c 45.000000
tx 134 r 9.000000 c 46.000000
tx 135 r 9.000000 c 47.000000
tx 136 r 10.000000 c 44.000000
tx 137 r 10.000000 c 45.000000
tx 138 r 10.000000 c 46.000000
tx 139 r 10.000000 c 47.000000
tx 140 r 11.000000 c 44.000000
tx 141 r 11.000000 c 45.000000
tx 142 r 11.000000 c 46.000000
tx 143 r 11.000000 c 47.000000
tx 144 r 12.000000 c 44.000000
tx 145 r 12.000000 c 45.000000
tx 146 r 12.000000 c 46.000000
tx 147 r 12.000000 c 47.000000
tx 148 r 13.000000 c 44.000000
tx 149 r 13.000000 c 45.000000
tx 150 r 13.000000 c 46.000000
tx 151 r 13.000000 c 47.000000
tx 152 r 14.000000 c 44.000000
tx 153 r 14.000000 c 45.000000
tx 154 r 14.000000 c 46.000000
tx 155 r 14.000000 c 47.000000
tx 156 r 15.000000 c 44.000000
tx 157 r 15.000000 c 45.000000
tx 158 r 15.000000 c 46.000000
tx 159 r 15.000000 c 47.000000
tx 160 r 40.000000 c 44.000000
tx 161 r 40.000000 c 45.000000
tx 162 r 40.000000 c 46.000000
tx 163 r 40.000000 c 47.000000
tx 164 r 41.000000 c 44.000000
tx 165 r 41.000000 c 45.000000
tx 166 r 41.000000 c 46.000000
tx 167 r 41.000000 c 47.000000
tx 168 r 42.000000 c 44.000000
tx 169 r 42.000000 c 45.000000
tx 170 r 42.000000 c 46.000000
tx 171 r 42.000000 c 47.000000
tx 172 r 43.000000 c 44.000000
tx 173 r 43.000000 c 45.000000
tx 174 r 43.000000 c 46.000000
tx 175 r 43.000000 c 47.000000
tx 176 r 44.000000 c 44.000000
tx 177 r 44.000000 c 45.000000
tx 178 r 44.000000 c 46.000000
tx 179 r 44.000000 c 47.000000
tx 180 r 45.000000 c 44.000000
tx 181 r 45.000000 c 45.000000
tx 182 r 45.000000 c 46.000000
tx 183 r 45.000000 c 47.000000
tx 184 r 46.000000 c 44.000000
tx 185 r 46.000000 c 45.000000
tx 186 r 46.000000 c 46.000000
tx 187 r 46.000000 c 47.000000
tx 188 r 47.000000 c 44.000000
tx 189 r 47.000000 c 45.000000
tx 190 r 47.000000 c 46.000000
tx 191 r 47.000000 c 47.000000
tx 192 r 16.000000 c 44.000000
tx 193 r 16.000000 c 45.000000
tx 194 r 16.000000 c 46.000000
tx 195 r 16.000000 c 47.000000
tx 196 r 17.000000 c 44.000000
tx 197 r 17.000000 c 45.000000
tx 198 r 17.000000 c 46.000000
tx 199 r 17.000000 c 47.000000
tx 200 r 18.000000 c 44.000000
tx 201 r 18.000000 c 45.000000
tx 202 r 18.000000 c 46.000000
tx 203 r 18.000000 c 47.000000
tx 204 r 19.000000 c 44.000000
tx 205 r 19.000000 c 45.000000
tx 206 r 19.000000 c 46.000000
tx 207 r 19.000000 c 47.000000
tx 208 r 20.000000 c 44.000000
tx 209 r 20.000000 c 45.000000
tx 210 r 20.000000 c 46.000000
tx 211 r 20.000000 c 47.000000
tx 212 r 21.000000 c 44.000000
tx 213 r 21.000000 c 45.000000
tx 214 r 21.000000 c 46.000000
tx 215 r 21.000000 c 47.000000
tx 216 r 22.000000 c 44.000000
tx 217 r 22.000000 c 45.000000
tx 218 r 22.000000 c 46.000000
tx 219 r 22.000000 c 47.000000
tx 220 r 23.000000 c 44.000000
tx 221 r 23.000000 c 45.000000
tx 222 r 23.000000 c 46.000000
tx 223 r 23.000000 c 47.000000
tx 64 r 16.000000 c 44.000000
tx 65 r 16.000000 c 45.000000
tx 66 r 16.000000 c 46.000000
tx 67 r 16.000000 c 47.000000
tx 68 r 17.000000 c 44.000000
tx 69 r 17.000000 c 45.000000
tx 70 r 17.000000 c 46.000000
tx 71 r 17.000000 c 47.000000
tx 72 r 18.000000 c 44.000000
tx 73 r 18.000000 c 45.000000
tx 74 r 18.000000 c 46.000000
tx 75 r 18.000000 c 47.000000
tx 76 r 19.000000 c 44.000000
tx 77 r 19.000000 c 45.000000
tx 78 r 19.000000 c 46.000000
tx 79 r 19.000000 c 47.000000
tx 80 r 20.000000 c 44.000000
tx 81 r 20.000000 c 45.000000
tx 82 r 20.000000 c 46.000000
tx 83 r 20.000000 c 47.000000
tx 84 r 21.000000 c 44.000000
tx 85 r 21.000000 c 45.000000
tx 86 r 21.000000 c 46.000000
tx 87 r 21.000000 c 47.000000
tx 88 r 22.000000 c 44.000000
tx 89 r 22.000000 c 45.000000
tx 90 r 22.000000 c 46.000000
tx 91 r 22.000000 c 47.000000
tx 92 r 23.000000 c 44.000000
tx 93 r 23.000000 c 45.000000
tx 94 r 23.000000 c 46.000000
tx 95 r 23.000000 c 47.000000
tx 0 r 16.000000 c 44.000000
tx 1 r 16.000000 c 45.000000
tx 2 r 16.000000 c 46.000000
tx 3 r 16.000000 c 47.000000
tx 4 r 17.000000 c 44.000000
tx 5 r 17.000000 c 45.000000
tx 6 r 17.000000 c 46.000000
tx 7 r 17.000000 c 47.000000
tx 8 r 18.000000 c 44.000000
tx 9 r 18.000000 c 45.000000
tx 10 r 18.000000 c 46.000000
tx 11 r 18.000000 c 47.000000
tx 12 r 19.000000 c 44.000000
tx 13 r 19.000000 c 45.000000
tx 14 r 19.000000 c 46.000000
tx 15 r 19.000000 c 47.000000
tx 16 r 20.000000 c 44.000000
tx 17 r 20.000000 c 45.000000
tx 18 r 20.000000 c 46.000000
tx 19 r 20.000000 c 47.000000
tx 20 r 21.000000 c 44.000000
tx 21 r 21.000000 c 45.000000
tx 22 r 21.000000 c 46.000000
tx 23 r 21.000000 c 47.000000
tx 24 r 22.000000 c 44.000000
tx 25 r 22.000000 c 45.000000
tx 26 r 22.000000 c 46.000000
tx 27 r 22.000000 c 47.000000
tx 28 r 23.000000 c 44.000000
tx 29 r 23.000000 c 45.000000
tx 30 r 23.000000 c 46.000000
tx 31 r 23.000000 c 47.000000
tx 96 r 48.000000 c 44.000000
tx 97 r 48.000000 c 45.000000
tx 98 r 48.000000 c 46.000000
tx 99 r 48.000000 c 47.000000
tx 100 r 49.000000 c 44.000000
tx 101 r 49.000000 c 45.000000
tx 102 r 49.000000 c 46.000000
tx 103 r 49.000000 c 47.000000
tx 104 r 50.000000 c 44.000000
tx 105 r 50.000000 c 45.000000
tx 106 r 50.000000 c 46.000000
tx 107 r 50.000000 c 47.000000
tx 108 r 51.000000 c 44.000000
tx 109 r 51.000000 c 45.000000
tx 110 r 51.000000 c 46.000000
tx 111 r 51.000000 c 47.000000
tx 112 r 52.000000 c 44.000000
tx 113 r 52.000000 c 45.000000
tx 114 r 52.000000 c 46.000000
tx 115 r 52.000000 c 47.000000
tx 116 r 53.000000 c 44.000000
tx 117 r 53.000000 c 45.000000
tx 118 r 53.000000 c 46.000000
tx 119 r 53.000000 c 47.000000
tx 120 r 54.000000 c 44.000000
tx 121 r 54.000000 c 45.000000
tx 122 r 54.000000 c 46.000000
tx 123 r 54.000000 c 47.000000
tx 124 r 55.000000 c 44.000000
tx 125 r 55.000000 c 45.000000
tx 126 r 55.000000 c 46.000000
tx 127 r 55.000000 c 47.000000
tx 32 r 48.000000 c 44.000000
tx 33 r 48.000000 c 45.000000
tx 34 r 48.000000 c 46.000000
tx 35 r 48.000000 c 47.000000
tx 36 r 49.000000 c 44.000000
tx 37 r 49.000000 c 45.000000
tx 38 r 49.000000 c 46.000000
tx 39 r 49.000000 c 47.000000
tx 40 r 50.000000 c 44.000000
tx 41 r 50.000000 c 45.000000
tx 42 r 50.000000 c 46.000000
tx 43 r 50.000000 c 47.000000
tx 44 r 51.000000 c 44.000000
tx 45 r 51.000000 c 45.000000
tx 46 r 51.000000 c 46.000000
tx 47 r 51.000000 c 47.000000
tx 48 r 52.000000 c 44.000000
tx 49 r 52.000000 c 45.000000
tx 50 r 52.000000 c 46.000000
tx 51 r 52.000000 c 47.000000
tx 52 r 53.000000 c 44.000000
tx 53 r 53.000000 c 45.000000
tx 54 r 53.000000 c 46.000000
tx 55 r 53.000000 c 47.000000
tx 56 r 54.000000 c 44.000000
tx 57 r 54.000000 c 45.000000
tx 58 r 54.000000 c 46.000000
tx 59 r 54.000000 c 47.000000
tx 60 r 55.000000 c 44.000000
tx 61 r 55.000000 c 45.000000
tx 62 r 55.000000 c 46.000000
tx 63 r 55.000000 c 47.000000
tx 224 r 48.000000 c 44.000000
tx 225 r 48.000000 c 45.000000
tx 226 r 48.000000 c 46.000000
tx 227 r 48.000000 c 47.000000
tx 228 r 49.000000 c 44.000000
tx 229 r 49.000000 c 45.000000
tx 230 r 49.000000 c 46.000000
tx 231 r 49.000000 c 47.000000
tx 232 r 50.000000 c 44.000000
tx 233 r 50.000000 c 45.000000
tx 234 r 50.000000 c 46.000000
tx 235 r 50.000000 c 47.000000
tx 236 r 51.000000 c 44.000000
tx 237 r 51.000000 c 45.000000
tx 238 r 51.000000 c 46.000000
tx 239 r 51.000000 c 47.000000
tx 240 r 52.000000 c 44.000000
tx 241 r 52.000000 c 45.000000
tx 242 r 52.000000 c 46.000000
tx 243 r 52.000000 c 47.000000
tx 244 r 53.000000 c 44.000000
tx 245 r 53.000000 c 45.000000
tx 246 r 53.000000 c 46.000000
tx 247 r 53.000000 c 47.000000
tx 248 r 54.000000 c 44.000000
tx 249 r 54.000000 c 45.000000
tx 250 r 54.000000 c 46.000000
tx 251 r 54.000000 c 47.000000
tx 252 r 55.000000 c 44.000000
tx 253 r 55.000000 c 45.000000
tx 254 r 55.000000 c 46.000000
tx 255 r 55.000000 c 47.000000
tx 128 r 16.000000 c 44.000000
tx 129 r 16.000000 c 45.000000
tx 130 r 16.000000 c 46.000000
tx 131 r 16.000000 c 47.000000
tx 132 r 17.000000 c 44.000000
tx 133 r 17.000000 c 45.000000
tx 134 r 17.000000 c 46.000000
tx 135 r 17.000000 c 47.000000
tx 136 r 18.000000 c 44.000000
tx 137 r 18.000000 c 45.000000
tx 138 r 18.000000 c 46.000000
tx 139 r 18.000000 c 47.000000
tx 140 r 19.000000 c 44.000000
tx 141 r 19.000000 c 45.000000
tx 142 r 19.000000 c 46.000000
tx 143 r 19.000000 c 47.000000
tx 144 r 20.000000 c 44.000000
tx 145 r 20.000000 c 45.000000
tx 146 r 20.000000 c 46.000000
tx 147 r 20.000000 c 47.000000
tx 148 r 21.000000 c 44.000000
tx 149 r 21.000000 c 45.000000
tx 150 r 21.000000 c 46.000000
tx 151 r 21.000000 c 47.000000
tx 152 r 22.000000 c 44.000000
tx 153 r 22.000000 c 45.000000
tx 154 r 22.000000 c 46.000000
tx 155 r 22.000000 c 47.000000
tx 156 r 23.000000 c 44.000000
tx 157 r 23.000000 c 45.000000
tx 158 r 23.000000 c 46.000000
tx 159 r 23.000000 c 47.000000
tx 160 r 48.000000 c 44.000000
tx 161 r 48.000000 c 45.000000
tx 162 r 48.000000 c 46.000000
tx 163 r 48.000000 c 47.000000
tx 164 r 49.000000 c 44.000000
tx 165 r 49.000000 c 45.000000
tx 166 r 49.000000 c 46.000000
tx 167 r 49.000000 c 47.000000
tx 168 r 50.000000 c 44.000000
tx 169 r 50.000000 c 45.000000
tx 170 r 50.000000 c 46.000000
tx 171 r 50.000000 c 47.000000
tx 172 r 51.000000 c 44.000000
tx 173 r 51.000000 c 45.000000
tx 174 r 51.000000 c 46.000000
tx 175 r 51.000000 c 47.000000
tx 176 r 52.000000 c 44.000000
tx 177 r 52.000000 c 45.000000
tx 178 r 52.000000 c 46.000000
tx 179 r 52.000000 c 47.000000
tx 180 r 53.000000 c 44.000000
tx 181 r 53.000000 c 45.000000
tx 182 r 53.000000 c 46.000000
tx 183 r 53.000000 c 47.000000
tx 184 r 54.000000 c 44.000000
tx 185 r 54.000000 c 45.000000
tx 186 r 54.000000 c 46.000000
tx 187 r 54.000000 c 47.000000
tx 188 r 55.000000 c 44.000000
tx 189 r 55.000000 c 45.000000
tx 190 r 55.000000 c 46.000000
tx 191 r 55.000000 c 47.000000
tx 192 r 24.000000 c 44.000000
tx 193 r 24.000000 c 45.000000
tx 194 r 24.000000 c 46.000000
tx 195 r 24.000000 c 47.000000
tx 196 r 25.000000 c 44.000000
tx 197 r 25.000000 c 45.000000
tx 198 r 25.000000 c 46.000000
tx 199 r 25.000000 c 47.000000
tx 200 r 26.000000 c 44.000000
tx 201 r 26.000000 c 45.000000
tx 202 r 26.000000 c 46.000000
tx 203 r 26.000000 c 47.000000
tx 204 r 27.000000 c 44.000000
tx 205 r 27.000000 c 45.000000
tx 206 r 27.000000 c 46.000000
tx 207 r 27.000000 c 47.000000
tx 208 r 28.000000 c 44.000000
tx 209 r 28.000000 c 45.000000
tx 210 r 28.000000 c 46.000000
tx 211 r 28.000000 c 47.000000
tx 212 r 29.000000 c 44.000000
tx 213 r 29.000000 c 45.000000
tx 214 r 29.000000 c 46.000000
tx 215 r 29.000000 c 47.000000
tx 216 r 30.000000 c 44.000000
tx 217 r 30.000000 c 45.000000
tx 218 r 30.000000 c 46.000000
tx 219 r 30.000000 c 47.000000
tx 220 r 31.000000 c 44.000000
tx 221 r 31.000000 c 45.000000
tx 222 r 31.000000 c 46.000000
tx 223 r 31.000000 c 47.000000
tx 64 r 24.000000 c 44.000000
tx 65 r 24.000000 c 45.000000
tx 66 r 24.000000 c 46.000000
tx 67 r 24.000000 c 47.000000
tx 68 r 25.000000 c 44.000000
tx 69 r 25.000000 c 45.000000
tx 70 r 25.000000 c 46.000000
tx 71 r 25.000000 c 47.000000
tx 72 r 26.000000 c 44.000000
tx 73 r 26.000000 c 45.000000
tx 74 r 26.000000 c 46.000000
tx 75 r 26.000000 c 47.000000
tx 76 r 27.000000 c 44.000000
tx 77 r 27.000000 c 45.000000
tx 78 r 27.000000 c 46.000000
tx 79 r 27.000000 c 47.000000
tx 80 r 28.000000 c 44.000000
tx 81 r 28.000000 c 45.000000
tx 82 r 28.000000 c 46.000000
tx 83 r 28.000000 c 47.000000
tx 84 r 29.000000 c 44.000000
tx 85 r 29.000000 c 45.000000
tx 86 r 29.000000 c 46.000000
tx 87 r 29.000000 c 47.000000
tx 88 r 30.000000 c 44.000000
tx 89 r 30.000000 c 45.000000
tx 90 r 30.000000 c 46.000000
tx 91 r 30.000000 c 47.000000
tx 92 r 31.000000 c 44.000000
tx 93 r 31.000000 c 45.000000
tx 94 r 31.000000 c 46.000000
tx 95 r 31.000000 c 47.000000
tx 160 r 56.000000 c 44.000000
tx 161 r 56.000000 c 45.000000
tx 162 r 56.000000 c 46.000000
tx 163 r 56.000000 c 47.000000
tx 164 r 57.000000 c 44.000000
tx 165 r 57.000000 c 45.000000
tx 166 r 57.000000 c 46.000000
tx 167 r 57.000000 c 47.000000
tx 168 r 58.000000 c 44.000000
tx 169 r 58.000000 c 45.000000
tx 170 r 58.000000 c 46.000000
tx 171 r 58.000000 c 47.000000
tx 172 r 59.000000 c 44.000000
tx 173 r 59.000000 c 45.000000
tx 174 r 59.000000 c 46.000000
tx 175 r 59.000000 c 47.000000
tx 176 r 60.000000 c 44.000000
tx 177 r 60.000000 c 45.000000
tx 178 r 60.000000 c 46.000000
tx 179 r 60.000000 c 47.000000
tx 180 r 61.000000 c 44.000000
tx 181 r 61.000000 c 45.000000
tx 182 r 61.000000 c 46.000000
tx 183 r 61.000000 c 47.000000
tx 184 r 62.000000 c 44.000000
tx 185 r 62.000000 c 45.000000
tx 186 r 62.000000 c 46.000000
tx 187 r 62.000000 c 47.000000
tx 188 r 63.000000 c 44.000000
tx 189 r 63.000000 c 45.000000
tx 190 r 63.000000 c 46.000000
tx 191 r 63.000000 c 47.000000
tx 32 r 56.000000 c 44.000000
tx 33 r 56.000000 c 45.000000
tx 34 r 56.000000 c 46.000000
tx 35 r 56.000000 c 47.000000
tx 36 r 57.000000 c 44.000000
tx 37 r 57.000000 c 45.000000
tx 38 r 57.000000 c 46.000000
tx 39 r 57.000000 c 47.000000
tx 40 r 58.000000 c 44.000000
tx 41 r 58.000000 c 45.000000
tx 42 r 58.000000 c 46.000000
tx 43 r 58.000000 c 47.000000
tx 44 r 59.000000 c 44.000000
tx 45 r 59.000000 c 45.000000
tx 46 r 59.000000 c 46.000000
tx 47 r 59.000000 c 47.000000
tx 48 r 60.000000 c 44.000000
tx 49 r 60.000000 c 45.000000
tx 50 r 60.000000 c 46.000000
tx 51 r 60.000000 c 47.000000
tx 52 r 61.000000 c 44.000000
tx 53 r 61.000000 c 45.000000
tx 54 r 61.000000 c 46.000000
tx 55 r 61.000000 c 47.000000
tx 56 r 62.000000 c 44.000000
tx 57 r 62.000000 c 45.000000
tx 58 r 62.000000 c 46.000000
tx 59 r 62.000000 c 47.000000
tx 60 r 63.000000 c 44.000000
tx 61 r 63.000000 c 45.000000
tx 62 r 63.000000 c 46.000000
tx 63 r 63.000000 c 47.000000
tx 96 r 56.000000 c 44.000000
tx 97 r 56.000000 c 45.000000
tx 98 r 56.000000 c 46.000000
tx 99 r 56.000000 c 47.000000
tx 100 r 57.000000 c 44.000000
tx 101 r 57.000000 c 45.000000
tx 102 r 57.000000 c 46.000000
tx 103 r 57.000000 c 47.000000
tx 104 r 58.000000 c 44.000000
tx 105 r 58.000000 c 45.000000
tx 106 r 58.000000 c 46.000000
tx 107 r 58.000000 c 47.000000
tx 108 r 59.000000 c 44.000000
tx 109 r 59.000000 c 45.000000
tx 110 r 59.000000 c 46.000000
tx 111 r 59.000000 c 47.000000
tx 112 r 60.000000 c 44.000000
tx 113 r 60.000000 c 45.000000
tx 114 r 60.000000 c 46.000000
tx 115 r 60.000000 c 47.000000
tx 116 r 61.000000 c 44.000000
tx 117 r 61.000000 c 45.000000
tx 118 r 61.000000 c 46.000000
tx 119 r 61.000000 c 47.000000
tx 120 r 62.000000 c 44.000000
tx 121 r 62.000000 c 45.000000
tx 122 r 62.000000 c 46.000000
tx 123 r 62.000000 c 47.000000
tx 124 r 63.000000 c 44.000000
tx 125 r 63.000000 c 45.000000
tx 126 r 63.000000 c 46.000000
tx 127 r 63.000000 c 47.000000
tx 224 r 56.000000 c 44.000000
tx 225 r 56.000000 c 45.000000
tx 226 r 56.000000 c 46.000000
tx 227 r 56.000000 c 47.000000
tx 228 r 57.000000 c 44.000000
tx 229 r 57.000000 c 45.000000
tx 230 r 57.000000 c 46.000000
tx 231 r 57.000000 c 47.000000
tx 232 r 58.000000 c 44.000000
tx 233 r 58.000000 c 45.000000
tx 234 r 58.000000 c 46.000000
tx 235 r 58.000000 c 47.000000
tx 236 r 59.000000 c 44.000000
tx 237 r 59.000000 c 45.000000
tx 238 r 59.000000 c 46.000000
tx 239 r 59.000000 c 47.000000
tx 240 r 60.000000 c 44.000000
tx 241 r 60.000000 c 45.000000
tx 242 r 60.000000 c 46.000000
tx 243 r 60.000000 c 47.000000
tx 244 r 61.000000 c 44.000000
tx 245 r 61.000000 c 45.000000
tx 246 r 61.000000 c 46.000000
tx 247 r 61.000000 c 47.000000
tx 248 r 62.000000 c 44.000000
tx 249 r 62.000000 c 45.000000
tx 250 r 62.000000 c 46.000000
tx 251 r 62.000000 c 47.000000
tx 252 r 63.000000 c 44.000000
tx 253 r 63.000000 c 45.000000
tx 254 r 63.000000 c 46.000000
tx 255 r 63.000000 c 47.000000
tx 128 r 24.000000 c 44.000000
tx 129 r 24.000000 c 45.000000
tx 130 r 24.000000 c 46.000000
tx 131 r 24.000000 c 47.000000
tx 132 r 25.000000 c 44.000000
tx 133 r 25.000000 c 45.000000
tx 134 r 25.000000 c 46.000000
tx 135 r 25.000000 c 47.000000
tx 136 r 26.000000 c 44.000000
tx 137 r 26.000000 c 45.000000
tx 138 r 26.000000 c 46.000000
tx 139 r 26.000000 c 47.000000
tx 140 r 27.000000 c 44.000000
tx 141 r 27.000000 c 45.000000
tx 142 r 27.000000 c 46.000000
tx 143 r 27.000000 c 47.000000
tx 144 r 28.000000 c 44.000000
tx 145 r 28.000000 c 45.000000
tx 146 r 28.000000 c 46.000000
tx 147 r 28.000000 c 47.000000
tx 148 r 29.000000 c 44.000000
tx 149 r 29.000000 c 45.000000
tx 150 r 29.000000 c 46.000000
tx 151 r 29.000000 c 47.000000
tx 152 r 30.000000 c 44.000000
tx 153 r 30.000000 c 45.000000
tx 154 r 30.000000 c 46.000000
tx 155 r 30.000000 c 47.000000
tx 156 r 31.000000 c 44.000000
tx 157 r 31.000000 c 45.000000
tx 158 r 31.000000 c 46.000000
tx 159 r 31.000000 c 47.000000
tx 0 r 24.000000 c 44.000000
tx 1 r 24.000000 c 45.000000
tx 2 r 24.000000 c 46.000000
tx 3 r 24.000000 c 47.000000
tx 4 r 25.000000 c 44.000000
tx 5 r 25.000000 c 45.000000
tx 6 r 25.000000 c 46.000000
tx 7 r 25.000000 c 47.000000
tx 8 r 26.000000 c 44.000000
tx 9 r 26.000000 c 45.000000
tx 10 r 26.000000 c 46.000000
tx 11 r 26.000000 c 47.000000
tx 12 r 27.000000 c 44.000000
tx 13 r 27.000000 c 45.000000
tx 14 r 27.000000 c 46.000000
tx 15 r 27.000000 c 47.000000
tx 16 r 28.000000 c 44.000000
tx 17 r 28.000000 c 45.000000
tx 18 r 28.000000 c 46.000000
tx 19 r 28.000000 c 47.000000
tx 20 r 29.000000 c 44.000000
tx 21 r 29.000000 c 45.000000
tx 22 r 29.000000 c 46.000000
tx 23 r 29.000000 c 47.000000
tx 24 r 30.000000 c 44.000000
tx 25 r 30.000000 c 45.000000
tx 26 r 30.000000 c 46.000000
tx 27 r 30.000000 c 47.000000
tx 28 r 31.000000 c 44.000000
tx 29 r 31.000000 c 45.000000
tx 30 r 31.000000 c 46.000000
tx 31 r 31.000000 c 47.000000
tx 192 r 0.000000 c 44.000000
tx 193 r 0.000000 c 45.000000
tx 194 r 0.000000 c 46.000000
tx 195 r 0.000000 c 47.000000
tx 196 r 1.000000 c 44.000000
tx 197 r 1.000000 c 45.000000
tx 198 r 1.000000 c 46.000000
tx 199 r 1.000000 c 47.000000
tx 200 r 2.000000 c 44.000000
tx 201 r 2.000000 c 45.000000
tx 202 r 2.000000 c 46.000000
tx 203 r 2.000000 c 47.000000
tx 204 r 3.000000 c 44.000000
tx 205 r 3.000000 c 45.000000
tx 206 r 3.000000 c 46.000000
tx 207 r 3.000000 c 47.000000
tx 208 r 4.000000 c 44.000000
tx 209 r 4.000000 c 45.000000
tx 210 r 4.000000 c 46.000000
tx 211 r 4.000000 c 47.000000
tx 212 r 5.000000 c 44.000000
tx 213 r 5.000000 c 45.000000
tx 214 r 5.000000 c 46.000000
tx 215 r 5.000000 c 47.000000
tx 216 r 6.000000 c 44.000000
tx 217 r 6.000000 c 45.000000
tx 218 r 6.000000 c 46.000000
tx 219 r 6.000000 c 47.000000
tx 220 r 7.000000 c 44.000000
tx 221 r 7.000000 c 45.000000
tx 222 r 7.000000 c 46.000000
tx 223 r 7.000000 c 47.000000
tx 160 r 32.000000 c 44.000000
tx 161 r 32.000000 c 45.000000
tx 162 r 32.000000 c 46.000000
tx 163 r 32.000000 c 47.000000
tx 164 r 33.000000 c 44.000000
tx 165 r 33.000000 c 45.000000
tx 166 r 33.000000 c 46.000000
tx 167 r 33.000000 c 47.000000
tx 168 r 34.000000 c 44.000000
tx 169 r 34.000000 c 45.000000
tx 170 r 34.000000 c 46.000000
tx 171 r 34.000000 c 47.000000
tx 172 r 35.000000 c 44.000000
tx 173 r 35.000000 c 45.000000
tx 174 r 35.000000 c 46.000000
tx 175 r 35.000000 c 47.000000
tx 176 r 36.000000 c 44.000000
tx 177 r 36.000000 c 45.000000
tx 178 r 36.000000 c 46.000000
tx 179 r 36.000000 c 47.000000
tx 180 r 37.000000 c 44.000000
tx 181 r 37.000000 c 45.000000
tx 182 r 37.000000 c 46.000000
tx 183 r 37.000000 c 47.000000
tx 184 r 38.000000 c 44.000000
tx 185 r 38.000000 c 45.000000
tx 186 r 38.000000 c 46.000000
tx 187 r 38.000000 c 47.000000
tx 188 r 39.000000 c 44.000000
tx 189 r 39.000000 c 45.000000
tx 190 r 39.000000 c 46.000000
tx 191 r 39.000000 c 47.000000
tx 64 r 0.000000 c 44.000000
tx 65 r 0.000000 c 45.000000
tx 66 r 0.000000 c 46.000000
tx 67 r 0.000000 c 47.000000
tx 68 r 1.000000 c 44.000000
tx 69 r 1.000000 c 45.000000
tx 70 r 1.000000 c 46.000000
tx 71 r 1.000000 c 47.000000
tx 72 r 2.000000 c 44.000000
tx 73 r 2.000000 c 45.000000
tx 74 r 2.000000 c 46.000000
tx 75 r 2.000000 c 47.000000
tx 76 r 3.000000 c 44.000000
tx 77 r 3.000000 c 45.000000
tx 78 r 3.000000 c 46.000000
tx 79 r 3.000000 c 47.000000
tx 80 r 4.000000 c 44.000000
tx 81 r 4.000000 c 45.000000
tx 82 r 4.000000 c 46.000000
tx 83 r 4.000000 c 47.000000
tx 84 r 5.000000 c 44.000000
tx 85 r 5.000000 c 45.000000
tx 86 r 5.000000 c 46.000000
tx 87 r 5.000000 c 47.000000
tx 88 r 6.000000 c 44.000000
tx 89 r 6.000000 c 45.000000
tx 90 r 6.000000 c 46.000000
tx 91 r 6.000000 c 47.000000
tx 92 r 7.000000 c 44.000000
tx 93 r 7.000000 c 45.000000
tx 94 r 7.000000 c 46.000000
tx 95 r 7.000000 c 47.000000
tx 128 r 0.000000 c 44.000000
tx 129 r 0.000000 c 45.000000
tx 130 r 0.000000 c 46.000000
tx 131 r 0.000000 c 47.000000
tx 132 r 1.000000 c 44.000000
tx 133 r 1.000000 c 45.000000
tx 134 r 1.000000 c 46.000000
tx 135 r 1.000000 c 47.000000
tx 136 r 2.000000 c 44.000000
tx 137 r 2.000000 c 45.000000
tx 138 r 2.000000 c 46.000000
tx 139 r 2.000000 c 47.000000
tx 140 r 3.000000 c 44.000000
tx 141 r 3.000000 c 45.000000
tx 142 r 3.000000 c 46.000000
tx 143 r 3.000000 c 47.000000
tx 144 r 4.000000 c 44.000000
tx 145 r 4.000000 c 45.000000
tx 146 r 4.000000 c 46.000000
tx 147 r 4.000000 c 47.000000
tx 148 r 5.000000 c 44.000000
tx 149 r 5.000000 c 45.000000
tx 150 r 5.000000 c 46.000000
tx 151 r 5.000000 c 47.000000
tx 152 r 6.000000 c 44.000000
tx 153 r 6.000000 c 45.000000
tx 154 r 6.000000 c 46.000000
tx 155 r 6.000000 c 47.000000
tx 156 r 7.000000 c 44.000000
tx 157 r 7.000000 c 45.000000
tx 158 r 7.000000 c 46.000000
tx 159 r 7.000000 c 47.000000
tx 224 r 32.000000 c 44.000000
tx 225 r 32.000000 c 45.000000
tx 226 r 32.000000 c 46.000000
tx 227 r 32.000000 c 47.000000
tx 228 r 33.000000 c 44.000000
tx 229 r 33.000000 c 45.000000
tx 230 r 33.000000 c 46.000000
tx 231 r 33.000000 c 47.000000
tx 232 r 34.000000 c 44.000000
tx 233 r 34.000000 c 45.000000
tx 234 r 34.000000 c 46.000000
tx 235 r 34.000000 c 47.000000
tx 236 r 35.000000 c 44.000000
tx 237 r 35.000000 c 45.000000
tx 238 r 35.000000 c 46.000000
tx 239 r 35.000000 c 47.000000
tx 240 r 36.000000 c 44.000000
tx 241 r 36.000000 c 45.000000
tx 242 r 36.000000 c 46.000000
tx 243 r 36.000000 c 47.000000
tx 244 r 37.000000 c 44.000000
tx 245 r 37.000000 c 45.000000
tx 246 r 37.000000 c 46.000000
tx 247 r 37.000000 c 47.000000
tx 248 r 38.000000 c 44.000000
tx 249 r 38.000000 c 45.000000
tx 250 r 38.000000 c 46.000000
tx 251 r 38.000000 c 47.000000
tx 252 r 39.000000 c 44.000000
tx 253 r 39.000000 c 45.000000
tx 254 r 39.000000 c 46.000000
tx 255 r 39.000000 c 47.000000
tx 96 r 32.000000 c 44.000000
tx 97 r 32.000000 c 45.000000
tx 98 r 32.000000 c 46.000000
tx 99 r 32.000000 c 47.000000
tx 100 r 33.000000 c 44.000000
tx 101 r 33.000000 c 45.000000
tx 102 r 33.000000 c 46.000000
tx 103 r 33.000000 c 47.000000
tx 104 r 34.000000 c 44.000000
tx 105 r 34.000000 c 45.000000
tx 106 r 34.000000 c 46.000000
tx 107 r 34.000000 c 47.000000
tx 108 r 35.000000 c 44.000000
tx 109 r 35.000000 c 45.000000
tx 110 r 35.000000 c 46.000000
tx 111 r 35.000000 c 47.000000
tx 112 r 36.000000 c 44.000000
tx 113 r 36.000000 c 45.000000
tx 114 r 36.000000 c 46.000000
tx 115 r 36.000000 c 47.000000
tx 116 r 37.000000 c 44.000000
tx 117 r 37.000000 c 45.000000
tx 118 r 37.000000 c 46.000000
tx 119 r 37.000000 c 47.000000
tx 120 r 38.000000 c 44.000000
tx 121 r 38.000000 c 45.000000
tx 122 r 38.000000 c 46.000000
tx 123 r 38.000000 c 47.000000
tx 124 r 39.000000 c 44.000000
tx 125 r 39.000000 c 45.000000
tx 126 r 39.000000 c 46.000000
tx 127 r 39.000000 c 47.000000
tx 0 r 0.000000 c 44.000000
tx 1 r 0.000000 c 45.000000
tx 2 r 0.000000 c 46.000000
tx 3 r 0.000000 c 47.000000
tx 4 r 1.000000 c 44.000000
tx 5 r 1.000000 c 45.000000
tx 6 r 1.000000 c 46.000000
tx 7 r 1.000000 c 47.000000
tx 8 r 2.000000 c 44.000000
tx 9 r 2.000000 c 45.000000
tx 10 r 2.000000 c 46.000000
tx 11 r 2.000000 c 47.000000
tx 12 r 3.000000 c 44.000000
tx 13 r 3.000000 c 45.000000
tx 14 r 3.000000 c 46.000000
tx 15 r 3.000000 c 47.000000
tx 16 r 4.000000 c 44.000000
tx 17 r 4.000000 c 45.000000
tx 18 r 4.000000 c 46.000000
tx 19 r 4.000000 c 47.000000
tx 20 r 5.000000 c 44.000000
tx 21 r 5.000000 c 45.000000
tx 22 r 5.000000 c 46.000000
tx 23 r 5.000000 c 47.000000
tx 24 r 6.000000 c 44.000000
tx 25 r 6.000000 c 45.000000
tx 26 r 6.000000 c 46.000000
tx 27 r 6.000000 c 47.000000
tx 28 r 7.000000 c 44.000000
tx 29 r 7.000000 c 45.000000
tx 30 r 7.000000 c 46.000000
tx 31 r 7.000000 c 47.000000
tx 32 r 32.000000 c 44.000000
tx 33 r 32.000000 c 45.000000
tx 34 r 32.000000 c 46.000000
tx 35 r 32.000000 c 47.000000
tx 36 r 33.000000 c 44.000000
tx 37 r 33.000000 c 45.000000
tx 38 r 33.000000 c 46.000000
tx 39 r 33.000000 c 47.000000
tx 40 r 34.000000 c 44.000000
tx 41 r 34.000000 c 45.000000
tx 42 r 34.000000 c 46.000000
tx 43 r 34.000000 c 47.000000
tx 44 r 35.000000 c 44.000000
tx 45 r 35.000000 c 45.000000
tx 46 r 35.000000 c 46.000000
tx 47 r 35.000000 c 47.000000
tx 48 r 36.000000 c 44.000000
tx 49 r 36.000000 c 45.000000
tx 50 r 36.000000 c 46.000000
tx 51 r 36.000000 c 47.000000
tx 52 r 37.000000 c 44.000000
tx 53 r 37.000000 c 45.000000
tx 54 r 37.000000 c 46.000000
tx 55 r 37.000000 c 47.000000
tx 56 r 38.000000 c 44.000000
tx 57 r 38.000000 c 45.000000
tx 58 r 38.000000 c 46.000000
tx 59 r 38.000000 c 47.000000
tx 60 r 39.000000 c 44.000000
tx 61 r 39.000000 c 45.000000
tx 62 r 39.000000 c 46.000000
tx 63 r 39.000000 c 47.000000
tx 192 r 8.000000 c 44.000000
tx 193 r 8.000000 c 45.000000
tx 194 r 8.000000 c 46.000000
tx 195 r 8.000000 c 47.000000
tx 196 r 9.000000 c 44.000000
tx 197 r 9.000000 c 45.000000
tx 198 r 9.000000 c 46.000000
tx 199 r 9.000000 c 47.000000
tx 200 r 10.000000 c 44.000000
tx 201 r 10.000000 c 45.000000
tx 202 r 10.000000 c 46.000000
tx 203 r 10.000000 c 47.000000
tx 204 r 11.000000 c 44.000000
tx 205 r 11.000000 c 45.000000
tx 206 r 11.000000 c 46.000000
tx 207 r 11.000000 c 47.000000
tx 208 r 12.000000 c 44.000000
tx 209 r 12.000000 c 45.000000
tx 210 r 12.000000 c 46.000000
tx 211 r 12.000000 c 47.000000
tx 212 r 13.000000 c 44.000000
tx 213 r 13.000000 c 45.000000
tx 214 r 13.000000 c 46.000000
tx 215 r 13.000000 c 47.000000
tx 216 r 14.000000 c 44.000000
tx 217 r 14.000000 c 45.000000
tx 218 r 14.000000 c 46.000000
tx 219 r 14.000000 c 47.000000
tx 220 r 15.000000 c 44.000000
tx 221 r 15.000000 c 45.000000
tx 222 r 15.000000 c 46.000000
tx 223 r 15.000000 c 47.000000
tx 64 r 8.000000 c 44.000000
tx 65 r 8.000000 c 45.000000
tx 66 r 8.000000 c 46.000000
tx 67 r 8.000000 c 47.000000
tx 68 r 9.000000 c 44.000000
tx 69 r 9.000000 c 45.000000
tx 70 r 9.000000 c 46.000000
tx 71 r 9.000000 c 47.000000
tx 72 r 10.000000 c 44.000000
tx 73 r 10.000000 c 45.000000
tx 74 r 10.000000 c 46.000000
tx 75 r 10.000000 c 47.000000
tx 76 r 11.000000 c 44.000000
tx 77 r 11.000000 c 45.000000
tx 78 r 11.000000 c 46.000000
tx 79 r 11.000000 c 47.000000
tx 80 r 12.000000 c 44.000000
tx 81 r 12.000000 c 45.000000
tx 82 r 12.000000 c 46.000000
tx 83 r 12.000000 c 47.000000
tx 84 r 13.000000 c 44.000000
tx 85 r 13.000000 c 45.000000
tx 86 r 13.000000 c 46.000000
tx 87 r 13.000000 c 47.000000
tx 88 r 14.000000 c 44.000000
tx 89 r 14.000000 c 45.000000
tx 90 r 14.000000 c 46.000000
tx 91 r 14.000000 c 47.000000
tx 92 r 15.000000 c 44.000000
tx 93 r 15.000000 c 45.000000
tx 94 r 15.000000 c 46.000000
tx 95 r 15.000000 c 47.000000
tx 0 r 8.000000 c 44.000000
tx 1 r 8.000000 c 45.000000
tx 2 r 8.000000 c 46.000000
tx 3 r 8.000000 c 47.000000
tx 4 r 9.000000 c 44.000000
tx 5 r 9.000000 c 45.000000
tx 6 r 9.000000 c 46.000000
tx 7 r 9.000000 c 47.000000
tx 8 r 10.000000 c 44.000000
tx 9 r 10.000000 c 45.000000
tx 10 r 10.000000 c 46.000000
tx 11 r 10.000000 c 47.000000
tx 12 r 11.000000 c 44.000000
tx 13 r 11.000000 c 45.000000
tx 14 r 11.000000 c 46.000000
tx 15 r 11.000000 c 47.000000
tx 16 r 12.000000 c 44.000000
tx 17 r 12.000000 c 45.000000
tx 18 r 12.000000 c 46.000000
tx 19 r 12.000000 c 47.000000
tx 20 r 13.000000 c 44.000000
tx 21 r 13.000000 c 45.000000
tx 22 r 13.000000 c 46.000000
tx 23 r 13.000000 c 47.000000
tx 24 r 14.000000 c 44.000000
tx 25 r 14.000000 c 45.000000
tx 26 r 14.000000 c 46.000000
tx 27 r 14.000000 c 47.000000
tx 28 r 15.000000 c 44.000000
tx 29 r 15.000000 c 45.000000
tx 30 r 15.000000 c 46.000000
tx 31 r 15.000000 c 47.000000
tx 224 r 40.000000 c 44.000000
tx 225 r 40.000000 c 45.000000
tx 226 r 40.000000 c 46.000000
tx 227 r 40.000000 c 47.000000
tx 228 r 41.000000 c 44.000000
tx 229 r 41.000000 c 45.000000
tx 230 r 41.000000 c 46.000000
tx 231 r 41.000000 c 47.000000
tx 232 r 42.000000 c 44.000000
tx 233 r 42.000000 c 45.000000
tx 234 r 42.000000 c 46.000000
tx 235 r 42.000000 c 47.000000
tx 236 r 43.000000 c 44.000000
tx 237 r 43.000000 c 45.000000
tx 238 r 43.000000 c 46.000000
tx 239 r 43.000000 c 47.000000
tx 240 r 44.000000 c 44.000000
tx 241 r 44.000000 c 45.000000
tx 242 r 44.000000 c 46.000000
tx 243 r 44.000000 c 47.000000
tx 244 r 45.000000 c 44.000000
tx 245 r 45.000000 c 45.000000
tx 246 r 45.000000 c 46.000000
tx 247 r 45.000000 c 47.000000
tx 248 r 46.000000 c 44.000000
tx 249 r 46.000000 c 45.000000
tx 250 r 46.000000 c 46.000000
tx 251 r 46.000000 c 47.000000
tx 252 r 47.000000 c 44.000000
tx 253 r 47.000000 c 45.000000
tx 254 r 47.000000 c 46.000000
tx 255 r 47.000000 c 47.000000
tx 96 r 40.000000 c 44.000000
tx 97 r 40.000000 c 45.000000
tx 98 r 40.000000 c 46.000000
tx 99 r 40.000000 c 47.000000
tx 100 r 41.000000 c 44.000000
tx 101 r 41.000000 c 45.000000
tx 102 r 41.000000 c 46.000000
tx 103 r 41.000000 c 47.000000
tx 104 r 42.000000 c 44.000000
tx 105 r 42.000000 c 45.000000
tx 106 r 42.000000 c 46.000000
tx 107 r 42.000000 c 47.000000
tx 108 r 43.000000 c 44.000000
tx 109 r 43.000000 c 45.000000
tx 110 r 43.000000 c 46.000000
tx 111 r 43.000000 c 47.000000
tx 112 r 44.000000 c 44.000000
tx 113 r 44.000000 c 45.000000
tx 114 r 44.000000 c 46.000000
tx 115 r 44.000000 c 47.000000
tx 116 r 45.000000 c 44.000000
tx 117 r 45.000000 c 45.000000
tx 118 r 45.000000 c 46.000000
tx 119 r 45.000000 c 47.000000
tx 120 r 46.000000 c 44.000000
tx 121 r 46.000000 c 45.000000
tx 122 r 46.000000 c 46.000000
tx 123 r 46.000000 c 47.000000
tx 124 r 47.000000 c 44.000000
tx 125 r 47.000000 c 45.000000
tx 126 r 47.000000 c 46.000000
tx 127 r 47.000000 c 47.000000
tx 160 r 40.000000 c 44.000000
tx 161 r 40.000000 c 45.000000
tx 162 r 40.000000 c 46.000000
tx 163 r 40.000000 c 47.000000
tx 164 r 41.000000 c 44.000000
tx 165 r 41.000000 c 45.000000
tx 166 r 41.000000 c 46.000000
tx 167 r 41.000000 c 47.000000
tx 168 r 42.000000 c 44.000000
tx 169 r 42.000000 c 45.000000
tx 170 r 42.000000 c 46.000000
tx 171 r 42.000000 c 47.000000
tx 172 r 43.000000 c 44.000000
tx 173 r 43.000000 c 45.000000
tx 174 r 43.000000 c 46.000000
tx 175 r 43.000000 c 47.000000
tx 176 r 44.000000 c 44.000000
tx 177 r 44.000000 c 45.000000
tx 178 r 44.000000 c 46.000000
tx 179 r 44.000000 c 47.000000
tx 180 r 45.000000 c 44.000000
tx 181 r 45.000000 c 45.000000
tx 182 r 45.000000 c 46.000000
tx 183 r 45.000000 c 47.000000
tx 184 r 46.000000 c 44.000000
tx 185 r 46.000000 c 45.000000
tx 186 r 46.000000 c 46.000000
tx 187 r 46.000000 c 47.000000
tx 188 r 47.000000 c 44.000000
tx 189 r 47.000000 c 45.000000
tx 190 r 47.000000 c 46.000000
tx 191 r 47.000000 c 47.000000
tx 128 r 8.000000 c 44.000000
tx 129 r 8.000000 c 45.000000
tx 130 r 8.000000 c 46.000000
tx 131 r 8.000000 c 47.000000
tx 132 r 9.000000 c 44.000000
tx 133 r 9.000000 c 45.000000
tx 134 r 9.000000 c 46.000000
tx 135 r 9.000000 c 47.000000
tx 136 r 10.000000 c 44.000000
tx 137 r 10.000000 c 45.000000
tx 138 r 10.000000 c 46.000000
tx 139 r 10.000000 c 47.000000
tx 140 r 11.000000 c 44.000000
tx 141 r 11.000000 c 45.000000
tx 142 r 11.000000 c 46.000000
tx 143 r 11.000000 c 47.000000
tx 144 r 12.000000 c 44.000000
tx 145 r 12.000000 c 45.000000
tx 146 r 12.000000 c 46.000000
tx 147 r 12.000000 c 47.000000
tx 148 r 13.000000 c 44.000000
tx 149 r 13.000000 c 45.000000
tx 150 r 13.000000 c 46.000000
tx 151 r 13.000000 c 47.000000
tx 152 r 14.000000 c 44.000000
tx 153 r 14.000000 c 45.000000
tx 154 r 14.000000 c 46.000000
tx 155 r 14.000000 c 47.000000
tx 156 r 15.000000 c 44.000000
tx 157 r 15.000000 c 45.000000
tx 158 r 15.000000 c 46.000000
tx 159 r 15.000000 c 47.000000
tx 32 r 40.000000 c 44.000000
tx 33 r 40.000000 c 45.000000
tx 34 r 40.000000 c 46.000000
tx 35 r 40.000000 c 47.000000
tx 36 r 41.000000 c 44.000000
tx 37 r 41.000000 c 45.000000
tx 38 r 41.000000 c 46.000000
tx 39 r 41.000000 c 47.000000
tx 40 r 42.000000 c 44.000000
tx 41 r 42.000000 c 45.000000
tx 42 r 42.000000 c 46.000000
tx 43 r 42.000000 c 47.000000
tx 44 r 43.000000 c 44.000000
tx 45 r 43.000000 c 45.000000
tx 46 r 43.000000 c 46.000000
tx 47 r 43.000000 c 47.000000
tx 48 r 44.000000 c 44.000000
tx 49 r 44.000000 c 45.000000
tx 50 r 44.000000 c 46.000000
tx 51 r 44.000000 c 47.000000
tx 52 r 45.000000 c 44.000000
tx 53 r 45.000000 c 45.000000
tx 54 r 45.000000 c 46.000000
tx 55 r 45.000000 c 47.000000
tx 56 r 46.000000 c 44.000000
tx 57 r 46.000000 c 45.000000
tx 58 r 46.000000 c 46.000000
tx 59 r 46.000000 c 47.000000
tx 60 r 47.000000 c 44.000000
tx 61 r 47.000000 c 45.000000
tx 62 r 47.000000 c 46.000000
tx 63 r 47.000000 c 47.000000
tx 192 r 16.000000 c 44.000000
tx 193 r 16.000000 c 45.000000
tx 194 r 16.000000 c 46.000000
tx 195 r 16.000000 c 47.000000
tx 196 r 17.000000 c 44.000000
tx 197 r 17.000000 c 45.000000
tx 198 r 17.000000 c 46.000000
tx 199 r 17.000000 c 47.000000
tx 200 r 18.000000 c 44.000000
tx 201 r 18.000000 c 45.000000
tx 202 r 18.000000 c 46.000000
tx 203 r 18.000000 c 47.000000
tx 204 r 19.000000 c 44.000000
tx 205 r 19.000000 c 45.000000
tx 206 r 19.000000 c 46.000000
tx 207 r 19.000000 c 47.000000
tx 208 r 20.000000 c 44.000000
tx 209 r 20.000000 c 45.000000
tx 210 r 20.000000 c 46.000000
tx 211 r 20.000000 c 47.000000
tx 212 r 21.000000 c 44.000000
tx 213 r 21.000000 c 45.000000
tx 214 r 21.000000 c 46.000000
tx 215 r 21.000000 c 47.000000
tx 216 r 22.000000 c 44.000000
tx 217 r 22.000000 c 45.000000
tx 218 r 22.000000 c 46.000000
tx 219 r 22.000000 c 47.000000
tx 220 r 23.000000 c 44.000000
tx 221 r 23.000000 c 45.000000
tx 222 r 23.000000 c 46.000000
tx 223 r 23.000000 c 47.000000
tx 64 r 16.000000 c 44.000000
tx 65 r 16.000000 c 45.000000
tx 66 r 16.000000 c 46.000000
tx 67 r 16.000000 c 47.000000
tx 68 r 17.000000 c 44.000000
tx 69 r 17.000000 c 45.000000
tx 70 r 17.000000 c 46.000000
tx 71 r 17.000000 c 47.000000
tx 72 r 18.000000 c 44.000000
tx 73 r 18.000000 c 45.000000
tx 74 r 18.000000 c 46.000000
tx 75 r 18.000000 c 47.000000
tx 76 r 19.000000 c 44.000000
tx 77 r 19.000000 c 45.000000
tx 78 r 19.000000 c 46.000000
tx 79 r 19.000000 c 47.000000
tx 80 r 20.000000 c 44.000000
tx 81 r 20.000000 c 45.000000
tx 82 r 20.000000 c 46.000000
tx 83 r 20.000000 c 47.000000
tx 84 r 21.000000 c 44.000000
tx 85 r 21.000000 c 45.000000
tx 86 r 21.000000 c 46.000000
tx 87 r 21.000000 c 47.000000
tx 88 r 22.000000 c 44.000000
tx 89 r 22.000000 c 45.000000
tx 90 r 22.000000 c 46.000000
tx 91 r 22.000000 c 47.000000
tx 92 r 23.000000 c 44.000000
tx 93 r 23.000000 c 45.000000
tx 94 r 23.000000 c 46.000000
tx 95 r 23.000000 c 47.000000
tx 0 r 16.000000 c 44.000000
tx 1 r 16.000000 c 45.000000
tx 2 r 16.000000 c 46.000000
tx 3 r 16.000000 c 47.000000
tx 4 r 17.000000 c 44.000000
tx 5 r 17.000000 c 45.000000
tx 6 r 17.000000 c 46.000000
tx 7 r 17.000000 c 47.000000
tx 8 r 18.000000 c 44.000000
tx 9 r 18.000000 c 45.000000
tx 10 r 18.000000 c 46.000000
tx 11 r 18.000000 c 47.000000
tx 12 r 19.000000 c 44.000000
tx 13 r 19.000000 c 45.000000
tx 14 r 19.000000 c 46.000000
tx 15 r 19.000000 c 47.000000
tx 16 r 20.000000 c 44.000000
tx 17 r 20.000000 c 45.000000
tx 18 r 20.000000 c 46.000000
tx 19 r 20.000000 c 47.000000
tx 20 r 21.000000 c 44.000000
tx 21 r 21.000000 c 45.000000
tx 22 r 21.000000 c 46.000000
tx 23 r 21.000000 c 47.000000
tx 24 r 22.000000 c 44.000000
tx 25 r 22.000000 c 45.000000
tx 26 r 22.000000 c 46.000000
tx 27 r 22.000000 c 47.000000
tx 28 r 23.000000 c 44.000000
tx 29 r 23.000000 c 45.000000
tx 30 r 23.000000 c 46.000000
tx 31 r 23.000000 c 47.000000
tx 224 r 48.000000 c 44.000000
tx 225 r 48.000000 c 45.000000
tx 226 r 48.000000 c 46.000000
tx 227 r 48.000000 c 47.000000
tx 228 r 49.000000 c 44.000000
tx 229 r 49.000000 c 45.000000
tx 230 r 49.000000 c 46.000000
tx 231 r 49.000000 c 47.000000
tx 232 r 50.000000 c 44.000000
tx 233 r 50.000000 c 45.000000
tx 234 r 50.000000 c 46.000000
tx 235 r 50.000000 c 47.000000
tx 236 r 51.000000 c 44.000000
tx 237 r 51.000000 c 45.000000
tx 238 r 51.000000 c 46.000000
tx 239 r 51.000000 c 47.000000
tx 240 r 52.000000 c 44.000000
tx 241 r 52.000000 c 45.000000
tx 242 r 52.000000 c 46.000000
tx 243 r 52.000000 c 47.000000
tx 244 r 53.000000 c 44.000000
tx 245 r 53.000000 c 45.000000
tx 246 r 53.000000 c 46.000000
tx 247 r 53.000000 c 47.000000
tx 248 r 54.000000 c 44.000000
tx 249 r 54.000000 c 45.000000
tx 250 r 54.000000 c 46.000000
tx 251 r 54.000000 c 47.000000
tx 252 r 55.000000 c 44.000000
tx 253 r 55.000000 c 45.000000
tx 254 r 55.000000 c 46.000000
tx 255 r 55.000000 c 47.000000
tx 160 r 48.000000 c 44.000000
tx 161 r 48.000000 c 45.000000
tx 162 r 48.000000 c 46.000000
tx 163 r 48.000000 c 47.000000
tx 164 r 49.000000 c 44.000000
tx 165 r 49.000000 c 45.000000
tx 166 r 49.000000 c 46.000000
tx 167 r 49.000000 c 47.000000
tx 168 r 50.000000 c 44.000000
tx 169 r 50.000000 c 45.000000
tx 170 r 50.000000 c 46.000000
tx 171 r 50.000000 c 47.000000
tx 172 r 51.000000 c 44.000000
tx 173 r 51.000000 c 45.000000
tx 174 r 51.000000 c 46.000000
tx 175 r 51.000000 c 47.000000
tx 176 r 52.000000 c 44.000000
tx 177 r 52.000000 c 45.000000
tx 178 r 52.000000 c 46.000000
tx 179 r 52.000000 c 47.000000
tx 180 r 53.000000 c 44.000000
tx 181 r 53.000000 c 45.000000
tx 182 r 53.000000 c 46.000000
tx 183 r 53.000000 c 47.000000
tx 184 r 54.000000 c 44.000000
tx 185 r 54.000000 c 45.000000
tx 186 r 54.000000 c 46.000000
tx 187 r 54.000000 c 47.000000
tx 188 r 55.000000 c 44.000000
tx 189 r 55.000000 c 45.000000
tx 190 r 55.000000 c 46.000000
tx 191 r 55.000000 c 47.000000
tx 96 r 48.000000 c 44.000000
tx 97 r 48.000000 c 45.000000
tx 98 r 48.000000 c 46.000000
tx 99 r 48.000000 c 47.000000
tx 100 r 49.000000 c 44.000000
tx 101 r 49.000000 c 45.000000
tx 102 r 49.000000 c 46.000000
tx 103 r 49.000000 c 47.000000
tx 104 r 50.000000 c 44.000000
tx 105 r 50.000000 c 45.000000
tx 106 r 50.000000 c 46.000000
tx 107 r 50.000000 c 47.000000
tx 108 r 51.000000 c 44.000000
tx 109 r 51.000000 c 45.000000
tx 110 r 51.000000 c 46.000000
tx 111 r 51.000000 c 47.000000
tx 112 r 52.000000 c 44.000000
tx 113 r 52.000000 c 45.000000
tx 114 r 52.000000 c 46.000000
tx 115 r 52.000000 c 47.000000
tx 116 r 53.000000 c 44.000000
tx 117 r 53.000000 c 45.000000
tx 118 r 53.000000 c 46.000000
tx 119 r 53.000000 c 47.000000
tx 120 r 54.000000 c 44.000000
tx 121 r 54.000000 c 45.000000
tx 122 r 54.000000 c 46.000000
tx 123 r 54.000000 c 47.000000
tx 124 r 55.000000 c 44.000000
tx 125 r 55.000000 c 45.000000
tx 126 r 55.000000 c 46.000000
tx 127 r 55.000000 c 47.000000
tx 128 r 16.000000 c 44.000000
tx 129 r 16.000000 c 45.000000
tx 130 r 16.000000 c 46.000000
tx 131 r 16.000000 c 47.000000
tx 132 r 17.000000 c 44.000000
tx 133 r 17.000000 c 45.000000
tx 134 r 17.000000 c 46.000000
tx 135 r 17.000000 c 47.000000
tx 136 r 18.000000 c 44.000000
tx 137 r 18.000000 c 45.000000
tx 138 r 18.000000 c 46.000000
tx 139 r 18.000000 c 47.000000
tx 140 r 19.000000 c 44.000000
tx 141 r 19.000000 c 45.000000
tx 142 r 19.000000 c 46.000000
tx 143 r 19.000000 c 47.000000
tx 144 r 20.000000 c 44.000000
tx 145 r 20.000000 c 45.000000
tx 146 r 20.000000 c 46.000000
tx 147 r 20.000000 c 47.000000
tx 148 r 21.000000 c 44.000000
tx 149 r 21.000000 c 45.000000
tx 150 r 21.000000 c 46.000000
tx 151 r 21.000000 c 47.000000
tx 152 r 22.000000 c 44.000000
tx 153 r 22.000000 c 45.000000
tx 154 r 22.000000 c 46.000000
tx 155 r 22.000000 c 47.000000
tx 156 r 23.000000 c 44.000000
tx 157 r 23.000000 c 45.000000
tx 158 r 23.000000 c 46.000000
tx 159 r 23.000000 c 47.000000
tx 32 r 48.000000 c 44.000000
tx 33 r 48.000000 c 45.000000
tx 34 r 48.000000 c 46.000000
tx 35 r 48.000000 c 47.000000
tx 36 r 49.000000 c 44.000000
tx 37 r 49.000000 c 45.000000
tx 38 r 49.000000 c 46.000000
tx 39 r 49.000000 c 47.000000
tx 40 r 50.000000 c 44.000000
tx 41 r 50.000000 c 45.000000
tx 42 r 50.000000 c 46.000000
tx 43 r 50.000000 c 47.000000
tx 44 r 51.000000 c 44.000000
tx 45 r 51.000000 c 45.000000
tx 46 r 51.000000 c 46.000000
tx 47 r 51.000000 c 47.000000
tx 48 r 52.000000 c 44.000000
tx 49 r 52.000000 c 45.000000
tx 50 r 52.000000 c 46.000000
tx 51 r 52.000000 c 47.000000
tx 52 r 53.000000 c 44.000000
tx 53 r 53.000000 c 45.000000
tx 54 r 53.000000 c 46.000000
tx 55 r 53.000000 c 47.000000
tx 56 r 54.000000 c 44.000000
tx 57 r 54.000000 c 45.000000
tx 58 r 54.000000 c 46.000000
tx 59 r 54.000000 c 47.000000
tx 60 r 55.000000 c 44.000000
tx 61 r 55.000000 c 45.000000
tx 62 r 55.000000 c 46.000000
tx 63 r 55.000000 c 47.000000
tx 192 r 24.000000 c 44.000000
tx 193 r 24.000000 c 45.000000
tx 194 r 24.000000 c 46.000000
tx 195 r 24.000000 c 47.000000
tx 196 r 25.000000 c 44.000000
tx 197 r 25.000000 c 45.000000
tx 198 r 25.000000 c 46.000000
tx 199 r 25.000000 c 47.000000
tx 200 r 26.000000 c 44.000000
tx 201 r 26.000000 c 45.000000
tx 202 r 26.000000 c 46.000000
tx 203 r 26.000000 c 47.000000
tx 204 r 27.000000 c 44.000000
tx 205 r 27.000000 c 45.000000
tx 206 r 27.000000 c 46.000000
tx 207 r 27.000000 c 47.000000
tx 208 r 28.000000 c 44.000000
tx 209 r 28.000000 c 45.000000
tx 210 r 28.000000 c 46.000000
tx 211 r 28.000000 c 47.000000
tx 212 r 29.000000 c 44.000000
tx 213 r 29.000000 c 45.000000
tx 214 r 29.000000 c 46.000000
tx 215 r 29.000000 c 47.000000
tx 216 r 30.000000 c 44.000000
tx 217 r 30.000000 c 45.000000
tx 218 r 30.000000 c 46.000000
tx 219 r 30.000000 c 47.000000
tx 220 r 31.000000 c 44.000000
tx 221 r 31.000000 c 45.000000
tx 222 r 31.000000 c 46.000000
tx 223 r 31.000000 c 47.000000
tx 64 r 24.000000 c 44.000000
tx 65 r 24.000000 c 45.000000
tx 66 r 24.000000 c 46.000000
tx 67 r 24.000000 c 47.000000
tx 68 r 25.000000 c 44.000000
tx 69 r 25.000000 c 45.000000
tx 70 r 25.000000 c 46.000000
tx 71 r 25.000000 c 47.000000
tx 72 r 26.000000 c 44.000000
tx 73 r 26.000000 c 45.000000
tx 74 r 26.000000 c 46.000000
tx 75 r 26.000000 c 47.000000
tx 76 r 27.000000 c 44.000000
tx 77 r 27.000000 c 45.000000
tx 78 r 27.000000 c 46.000000
tx 79 r 27.000000 c 47.000000
tx 80 r 28.000000 c 44.000000
tx 81 r 28.000000 c 45.000000
tx 82 r 28.000000 c 46.000000
tx 83 r 28.000000 c 47.000000
tx 84 r 29.000000 c 44.000000
tx 85 r 29.000000 c 45.000000
tx 86 r 29.000000 c 46.000000
tx 87 r 29.000000 c 47.000000
tx 88 r 30.000000 c 44.000000
tx 89 r 30.000000 c 45.000000
tx 90 r 30.000000 c 46.000000
tx 91 r 30.000000 c 47.000000
tx 92 r 31.000000 c 44.000000
tx 93 r 31.000000 c 45.000000
tx 94 r 31.000000 c 46.000000
tx 95 r 31.000000 c 47.000000
tx 0 r 24.000000 c 44.000000
tx 1 r 24.000000 c 45.000000
tx 2 r 24.000000 c 46.000000
tx 3 r 24.000000 c 47.000000
tx 4 r 25.000000 c 44.000000
tx 5 r 25.000000 c 45.000000
tx 6 r 25.000000 c 46.000000
tx 7 r 25.000000 c 47.000000
tx 8 r 26.000000 c 44.000000
tx 9 r 26.000000 c 45.000000
tx 10 r 26.000000 c 46.000000
tx 11 r 26.000000 c 47.000000
tx 12 r 27.000000 c 44.000000
tx 13 r 27.000000 c 45.000000
tx 14 r 27.000000 c 46.000000
tx 15 r 27.000000 c 47.000000
tx 16 r 28.000000 c 44.000000
tx 17 r 28.000000 c 45.000000
tx 18 r 28.000000 c 46.000000
tx 19 r 28.000000 c 47.000000
tx 20 r 29.000000 c 44.000000
tx 21 r 29.000000 c 45.000000
tx 22 r 29.000000 c 46.000000
tx 23 r 29.000000 c 47.000000
tx 24 r 30.000000 c 44.000000
tx 25 r 30.000000 c 45.000000
tx 26 r 30.000000 c 46.000000
tx 27 r 30.000000 c 47.000000
tx 28 r 31.000000 c 44.000000
tx 29 r 31.000000 c 45.000000
tx 30 r 31.000000 c 46.000000
tx 31 r 31.000000 c 47.000000
tx 160 r 56.000000 c 44.000000
tx 161 r 56.000000 c 45.000000
tx 162 r 56.000000 c 46.000000
tx 163 r 56.000000 c 47.000000
tx 164 r 57.000000 c 44.000000
tx 165 r 57.000000 c 45.000000
tx 166 r 57.000000 c 46.000000
tx 167 r 57.000000 c 47.000000
tx 168 r 58.000000 c 44.000000
tx 169 r 58.000000 c 45.000000
tx 170 r 58.000000 c 46.000000
tx 171 r 58.000000 c 47.000000
tx 172 r 59.000000 c 44.000000
tx 173 r 59.000000 c 45.000000
tx 174 r 59.000000 c 46.000000
tx 175 r 59.000000 c 47.000000
tx 176 r 60.000000 c 44.000000
tx 177 r 60.000000 c 45.000000
tx 178 r 60.000000 c 46.000000
tx 179 r 60.000000 c 47.000000
tx 180 r 61.000000 c 44.000000
tx 181 r 61.000000 c 45.000000
tx 182 r 61.000000 c 46.000000
tx 183 r 61.000000 c 47.000000
tx 184 r 62.000000 c 44.000000
tx 185 r 62.000000 c 45.000000
tx 186 r 62.000000 c 46.000000
tx 187 r 62.000000 c 47.000000
tx 188 r 63.000000 c 44.000000
tx 189 r 63.000000 c 45.000000
tx 190 r 63.000000 c 46.000000
tx 191 r 63.000000 c 47.000000
tx 224 r 56.000000 c 44.000000
tx 225 r 56.000000 c 45.000000
tx 226 r 56.000000 c 46.000000
tx 227 r 56.000000 c 47.000000
tx 228 r 57.000000 c 44.000000
tx 229 r 57.000000 c 45.000000
tx 230 r 57.000000 c 46.000000
tx 231 r 57.000000 c 47.000000
tx 232 r 58.000000 c 44.000000
tx 233 r 58.000000 c 45.000000
tx 234 r 58.000000 c 46.000000
tx 235 r 58.000000 c 47.000000
tx 236 r 59.000000 c 44.000000
tx 237 r 59.000000 c 45.000000
tx 238 r 59.000000 c 46.000000
tx 239 r 59.000000 c 47.000000
tx 240 r 60.000000 c 44.000000
tx 241 r 60.000000 c 45.000000
tx 242 r 60.000000 c 46.000000
tx 243 r 60.000000 c 47.000000
tx 244 r 61.000000 c 44.000000
tx 245 r 61.000000 c 45.000000
tx 246 r 61.000000 c 46.000000
tx 247 r 61.000000 c 47.000000
tx 248 r 62.000000 c 44.000000
tx 249 r 62.000000 c 45.000000
tx 250 r 62.000000 c 46.000000
tx 251 r 62.000000 c 47.000000
tx 252 r 63.000000 c 44.000000
tx 253 r 63.000000 c 45.000000
tx 254 r 63.000000 c 46.000000
tx 255 r 63.000000 c 47.000000
tx 96 r 56.000000 c 44.000000
tx 97 r 56.000000 c 45.000000
tx 98 r 56.000000 c 46.000000
tx 99 r 56.000000 c 47.000000
tx 100 r 57.000000 c 44.000000
tx 101 r 57.000000 c 45.000000
tx 102 r 57.000000 c 46.000000
tx 103 r 57.000000 c 47.000000
tx 104 r 58.000000 c 44.000000
tx 105 r 58.000000 c 45.000000
tx 106 r 58.000000 c 46.000000
tx 107 r 58.000000 c 47.000000
tx 108 r 59.000000 c 44.000000
tx 109 r 59.000000 c 45.000000
tx 110 r 59.000000 c 46.000000
tx 111 r 59.000000 c 47.000000
tx 112 r 60.000000 c 44.000000
tx 113 r 60.000000 c 45.000000
tx 114 r 60.000000 c 46.000000
tx 115 r 60.000000 c 47.000000
tx 116 r 61.000000 c 44.000000
tx 117 r 61.000000 c 45.000000
tx 118 r 61.000000 c 46.000000
tx 119 r 61.000000 c 47.000000
tx 120 r 62.000000 c 44.000000
tx 121 r 62.000000 c 45.000000
tx 122 r 62.000000 c 46.000000
tx 123 r 62.000000 c 47.000000
tx 124 r 63.000000 c 44.000000
tx 125 r 63.000000 c 45.000000
tx 126 r 63.000000 c 46.000000
tx 127 r 63.000000 c 47.000000
tx 128 r 24.000000 c 44.000000
tx 129 r 24.000000 c 45.000000
tx 130 r 24.000000 c 46.000000
tx 131 r 24.000000 c 47.000000
tx 132 r 25.000000 c 44.000000
tx 133 r 25.000000 c 45.000000
tx 134 r 25.000000 c 46.000000
tx 135 r 25.000000 c 47.000000
tx 136 r 26.000000 c 44.000000
tx 137 r 26.000000 c 45.000000
tx 138 r 26.000000 c 46.000000
tx 139 r 26.000000 c 47.000000
tx 140 r 27.000000 c 44.000000
tx 141 r 27.000000 c 45.000000
tx 142 r 27.000000 c 46.000000
tx 143 r 27.000000 c 47.000000
tx 144 r 28.000000 c 44.000000
tx 145 r 28.000000 c 45.000000
tx 146 r 28.000000 c 46.000000
tx 147 r 28.000000 c 47.000000
tx 148 r 29.000000 c 44.000000
tx 149 r 29.000000 c 45.000000
tx 150 r 29.000000 c 46.000000
tx 151 r 29.000000 c 47.000000
tx 152 r 30.000000 c 44.000000
tx 153 r 30.000000 c 45.000000
tx 154 r 30.000000 c 46.000000
tx 155 r 30.000000 c 47.000000
tx 156 r 31.000000 c 44.000000
tx 157 r 31.000000 c 45.000000
tx 158 r 31.000000 c 46.000000
tx 159 r 31.000000 c 47.000000
tx 32 r 56.000000 c 44.000000
tx 33 r 56.000000 c 45.000000
tx 34 r 56.000000 c 46.000000
tx 35 r 56.000000 c 47.000000
tx 36 r 57.000000 c 44.000000
tx 37 r 57.000000 c 45.000000
tx 38 r 57.000000 c 46.000000
tx 39 r 57.000000 c 47.000000
tx 40 r 58.000000 c 44.000000
tx 41 r 58.000000 c 45.000000
tx 42 r 58.000000 c 46.000000
tx 43 r 58.000000 c 47.000000
tx 44 r 59.000000 c 44.000000
tx 45 r 59.000000 c 45.000000
tx 46 r 59.000000 c 46.000000
tx 47 r 59.000000 c 47.000000
tx 48 r 60.000000 c 44.000000
tx 49 r 60.000000 c 45.000000
tx 50 r 60.000000 c 46.000000
tx 51 r 60.000000 c 47.000000
tx 52 r 61.000000 c 44.000000
tx 53 r 61.000000 c 45.000000
tx 54 r 61.000000 c 46.000000
tx 55 r 61.000000 c 47.000000
tx 56 r 62.000000 c 44.000000
tx 57 r 62.000000 c 45.000000
tx 58 r 62.000000 c 46.000000
tx 59 r 62.000000 c 47.000000
tx 60 r 63.000000 c 44.000000
tx 61 r 63.000000 c 45.000000
tx 62 r 63.000000 c 46.000000
tx 63 r 63.000000 c 47.000000
tx 64 r 0.000000 c 48.000000
tx 65 r 0.000000 c 49.000000
tx 66 r 0.000000 c 50.000000
tx 67 r 0.000000 c 51.000000
tx 68 r 1.000000 c 48.000000
tx 69 r 1.000000 c 49.000000
tx 70 r 1.000000 c 50.000000
tx 71 r 1.000000 c 51.000000
tx 72 r 2.000000 c 48.000000
tx 73 r 2.000000 c 49.000000
tx 74 r 2.000000 c 50.000000
tx 75 r 2.000000 c 51.000000
tx 76 r 3.000000 c 48.000000
tx 77 r 3.000000 c 49.000000
tx 78 r 3.000000 c 50.000000
tx 79 r 3.000000 c 51.000000
tx 80 r 4.000000 c 48.000000
tx 81 r 4.000000 c 49.000000
tx 82 r 4.000000 c 50.000000
tx 83 r 4.000000 c 51.000000
tx 84 r 5.000000 c 48.000000
tx 85 r 5.000000 c 49.000000
tx 86 r 5.000000 c 50.000000
tx 87 r 5.000000 c 51.000000
tx 88 r 6.000000 c 48.000000
tx 89 r 6.000000 c 49.000000
tx 90 r 6.000000 c 50.000000
tx 91 r 6.000000 c 51.000000
tx 92 r 7.000000 c 48.000000
tx 93 r 7.000000 c 49.000000
tx 94 r 7.000000 c 50.000000
tx 95 r 7.000000 c 51.000000
tx 128 r 0.000000 c 48.000000
tx 129 r 0.000000 c 49.000000
tx 130 r 0.000000 c 50.000000
tx 131 r 0.000000 c 51.000000
tx 132 r 1.000000 c 48.000000
tx 133 r 1.000000 c 49.000000
tx 134 r 1.000000 c 50.000000
tx 135 r 1.000000 c 51.000000
tx 136 r 2.000000 c 48.000000
tx 137 r 2.000000 c 49.000000
tx 138 r 2.000000 c 50.000000
tx 139 r 2.000000 c 51.000000
tx 140 r 3.000000 c 48.000000
tx 141 r 3.000000 c 49.000000
tx 142 r 3.000000 c 50.000000
tx 143 r 3.000000 c 51.000000
tx 144 r 4.000000 c 48.000000
tx 145 r 4.000000 c 49.000000
tx 146 r 4.000000 c 50.000000
tx 147 r 4.000000 c 51.000000
tx 148 r 5.000000 c 48.000000
tx 149 r 5.000000 c 49.000000
tx 150 r 5.000000 c 50.000000
tx 151 r 5.000000 c 51.000000
tx 152 r 6.000000 c 48.000000
tx 153 r 6.000000 c 49.000000
tx 154 r 6.000000 c 50.000000
tx 155 r 6.000000 c 51.000000
tx 156 r 7.000000 c 48.000000
tx 157 r 7.000000 c 49.000000
tx 158 r 7.000000 c 50.000000
tx 159 r 7.000000 c 51.000000
tx 160 r 32.000000 c 48.000000
tx 161 r 32.000000 c 49.000000
tx 162 r 32.000000 c 50.000000
tx 163 r 32.000000 c 51.000000
tx 164 r 33.000000 c 48.000000
tx 165 r 33.000000 c 49.000000
tx 166 r 33.000000 c 50.000000
tx 167 r 33.000000 c 51.000000
tx 168 r 34.000000 c 48.000000
tx 169 r 34.000000 c 49.000000
tx 170 r 34.000000 c 50.000000
tx 171 r 34.000000 c 51.000000
tx 172 r 35.000000 c 48.000000
tx 173 r 35.000000 c 49.000000
tx 174 r 35.000000 c 50.000000
tx 175 r 35.000000 c 51.000000
tx 176 r 36.000000 c 48.000000
tx 177 r 36.000000 c 49.000000
tx 178 r 36.000000 c 50.000000
tx 179 r 36.000000 c 51.000000
tx 180 r 37.000000 c 48.000000
tx 181 r 37.000000 c 49.000000
tx 182 r 37.000000 c 50.000000
tx 183 r 37.000000 c 51.000000
tx 184 r 38.000000 c 48.000000
tx 185 r 38.000000 c 49.000000
tx 186 r 38.000000 c 50.000000
tx 187 r 38.000000 c 51.000000
tx 188 r 39.000000 c 48.000000
tx 189 r 39.000000 c 49.000000
tx 190 r 39.000000 c 50.000000
tx 191 r 39.000000 c 51.000000
tx 96 r 32.000000 c 48.000000
tx 97 r 32.000000 c 49.000000
tx 98 r 32.000000 c 50.000000
tx 99 r 32.000000 c 51.000000
tx 100 r 33.000000 c 48.000000
tx 101 r 33.000000 c 49.000000
tx 102 r 33.000000 c 50.000000
tx 103 r 33.000000 c 51.000000
tx 104 r 34.000000 c 48.000000
tx 105 r 34.000000 c 49.000000
tx 106 r 34.000000 c 50.000000
tx 107 r 34.000000 c 51.000000
tx 108 r 35.000000 c 48.000000
tx 109 r 35.000000 c 49.000000
tx 110 r 35.000000 c 50.000000
tx 111 r 35.000000 c 51.000000
tx 112 r 36.000000 c 48.000000
tx 113 r 36.000000 c 49.000000
tx 114 r 36.000000 c 50.000000
tx 115 r 36.000000 c 51.000000
tx 116 r 37.000000 c 48.000000
tx 117 r 37.000000 c 49.000000
tx 118 r 37.000000 c 50.000000
tx 119 r 37.000000 c 51.000000
tx 120 r 38.000000 c 48.000000
tx 121 r 38.000000 c 49.000000
tx 122 r 38.000000 c 50.000000
tx 123 r 38.000000 c 51.000000
tx 124 r 39.000000 c 48.000000
tx 125 r 39.000000 c 49.000000
tx 126 r 39.000000 c 50.000000
tx 127 r 39.000000 c 51.000000
tx 32 r 32.000000 c 48.000000
tx 33 r 32.000000 c 49.000000
tx 34 r 32.000000 c 50.000000
tx 35 r 32.000000 c 51.000000
tx 36 r 33.000000 c 48.000000
tx 37 r 33.000000 c 49.000000
tx 38 r 33.000000 c 50.000000
tx 39 r 33.000000 c 51.000000
tx 40 r 34.000000 c 48.000000
tx 41 r 34.000000 c 49.000000
tx 42 r 34.000000 c 50.000000
tx 43 r 34.000000 c 51.000000
tx 44 r 35.000000 c 48.000000
tx 45 r 35.000000 c 49.000000
tx 46 r 35.000000 c 50.000000
tx 47 r 35.000000 c 51.000000
tx 48 r 36.000000 c 48.000000
tx 49 r 36.000000 c 49.000000
tx 50 r 36.000000 c 50.000000
tx 51 r 36.000000 c 51.000000
tx 52 r 37.000000 c 48.000000
tx 53 r 37.000000 c 49.000000
tx 54 r 37.000000 c 50.000000
tx 55 r 37.000000 c 51.000000
tx 56 r 38.000000 c 48.000000
tx 57 r 38.000000 c 49.000000
tx 58 r 38.000000 c 50.000000
tx 59 r 38.000000 c 51.000000
tx 60 r 39.000000 c 48.000000
tx 61 r 39.000000 c 49.000000
tx 62 r 39.000000 c 50.000000
tx 63 r 39.000000 c 51.000000
tx 0 r 0.000000 c 48.000000
tx 1 r 0.000000 c 49.000000
tx 2 r 0.000000 c 50.000000
tx 3 r 0.000000 c 51.000000
tx 4 r 1.000000 c 48.000000
tx 5 r 1.000000 c 49.000000
tx 6 r 1.000000 c 50.000000
tx 7 r 1.000000 c 51.000000
tx 8 r 2.000000 c 48.000000
tx 9 r 2.000000 c 49.000000
tx 10 r 2.000000 c 50.000000
tx 11 r 2.000000 c 51.000000
tx 12 r 3.000000 c 48.000000
tx 13 r 3.000000 c 49.000000
tx 14 r 3.000000 c 50.000000
tx 15 r 3.000000 c 51.000000
tx 16 r 4.000000 c 48.000000
tx 17 r 4.000000 c 49.000000
tx 18 r 4.000000 c 50.000000
tx 19 r 4.000000 c 51.000000
tx 20 r 5.000000 c 48.000000
tx 21 r 5.000000 c 49.000000
tx 22 r 5.000000 c 50.000000
tx 23 r 5.000000 c 51.000000
tx 24 r 6.000000 c 48.000000
tx 25 r 6.000000 c 49.000000
tx 26 r 6.000000 c 50.000000
tx 27 r 6.000000 c 51.000000
tx 28 r 7.000000 c 48.000000
tx 29 r 7.000000 c 49.000000
tx 30 r 7.000000 c 50.000000
tx 31 r 7.000000 c 51.000000
tx 224 r 32.000000 c 48.000000
tx 225 r 32.000000 c 49.000000
tx 226 r 32.000000 c 50.000000
tx 227 r 32.000000 c 51.000000
tx 228 r 33.000000 c 48.000000
tx 229 r 33.000000 c 49.000000
tx 230 r 33.000000 c 50.000000
tx 231 r 33.000000 c 51.000000
tx 232 r 34.000000 c 48.000000
tx 233 r 34.000000 c 49.000000
tx 234 r 34.000000 c 50.000000
tx 235 r 34.000000 c 51.000000
tx 236 r 35.000000 c 48.000000
tx 237 r 35.000000 c 49.000000
tx 238 r 35.000000 c 50.000000
tx 239 r 35.000000 c 51.000000
tx 240 r 36.000000 c 48.000000
tx 241 r 36.000000 c 49.000000
tx 242 r 36.000000 c 50.000000
tx 243 r 36.000000 c 51.000000
tx 244 r 37.000000 c 48.000000
tx 245 r 37.000000 c 49.000000
tx 246 r 37.000000 c 50.000000
tx 247 r 37.000000 c 51.000000
tx 248 r 38.000000 c 48.000000
tx 249 r 38.000000 c 49.000000
tx 250 r 38.000000 c 50.000000
tx 251 r 38.000000 c 51.000000
tx 252 r 39.000000 c 48.000000
tx 253 r 39.000000 c 49.000000
tx 254 r 39.000000 c 50.000000
tx 255 r 39.000000 c 51.000000
tx 192 r 0.000000 c 48.000000
tx 193 r 0.000000 c 49.000000
tx 194 r 0.000000 c 50.000000
tx 195 r 0.000000 c 51.000000
tx 196 r 1.000000 c 48.000000
tx 197 r 1.000000 c 49.000000
tx 198 r 1.000000 c 50.000000
tx 199 r 1.000000 c 51.000000
tx 200 r 2.000000 c 48.000000
tx 201 r 2.000000 c 49.000000
tx 202 r 2.000000 c 50.000000
tx 203 r 2.000000 c 51.000000
tx 204 r 3.000000 c 48.000000
tx 205 r 3.000000 c 49.000000
tx 206 r 3.000000 c 50.000000
tx 207 r 3.000000 c 51.000000
tx 208 r 4.000000 c 48.000000
tx 209 r 4.000000 c 49.000000
tx 210 r 4.000000 c 50.000000
tx 211 r 4.000000 c 51.000000
tx 212 r 5.000000 c 48.000000
tx 213 r 5.000000 c 49.000000
tx 214 r 5.000000 c 50.000000
tx 215 r 5.000000 c 51.000000
tx 216 r 6.000000 c 48.000000
tx 217 r 6.000000 c 49.000000
tx 218 r 6.000000 c 50.000000
tx 219 r 6.000000 c 51.000000
tx 220 r 7.000000 c 48.000000
tx 221 r 7.000000 c 49.000000
tx 222 r 7.000000 c 50.000000
tx 223 r 7.000000 c 51.000000
tx 160 r 40.000000 c 48.000000
tx 161 r 40.000000 c 49.000000
tx 162 r 40.000000 c 50.000000
tx 163 r 40.000000 c 51.000000
tx 164 r 41.000000 c 48.000000
tx 165 r 41.000000 c 49.000000
tx 166 r 41.000000 c 50.000000
tx 167 r 41.000000 c 51.000000
tx 168 r 42.000000 c 48.000000
tx 169 r 42.000000 c 49.000000
tx 170 r 42.000000 c 50.000000
tx 171 r 42.000000 c 51.000000
tx 172 r 43.000000 c 48.000000
tx 173 r 43.000000 c 49.000000
tx 174 r 43.000000 c 50.000000
tx 175 r 43.000000 c 51.000000
tx 176 r 44.000000 c 48.000000
tx 177 r 44.000000 c 49.000000
tx 178 r 44.000000 c 50.000000
tx 179 r 44.000000 c 51.000000
tx 180 r 45.000000 c 48.000000
tx 181 r 45.000000 c 49.000000
tx 182 r 45.000000 c 50.000000
tx 183 r 45.000000 c 51.000000
tx 184 r 46.000000 c 48.000000
tx 185 r 46.000000 c 49.000000
tx 186 r 46.000000 c 50.000000
tx 187 r 46.000000 c 51.000000
tx 188 r 47.000000 c 48.000000
tx 189 r 47.000000 c 49.000000
tx 190 r 47.000000 c 50.000000
tx 191 r 47.000000 c 51.000000
tx 224 r 40.000000 c 48.000000
tx 225 r 40.000000 c 49.000000
tx 226 r 40.000000 c 50.000000
tx 227 r 40.000000 c 51.000000
tx 228 r 41.000000 c 48.000000
tx 229 r 41.000000 c 49.000000
tx 230 r 41.000000 c 50.000000
tx 231 r 41.000000 c 51.000000
tx 232 r 42.000000 c 48.000000
tx 233 r 42.000000 c 49.000000
tx 234 r 42.000000 c 50.000000
tx 235 r 42.000000 c 51.000000
tx 236 r 43.000000 c 48.000000
tx 237 r 43.000000 c 49.000000
tx 238 r 43.000000 c 50.000000
tx 239 r 43.000000 c 51.000000
tx 240 r 44.000000 c 48.000000
tx 241 r 44.000000 c 49.000000
tx 242 r 44.000000 c 50.000000
tx 243 r 44.000000 c 51.000000
tx 244 r 45.000000 c 48.000000
tx 245 r 45.000000 c 49.000000
tx 246 r 45.000000 c 50.000000
tx 247 r 45.000000 c 51.000000
tx 248 r 46.000000 c 48.000000
tx 249 r 46.000000 c 49.000000
tx 250 r 46.000000 c 50.000000
tx 251 r 46.000000 c 51.000000
tx 252 r 47.000000 c 48.000000
tx 253 r 47.000000 c 49.000000
tx 254 r 47.000000 c 50.000000
tx 255 r 47.000000 c 51.000000
tx 192 r 8.000000 c 48.000000
tx 193 r 8.000000 c 49.000000
tx 194 r 8.000000 c 50.000000
tx 195 r 8.000000 c 51.000000
tx 196 r 9.000000 c 48.000000
tx 197 r 9.000000 c 49.000000
tx 198 r 9.000000 c 50.000000
tx 199 r 9.000000 c 51.000000
tx 200 r 10.000000 c 48.000000
tx 201 r 10.000000 c 49.000000
tx 202 r 10.000000 c 50.000000
tx 203 r 10.000000 c 51.000000
tx 204 r 11.000000 c 48.000000
tx 205 r 11.000000 c 49.000000
tx 206 r 11.000000 c 50.000000
tx 207 r 11.000000 c 51.000000
tx 208 r 12.000000 c 48.000000
tx 209 r 12.000000 c 49.000000
tx 210 r 12.000000 c 50.000000
tx 211 r 12.000000 c 51.000000
tx 212 r 13.000000 c 48.000000
tx 213 r 13.000000 c 49.000000
tx 214 r 13.000000 c 50.000000
tx 215 r 13.000000 c 51.000000
tx 216 r 14.000000 c 48.000000
tx 217 r 14.000000 c 49.000000
tx 218 r 14.000000 c 50.000000
tx 219 r 14.000000 c 51.000000
tx 220 r 15.000000 c 48.000000
tx 221 r 15.000000 c 49.000000
tx 222 r 15.000000 c 50.000000
tx 223 r 15.000000 c 51.000000
tx 64 r 8.000000 c 48.000000
tx 65 r 8.000000 c 49.000000
tx 66 r 8.000000 c 50.000000
tx 67 r 8.000000 c 51.000000
tx 68 r 9.000000 c 48.000000
tx 69 r 9.000000 c 49.000000
tx 70 r 9.000000 c 50.000000
tx 71 r 9.000000 c 51.000000
tx 72 r 10.000000 c 48.000000
tx 73 r 10.000000 c 49.000000
tx 74 r 10.000000 c 50.000000
tx 75 r 10.000000 c 51.000000
tx 76 r 11.000000 c 48.000000
tx 77 r 11.000000 c 49.000000
tx 78 r 11.000000 c 50.000000
tx 79 r 11.000000 c 51.000000
tx 80 r 12.000000 c 48.000000
tx 81 r 12.000000 c 49.000000
tx 82 r 12.000000 c 50.000000
tx 83 r 12.000000 c 51.000000
tx 84 r 13.000000 c 48.000000
tx 85 r 13.000000 c 49.000000
tx 86 r 13.000000 c 50.000000
tx 87 r 13.000000 c 51.000000
tx 88 r 14.000000 c 48.000000
tx 89 r 14.000000 c 49.000000
tx 90 r 14.000000 c 50.000000
tx 91 r 14.000000 c 51.000000
tx 92 r 15.000000 c 48.000000
tx 93 r 15.000000 c 49.000000
tx 94 r 15.000000 c 50.000000
tx 95 r 15.000000 c 51.000000
tx 96 r 40.000000 c 48.000000
tx 97 r 40.000000 c 49.000000
tx 98 r 40.000000 c 50.000000
tx 99 r 40.000000 c 51.000000
tx 100 r 41.000000 c 48.000000
tx 101 r 41.000000 c 49.000000
tx 102 r 41.000000 c 50.000000
tx 103 r 41.000000 c 51.000000
tx 104 r 42.000000 c 48.000000
tx 105 r 42.000000 c 49.000000
tx 106 r 42.000000 c 50.000000
tx 107 r 42.000000 c 51.000000
tx 108 r 43.000000 c 48.000000
tx 109 r 43.000000 c 49.000000
tx 110 r 43.000000 c 50.000000
tx 111 r 43.000000 c 51.000000
tx 112 r 44.000000 c 48.000000
tx 113 r 44.000000 c 49.000000
tx 114 r 44.000000 c 50.000000
tx 115 r 44.000000 c 51.000000
tx 116 r 45.000000 c 48.000000
tx 117 r 45.000000 c 49.000000
tx 118 r 45.000000 c 50.000000
tx 119 r 45.000000 c 51.000000
tx 120 r 46.000000 c 48.000000
tx 121 r 46.000000 c 49.000000
tx 122 r 46.000000 c 50.000000
tx 123 r 46.000000 c 51.000000
tx 124 r 47.000000 c 48.000000
tx 125 r 47.000000 c 49.000000
tx 126 r 47.000000 c 50.000000
tx 127 r 47.000000 c 51.000000
tx 32 r 40.000000 c 48.000000
tx 33 r 40.000000 c 49.000000
tx 34 r 40.000000 c 50.000000
tx 35 r 40.000000 c 51.000000
tx 36 r 41.000000 c 48.000000
tx 37 r 41.000000 c 49.000000
tx 38 r 41.000000 c 50.000000
tx 39 r 41.000000 c 51.000000
tx 40 r 42.000000 c 48.000000
tx 41 r 42.000000 c 49.000000
tx 42 r 42.000000 c 50.000000
tx 43 r 42.000000 c 51.000000
tx 44 r 43.000000 c 48.000000
tx 45 r 43.000000 c 49.000000
tx 46 r 43.000000 c 50.000000
tx 47 r 43.000000 c 51.000000
tx 48 r 44.000000 c 48.000000
tx 49 r 44.000000 c 49.000000
tx 50 r 44.000000 c 50.000000
tx 51 r 44.000000 c 51.000000
tx 52 r 45.000000 c 48.000000
tx 53 r 45.000000 c 49.000000
tx 54 r 45.000000 c 50.000000
tx 55 r 45.000000 c 51.000000
tx 56 r 46.000000 c 48.000000
tx 57 r 46.000000 c 49.000000
tx 58 r 46.000000 c 50.000000
tx 59 r 46.000000 c 51.000000
tx 60 r 47.000000 c 48.000000
tx 61 r 47.000000 c 49.000000
tx 62 r 47.000000 c 50.000000
tx 63 r 47.000000 c 51.000000
tx 128 r 8.000000 c 48.000000
tx 129 r 8.000000 c 49.000000
tx 130 r 8.000000 c 50.000000
tx 131 r 8.000000 c 51.000000
tx 132 r 9.000000 c 48.000000
tx 133 r 9.000000 c 49.000000
tx 134 r 9.000000 c 50.000000
tx 135 r 9.000000 c 51.000000
tx 136 r 10.000000 c 48.000000
tx 137 r 10.000000 c 49.000000
tx 138 r 10.000000 c 50.000000
tx 139 r 10.000000 c 51.000000
tx 140 r 11.000000 c 48.000000
tx 141 r 11.000000 c 49.000000
tx 142 r 11.000000 c 50.000000
tx 143 r 11.000000 c 51.000000
tx 144 r 12.000000 c 48.000000
tx 145 r 12.000000 c 49.000000
tx 146 r 12.000000 c 50.000000
tx 147 r 12.000000 c 51.000000
tx 148 r 13.000000 c 48.000000
tx 149 r 13.000000 c 49.000000
tx 150 r 13.000000 c 50.000000
tx 151 r 13.000000 c 51.000000
tx 152 r 14.000000 c 48.000000
tx 153 r 14.000000 c 49.000000
tx 154 r 14.000000 c 50.000000
tx 155 r 14.000000 c 51.000000
tx 156 r 15.000000 c 48.000000
tx 157 r 15.000000 c 49.000000
tx 158 r 15.000000 c 50.000000
tx 159 r 15.000000 c 51.000000
tx 0 r 8.000000 c 48.000000
tx 1 r 8.000000 c 49.000000
tx 2 r 8.000000 c 50.000000
tx 3 r 8.000000 c 51.000000
tx 4 r 9.000000 c 48.000000
tx 5 r 9.000000 c 49.000000
tx 6 r 9.000000 c 50.000000
tx 7 r 9.000000 c 51.000000
tx 8 r 10.000000 c 48.000000
tx 9 r 10.000000 c 49.000000
tx 10 r 10.000000 c 50.000000
tx 11 r 10.000000 c 51.000000
tx 12 r 11.000000 c 48.000000
tx 13 r 11.000000 c 49.000000
tx 14 r 11.000000 c 50.000000
tx 15 r 11.000000 c 51.000000
tx 16 r 12.000000 c 48.000000
tx 17 r 12.000000 c 49.000000
tx 18 r 12.000000 c 50.000000
tx 19 r 12.000000 c 51.000000
tx 20 r 13.000000 c 48.000000
tx 21 r 13.000000 c 49.000000
tx 22 r 13.000000 c 50.000000
tx 23 r 13.000000 c 51.000000
tx 24 r 14.000000 c 48.000000
tx 25 r 14.000000 c 49.000000
tx 26 r 14.000000 c 50.000000
tx 27 r 14.000000 c 51.000000
tx 28 r 15.000000 c 48.000000
tx 29 r 15.000000 c 49.000000
tx 30 r 15.000000 c 50.000000
tx 31 r 15.000000 c 51.000000
tx 160 r 48.000000 c 48.000000
tx 161 r 48.000000 c 49.000000
tx 162 r 48.000000 c 50.000000
tx 163 r 48.000000 c 51.000000
tx 164 r 49.000000 c 48.000000
tx 165 r 49.000000 c 49.000000
tx 166 r 49.000000 c 50.000000
tx 167 r 49.000000 c 51.000000
tx 168 r 50.000000 c 48.000000
tx 169 r 50.000000 c 49.000000
tx 170 r 50.000000 c 50.000000
tx 171 r 50.000000 c 51.000000
tx 172 r 51.000000 c 48.000000
tx 173 r 51.000000 c 49.000000
tx 174 r 51.000000 c 50.000000
tx 175 r 51.000000 c 51.000000
tx 176 r 52.000000 c 48.000000
tx 177 r 52.000000 c 49.000000
tx 178 r 52.000000 c 50.000000
tx 179 r 52.000000 c 51.000000
tx 180 r 53.000000 c 48.000000
tx 181 r 53.000000 c 49.000000
tx 182 r 53.000000 c 50.000000
tx 183 r 53.000000 c 51.000000
tx 184 r 54.000000 c 48.000000
tx 185 r 54.000000 c 49.000000
tx 186 r 54.000000 c 50.000000
tx 187 r 54.000000 c 51.000000
tx 188 r 55.000000 c 48.000000
tx 189 r 55.000000 c 49.000000
tx 190 r 55.000000 c 50.000000
tx 191 r 55.000000 c 51.000000
tx 32 r 48.000000 c 48.000000
tx 33 r 48.000000 c 49.000000
tx 34 r 48.000000 c 50.000000
tx 35 r 48.000000 c 51.000000
tx 36 r 49.000000 c 48.000000
tx 37 r 49.000000 c 49.000000
tx 38 r 49.000000 c 50.000000
tx 39 r 49.000000 c 51.000000
tx 40 r 50.000000 c 48.000000
tx 41 r 50.000000 c 49.000000
tx 42 r 50.000000 c 50.000000
tx 43 r 50.000000 c 51.000000
tx 44 r 51.000000 c 48.000000
tx 45 r 51.000000 c 49.000000
tx 46 r 51.000000 c 50.000000
tx 47 r 51.000000 c 51.000000
tx 48 r 52.000000 c 48.000000
tx 49 r 52.000000 c 49.000000
tx 50 r 52.000000 c 50.000000
tx 51 r 52.000000 c 51.000000
tx 52 r 53.000000 c 48.000000
tx 53 r 53.000000 c 49.000000
tx 54 r 53.000000 c 50.000000
tx 55 r 53.000000 c 51.000000
tx 56 r 54.000000 c 48.000000
tx 57 r 54.000000 c 49.000000
tx 58 r 54.000000 c 50.000000
tx 59 r 54.000000 c 51.000000
tx 60 r 55.000000 c 48.000000
tx 61 r 55.000000 c 49.000000
tx 62 r 55.000000 c 50.000000
tx 63 r 55.000000 c 51.000000
tx 224 r 48.000000 c 48.000000
tx 225 r 48.000000 c 49.000000
tx 226 r 48.000000 c 50.000000
tx 227 r 48.000000 c 51.000000
tx 228 r 49.000000 c 48.000000
tx 229 r 49.000000 c 49.000000
tx 230 r 49.000000 c 50.000000
tx 231 r 49.000000 c 51.000000
tx 232 r 50.000000 c 48.000000
tx 233 r 50.000000 c 49.000000
tx 234 r 50.000000 c 50.000000
tx 235 r 50.000000 c 51.000000
tx 236 r 51.000000 c 48.000000
tx 237 r 51.000000 c 49.000000
tx 238 r 51.000000 c 50.000000
tx 239 r 51.000000 c 51.000000
tx 240 r 52.000000 c 48.000000
tx 241 r 52.000000 c 49.000000
tx 242 r 52.000000 c 50.000000
tx 243 r 52.000000 c 51.000000
tx 244 r 53.000000 c 48.000000
tx 245 r 53.000000 c 49.000000
tx 246 r 53.000000 c 50.000000
tx 247 r 53.000000 c 51.000000
tx 248 r 54.000000 c 48.000000
tx 249 r 54.000000 c 49.000000
tx 250 r 54.000000 c 50.000000
tx 251 r 54.000000 c 51.000000
tx 252 r 55.000000 c 48.000000
tx 253 r 55.000000 c 49.000000
tx 254 r 55.000000 c 50.000000
tx 255 r 55.000000 c 51.000000
tx 0 r 16.000000 c 48.000000
tx 1 r 16.000000 c 49.000000
tx 2 r 16.000000 c 50.000000
tx 3 r 16.000000 c 51.000000
tx 4 r 17.000000 c 48.000000
tx 5 r 17.000000 c 49.000000
tx 6 r 17.000000 c 50.000000
tx 7 r 17.000000 c 51.000000
tx 8 r 18.000000 c 48.000000
tx 9 r 18.000000 c 49.000000
tx 10 r 18.000000 c 50.000000
tx 11 r 18.000000 c 51.000000
tx 12 r 19.000000 c 48.000000
tx 13 r 19.000000 c 49.000000
tx 14 r 19.000000 c 50.000000
tx 15 r 19.000000 c 51.000000
tx 16 r 20.000000 c 48.000000
tx 17 r 20.000000 c 49.000000
tx 18 r 20.000000 c 50.000000
tx 19 r 20.000000 c 51.000000
tx 20 r 21.000000 c 48.000000
tx 21 r 21.000000 c 49.000000
tx 22 r 21.000000 c 50.000000
tx 23 r 21.000000 c 51.000000
tx 24 r 22.000000 c 48.000000
tx 25 r 22.000000 c 49.000000
tx 26 r 22.000000 c 50.000000
tx 27 r 22.000000 c 51.000000
tx 28 r 23.000000 c 48.000000
tx 29 r 23.000000 c 49.000000
tx 30 r 23.000000 c 50.000000
tx 31 r 23.000000 c 51.000000
tx 64 r 16.000000 c 48.000000
tx 65 r 16.000000 c 49.000000
tx 66 r 16.000000 c 50.000000
tx 67 r 16.000000 c 51.000000
tx 68 r 17.000000 c 48.000000
tx 69 r 17.000000 c 49.000000
tx 70 r 17.000000 c 50.000000
tx 71 r 17.000000 c 51.000000
tx 72 r 18.000000 c 48.000000
tx 73 r 18.000000 c 49.000000
tx 74 r 18.000000 c 50.000000
tx 75 r 18.000000 c 51.000000
tx 76 r 19.000000 c 48.000000
tx 77 r 19.000000 c 49.000000
tx 78 r 19.000000 c 50.000000
tx 79 r 19.000000 c 51.000000
tx 80 r 20.000000 c 48.000000
tx 81 r 20.000000 c 49.000000
tx 82 r 20.000000 c 50.000000
tx 83 r 20.000000 c 51.000000
tx 84 r 21.000000 c 48.000000
tx 85 r 21.000000 c 49.000000
tx 86 r 21.000000 c 50.000000
tx 87 r 21.000000 c 51.000000
tx 88 r 22.000000 c 48.000000
tx 89 r 22.000000 c 49.000000
tx 90 r 22.000000 c 50.000000
tx 91 r 22.000000 c 51.000000
tx 92 r 23.000000 c 48.000000
tx 93 r 23.000000 c 49.000000
tx 94 r 23.000000 c 50.000000
tx 95 r 23.000000 c 51.000000
tx 192 r 16.000000 c 48.000000
tx 193 r 16.000000 c 49.000000
tx 194 r 16.000000 c 50.000000
tx 195 r 16.000000 c 51.000000
tx 196 r 17.000000 c 48.000000
tx 197 r 17.000000 c 49.000000
tx 198 r 17.000000 c 50.000000
tx 199 r 17.000000 c 51.000000
tx 200 r 18.000000 c 48.000000
tx 201 r 18.000000 c 49.000000
tx 202 r 18.000000 c 50.000000
tx 203 r 18.000000 c 51.000000
tx 204 r 19.000000 c 48.000000
tx 205 r 19.000000 c 49.000000
tx 206 r 19.000000 c 50.000000
tx 207 r 19.000000 c 51.000000
tx 208 r 20.000000 c 48.000000
tx 209 r 20.000000 c 49.000000
tx 210 r 20.000000 c 50.000000
tx 211 r 20.000000 c 51.000000
tx 212 r 21.000000 c 48.000000
tx 213 r 21.000000 c 49.000000
tx 214 r 21.000000 c 50.000000
tx 215 r 21.000000 c 51.000000
tx 216 r 22.000000 c 48.000000
tx 217 r 22.000000 c 49.000000
tx 218 r 22.000000 c 50.000000
tx 219 r 22.000000 c 51.000000
tx 220 r 23.000000 c 48.000000
tx 221 r 23.000000 c 49.000000
tx 222 r 23.000000 c 50.000000
tx 223 r 23.000000 c 51.000000
tx 128 r 16.000000 c 48.000000
tx 129 r 16.000000 c 49.000000
tx 130 r 16.000000 c 50.000000
tx 131 r 16.000000 c 51.000000
tx 132 r 17.000000 c 48.000000
tx 133 r 17.000000 c 49.000000
tx 134 r 17.000000 c 50.000000
tx 135 r 17.000000 c 51.000000
tx 136 r 18.000000 c 48.000000
tx 137 r 18.000000 c 49.000000
tx 138 r 18.000000 c 50.000000
tx 139 r 18.000000 c 51.000000
tx 140 r 19.000000 c 48.000000
tx 141 r 19.000000 c 49.000000
tx 142 r 19.000000 c 50.000000
tx 143 r 19.000000 c 51.000000
tx 144 r 20.000000 c 48.000000
tx 145 r 20.000000 c 49.000000
tx 146 r 20.000000 c 50.000000
tx 147 r 20.000000 c 51.000000
tx 148 r 21.000000 c 48.000000
tx 149 r 21.000000 c 49.000000
tx 150 r 21.000000 c 50.000000
tx 151 r 21.000000 c 51.000000
tx 152 r 22.000000 c 48.000000
tx 153 r 22.000000 c 49.000000
tx 154 r 22.000000 c 50.000000
tx 155 r 22.000000 c 51.000000
tx 156 r 23.000000 c 48.000000
tx 157 r 23.000000 c 49.000000
tx 158 r 23.000000 c 50.000000
tx 159 r 23.000000 c 51.000000
tx 96 r 48.000000 c 48.000000
tx 97 r 48.000000 c 49.000000
tx 98 r 48.000000 c 50.000000
tx 99 r 48.000000 c 51.000000
tx 100 r 49.000000 c 48.000000
tx 101 r 49.000000 c 49.000000
tx 102 r 49.000000 c 50.000000
tx 103 r 49.000000 c 51.000000
tx 104 r 50.000000 c 48.000000
tx 105 r 50.000000 c 49.000000
tx 106 r 50.000000 c 50.000000
tx 107 r 50.000000 c 51.000000
tx 108 r 51.000000 c 48.000000
tx 109 r 51.000000 c 49.000000
tx 110 r 51.000000 c 50.000000
tx 111 r 51.000000 c 51.000000
tx 112 r 52.000000 c 48.000000
tx 113 r 52.000000 c 49.000000
tx 114 r 52.000000 c 50.000000
tx 115 r 52.000000 c 51.000000
tx 116 r 53.000000 c 48.000000
tx 117 r 53.000000 c 49.000000
tx 118 r 53.000000 c 50.000000
tx 119 r 53.000000 c 51.000000
tx 120 r 54.000000 c 48.000000
tx 121 r 54.000000 c 49.000000
tx 122 r 54.000000 c 50.000000
tx 123 r 54.000000 c 51.000000
tx 124 r 55.000000 c 48.000000
tx 125 r 55.000000 c 49.000000
tx 126 r 55.000000 c 50.000000
tx 127 r 55.000000 c 51.000000
tx 160 r 56.000000 c 48.000000
tx 161 r 56.000000 c 49.000000
tx 162 r 56.000000 c 50.000000
tx 163 r 56.000000 c 51.000000
tx 164 r 57.000000 c 48.000000
tx 165 r 57.000000 c 49.000000
tx 166 r 57.000000 c 50.000000
tx 167 r 57.000000 c 51.000000
tx 168 r 58.000000 c 48.000000
tx 169 r 58.000000 c 49.000000
tx 170 r 58.000000 c 50.000000
tx 171 r 58.000000 c 51.000000
tx 172 r 59.000000 c 48.000000
tx 173 r 59.000000 c 49.000000
tx 174 r 59.000000 c 50.000000
tx 175 r 59.000000 c 51.000000
tx 176 r 60.000000 c 48.000000
tx 177 r 60.000000 c 49.000000
tx 178 r 60.000000 c 50.000000
tx 179 r 60.000000 c 51.000000
tx 180 r 61.000000 c 48.000000
tx 181 r 61.000000 c 49.000000
tx 182 r 61.000000 c 50.000000
tx 183 r 61.000000 c 51.000000
tx 184 r 62.000000 c 48.000000
tx 185 r 62.000000 c 49.000000
tx 186 r 62.000000 c 50.000000
tx 187 r 62.000000 c 51.000000
tx 188 r 63.000000 c 48.000000
tx 189 r 63.000000 c 49.000000
tx 190 r 63.000000 c 50.000000
tx 191 r 63.000000 c 51.000000
tx 224 r 56.000000 c 48.000000
tx 225 r 56.000000 c 49.000000
tx 226 r 56.000000 c 50.000000
tx 227 r 56.000000 c 51.000000
tx 228 r 57.000000 c 48.000000
tx 229 r 57.000000 c 49.000000
tx 230 r 57.000000 c 50.000000
tx 231 r 57.000000 c 51.000000
tx 232 r 58.000000 c 48.000000
tx 233 r 58.000000 c 49.000000
tx 234 r 58.000000 c 50.000000
tx 235 r 58.000000 c 51.000000
tx 236 r 59.000000 c 48.000000
tx 237 r 59.000000 c 49.000000
tx 238 r 59.000000 c 50.000000
tx 239 r 59.000000 c 51.000000
tx 240 r 60.000000 c 48.000000
tx 241 r 60.000000 c 49.000000
tx 242 r 60.000000 c 50.000000
tx 243 r 60.000000 c 51.000000
tx 244 r 61.000000 c 48.000000
tx 245 r 61.000000 c 49.000000
tx 246 r 61.000000 c 50.000000
tx 247 r 61.000000 c 51.000000
tx 248 r 62.000000 c 48.000000
tx 249 r 62.000000 c 49.000000
tx 250 r 62.000000 c 50.000000
tx 251 r 62.000000 c 51.000000
tx 252 r 63.000000 c 48.000000
tx 253 r 63.000000 c 49.000000
tx 254 r 63.000000 c 50.000000
tx 255 r 63.000000 c 51.000000
tx 32 r 56.000000 c 48.000000
tx 33 r 56.000000 c 49.000000
tx 34 r 56.000000 c 50.000000
tx 35 r 56.000000 c 51.000000
tx 36 r 57.000000 c 48.000000
tx 37 r 57.000000 c 49.000000
tx 38 r 57.000000 c 50.000000
tx 39 r 57.000000 c 51.000000
tx 40 r 58.000000 c 48.000000
tx 41 r 58.000000 c 49.000000
tx 42 r 58.000000 c 50.000000
tx 43 r 58.000000 c 51.000000
tx 44 r 59.000000 c 48.000000
tx 45 r 59.000000 c 49.000000
tx 46 r 59.000000 c 50.000000
tx 47 r 59.000000 c 51.000000
tx 48 r 60.000000 c 48.000000
tx 49 r 60.000000 c 49.000000
tx 50 r 60.000000 c 50.000000
tx 51 r 60.000000 c 51.000000
tx 52 r 61.000000 c 48.000000
tx 53 r 61.000000 c 49.000000
tx 54 r 61.000000 c 50.000000
tx 55 r 61.000000 c 51.000000
tx 56 r 62.000000 c 48.000000
tx 57 r 62.000000 c 49.000000
tx 58 r 62.000000 c 50.000000
tx 59 r 62.000000 c 51.000000
tx 60 r 63.000000 c 48.000000
tx 61 r 63.000000 c 49.000000
tx 62 r 63.000000 c 50.000000
tx 63 r 63.000000 c 51.000000
tx 64 r 24.000000 c 48.000000
tx 65 r 24.000000 c 49.000000
tx 66 r 24.000000 c 50.000000
tx 67 r 24.000000 c 51.000000
tx 68 r 25.000000 c 48.000000
tx 69 r 25.000000 c 49.000000
tx 70 r 25.000000 c 50.000000
tx 71 r 25.000000 c 51.000000
tx 72 r 26.000000 c 48.000000
tx 73 r 26.000000 c 49.000000
tx 74 r 26.000000 c 50.000000
tx 75 r 26.000000 c 51.000000
tx 76 r 27.000000 c 48.000000
tx 77 r 27.000000 c 49.000000
tx 78 r 27.000000 c 50.000000
tx 79 r 27.000000 c 51.000000
tx 80 r 28.000000 c 48.000000
tx 81 r 28.000000 c 49.000000
tx 82 r 28.000000 c 50.000000
tx 83 r 28.000000 c 51.000000
tx 84 r 29.000000 c 48.000000
tx 85 r 29.000000 c 49.000000
tx 86 r 29.000000 c 50.000000
tx 87 r 29.000000 c 51.000000
tx 88 r 30.000000 c 48.000000
tx 89 r 30.000000 c 49.000000
tx 90 r 30.000000 c 50.000000
tx 91 r 30.000000 c 51.000000
tx 92 r 31.000000 c 48.000000
tx 93 r 31.000000 c 49.000000
tx 94 r 31.000000 c 50.000000
tx 95 r 31.000000 c 51.000000
tx 128 r 24.000000 c 48.000000
tx 129 r 24.000000 c 49.000000
tx 130 r 24.000000 c 50.000000
tx 131 r 24.000000 c 51.000000
tx 132 r 25.000000 c 48.000000
tx 133 r 25.000000 c 49.000000
tx 134 r 25.000000 c 50.000000
tx 135 r 25.000000 c 51.000000
tx 136 r 26.000000 c 48.000000
tx 137 r 26.000000 c 49.000000
tx 138 r 26.000000 c 50.000000
tx 139 r 26.000000 c 51.000000
tx 140 r 27.000000 c 48.000000
tx 141 r 27.000000 c 49.000000
tx 142 r 27.000000 c 50.000000
tx 143 r 27.000000 c 51.000000
tx 144 r 28.000000 c 48.000000
tx 145 r 28.000000 c 49.000000
tx 146 r 28.000000 c 50.000000
tx 147 r 28.000000 c 51.000000
tx 148 r 29.000000 c 48.000000
tx 149 r 29.000000 c 49.000000
tx 150 r 29.000000 c 50.000000
tx 151 r 29.000000 c 51.000000
tx 152 r 30.000000 c 48.000000
tx 153 r 30.000000 c 49.000000
tx 154 r 30.000000 c 50.000000
tx 155 r 30.000000 c 51.000000
tx 156 r 31.000000 c 48.000000
tx 157 r 31.000000 c 49.000000
tx 158 r 31.000000 c 50.000000
tx 159 r 31.000000 c 51.000000
tx 192 r 24.000000 c 48.000000
tx 193 r 24.000000 c 49.000000
tx 194 r 24.000000 c 50.000000
tx 195 r 24.000000 c 51.000000
tx 196 r 25.000000 c 48.000000
tx 197 r 25.000000 c 49.000000
tx 198 r 25.000000 c 50.000000
tx 199 r 25.000000 c 51.000000
tx 200 r 26.000000 c 48.000000
tx 201 r 26.000000 c 49.000000
tx 202 r 26.000000 c 50.000000
tx 203 r 26.000000 c 51.000000
tx 204 r 27.000000 c 48.000000
tx 205 r 27.000000 c 49.000000
tx 206 r 27.000000 c 50.000000
tx 207 r 27.000000 c 51.000000
tx 208 r 28.000000 c 48.000000
tx 209 r 28.000000 c 49.000000
tx 210 r 28.000000 c 50.000000
tx 211 r 28.000000 c 51.000000
tx 212 r 29.000000 c 48.000000
tx 213 r 29.000000 c 49.000000
tx 214 r 29.000000 c 50.000000
tx 215 r 29.000000 c 51.000000
tx 216 r 30.000000 c 48.000000
tx 217 r 30.000000 c 49.000000
tx 218 r 30.000000 c 50.000000
tx 219 r 30.000000 c 51.000000
tx 220 r 31.000000 c 48.000000
tx 221 r 31.000000 c 49.000000
tx 222 r 31.000000 c 50.000000
tx 223 r 31.000000 c 51.000000
tx 0 r 24.000000 c 48.000000
tx 1 r 24.000000 c 49.000000
tx 2 r 24.000000 c 50.000000
tx 3 r 24.000000 c 51.000000
tx 4 r 25.000000 c 48.000000
tx 5 r 25.000000 c 49.000000
tx 6 r 25.000000 c 50.000000
tx 7 r 25.000000 c 51.000000
tx 8 r 26.000000 c 48.000000
tx 9 r 26.000000 c 49.000000
tx 10 r 26.000000 c 50.000000
tx 11 r 26.000000 c 51.000000
tx 12 r 27.000000 c 48.000000
tx 13 r 27.000000 c 49.000000
tx 14 r 27.000000 c 50.000000
tx 15 r 27.000000 c 51.000000
tx 16 r 28.000000 c 48.000000
tx 17 r 28.000000 c 49.000000
tx 18 r 28.000000 c 50.000000
tx 19 r 28.000000 c 51.000000
tx 20 r 29.000000 c 48.000000
tx 21 r 29.000000 c 49.000000
tx 22 r 29.000000 c 50.000000
tx 23 r 29.000000 c 51.000000
tx 24 r 30.000000 c 48.000000
tx 25 r 30.000000 c 49.000000
tx 26 r 30.000000 c 50.000000
tx 27 r 30.000000 c 51.000000
tx 28 r 31.000000 c 48.000000
tx 29 r 31.000000 c 49.000000
tx 30 r 31.000000 c 50.000000
tx 31 r 31.000000 c 51.000000
tx 96 r 56.000000 c 48.000000
tx 97 r 56.000000 c 49.000000
tx 98 r 56.000000 c 50.000000
tx 99 r 56.000000 c 51.000000
tx 100 r 57.000000 c 48.000000
tx 101 r 57.000000 c 49.000000
tx 102 r 57.000000 c 50.000000
tx 103 r 57.000000 c 51.000000
tx 104 r 58.000000 c 48.000000
tx 105 r 58.000000 c 49.000000
tx 106 r 58.000000 c 50.000000
tx 107 r 58.000000 c 51.000000
tx 108 r 59.000000 c 48.000000
tx 109 r 59.000000 c 49.000000
tx 110 r 59.000000 c 50.000000
tx 111 r 59.000000 c 51.000000
tx 112 r 60.000000 c 48.000000
tx 113 r 60.000000 c 49.000000
tx 114 r 60.000000 c 50.000000
tx 115 r 60.000000 c 51.000000
tx 116 r 61.000000 c 48.000000
tx 117 r 61.000000 c 49.000000
tx 118 r 61.000000 c 50.000000
tx 119 r 61.000000 c 51.000000
tx 120 r 62.000000 c 48.000000
tx 121 r 62.000000 c 49.000000
tx 122 r 62.000000 c 50.000000
tx 123 r 62.000000 c 51.000000
tx 124 r 63.000000 c 48.000000
tx 125 r 63.000000 c 49.000000
tx 126 r 63.000000 c 50.000000
tx 127 r 63.000000 c 51.000000
tx 160 r 32.000000 c 48.000000
tx 161 r 32.000000 c 49.000000
tx 162 r 32.000000 c 50.000000
tx 163 r 32.000000 c 51.000000
tx 164 r 33.000000 c 48.000000
tx 165 r 33.000000 c 49.000000
tx 166 r 33.000000 c 50.000000
tx 167 r 33.000000 c 51.000000
tx 168 r 34.000000 c 48.000000
tx 169 r 34.000000 c 49.000000
tx 170 r 34.000000 c 50.000000
tx 171 r 34.000000 c 51.000000
tx 172 r 35.000000 c 48.000000
tx 173 r 35.000000 c 49.000000
tx 174 r 35.000000 c 50.000000
tx 175 r 35.000000 c 51.000000
tx 176 r 36.000000 c 48.000000
tx 177 r 36.000000 c 49.000000
tx 178 r 36.000000 c 50.000000
tx 179 r 36.000000 c 51.000000
tx 180 r 37.000000 c 48.000000
tx 181 r 37.000000 c 49.000000
tx 182 r 37.000000 c 50.000000
tx 183 r 37.000000 c 51.000000
tx 184 r 38.000000 c 48.000000
tx 185 r 38.000000 c 49.000000
tx 186 r 38.000000 c 50.000000
tx 187 r 38.000000 c 51.000000
tx 188 r 39.000000 c 48.000000
tx 189 r 39.000000 c 49.000000
tx 190 r 39.000000 c 50.000000
tx 191 r 39.000000 c 51.000000
tx 64 r 0.000000 c 48.000000
tx 65 r 0.000000 c 49.000000
tx 66 r 0.000000 c 50.000000
tx 67 r 0.000000 c 51.000000
tx 68 r 1.000000 c 48.000000
tx 69 r 1.000000 c 49.000000
tx 70 r 1.000000 c 50.000000
tx 71 r 1.000000 c 51.000000
tx 72 r 2.000000 c 48.000000
tx 73 r 2.000000 c 49.000000
tx 74 r 2.000000 c 50.000000
tx 75 r 2.000000 c 51.000000
tx 76 r 3.000000 c 48.000000
tx 77 r 3.000000 c 49.000000
tx 78 r 3.000000 c 50.000000
tx 79 r 3.000000 c 51.000000
tx 80 r 4.000000 c 48.000000
tx 81 r 4.000000 c 49.000000
tx 82 r 4.000000 c 50.000000
tx 83 r 4.000000 c 51.000000
tx 84 r 5.000000 c 48.000000
tx 85 r 5.000000 c 49.000000
tx 86 r 5.000000 c 50.000000
tx 87 r 5.000000 c 51.000000
tx 88 r 6.000000 c 48.000000
tx 89 r 6.000000 c 49.000000
tx 90 r 6.000000 c 50.000000
tx 91 r 6.000000 c 51.000000
tx 92 r 7.000000 c 48.000000
tx 93 r 7.000000 c 49.000000
tx 94 r 7.000000 c 50.000000
tx 95 r 7.000000 c 51.000000
tx 192 r 0.000000 c 48.000000
tx 193 r 0.000000 c 49.000000
tx 194 r 0.000000 c 50.000000
tx 195 r 0.000000 c 51.000000
tx 196 r 1.000000 c 48.000000
tx 197 r 1.000000 c 49.000000
tx 198 r 1.000000 c 50.000000
tx 199 r 1.000000 c 51.000000
tx 200 r 2.000000 c 48.000000
tx 201 r 2.000000 c 49.000000
tx 202 r 2.000000 c 50.000000
tx 203 r 2.000000 c 51.000000
tx 204 r 3.000000 c 48.000000
tx 205 r 3.000000 c 49.000000
tx 206 r 3.000000 c 50.000000
tx 207 r 3.000000 c 51.000000
tx 208 r 4.000000 c 48.000000
tx 209 r 4.000000 c 49.000000
tx 210 r 4.000000 c 50.000000
tx 211 r 4.000000 c 51.000000
tx 212 r 5.000000 c 48.000000
tx 213 r 5.000000 c 49.000000
tx 214 r 5.000000 c 50.000000
tx 215 r 5.000000 c 51.000000
tx 216 r 6.000000 c 48.000000
tx 217 r 6.000000 c 49.000000
tx 218 r 6.000000 c 50.000000
tx 219 r 6.000000 c 51.000000
tx 220 r 7.000000 c 48.000000
tx 221 r 7.000000 c 49.000000
tx 222 r 7.000000 c 50.000000
tx 223 r 7.000000 c 51.000000
tx 0 r 0.000000 c 48.000000
tx 1 r 0.000000 c 49.000000
tx 2 r 0.000000 c 50.000000
tx 3 r 0.000000 c 51.000000
tx 4 r 1.000000 c 48.000000
tx 5 r 1.000000 c 49.000000
tx 6 r 1.000000 c 50.000000
tx 7 r 1.000000 c 51.000000
tx 8 r 2.000000 c 48.000000
tx 9 r 2.000000 c 49.000000
tx 10 r 2.000000 c 50.000000
tx 11 r 2.000000 c 51.000000
tx 12 r 3.000000 c 48.000000
tx 13 r 3.000000 c 49.000000
tx 14 r 3.000000 c 50.000000
tx 15 r 3.000000 c 51.000000
tx 16 r 4.000000 c 48.000000
tx 17 r 4.000000 c 49.000000
tx 18 r 4.000000 c 50.000000
tx 19 r 4.000000 c 51.000000
tx 20 r 5.000000 c 48.000000
tx 21 r 5.000000 c 49.000000
tx 22 r 5.000000 c 50.000000
tx 23 r 5.000000 c 51.000000
tx 24 r 6.000000 c 48.000000
tx 25 r 6.000000 c 49.000000
tx 26 r 6.000000 c 50.000000
tx 27 r 6.000000 c 51.000000
tx 28 r 7.000000 c 48.000000
tx 29 r 7.000000 c 49.000000
tx 30 r 7.000000 c 50.000000
tx 31 r 7.000000 c 51.000000
tx 96 r 32.000000 c 48.000000
tx 97 r 32.000000 c 49.000000
tx 98 r 32.000000 c 50.000000
tx 99 r 32.000000 c 51.000000
tx 100 r 33.000000 c 48.000000
tx 101 r 33.000000 c 49.000000
tx 102 r 33.000000 c 50.000000
tx 103 r 33.000000 c 51.000000
tx 104 r 34.000000 c 48.000000
tx 105 r 34.000000 c 49.000000
tx 106 r 34.000000 c 50.000000
tx 107 r 34.000000 c 51.000000
tx 108 r 35.000000 c 48.000000
tx 109 r 35.000000 c 49.000000
tx 110 r 35.000000 c 50.000000
tx 111 r 35.000000 c 51.000000
tx 112 r 36.000000 c 48.000000
tx 113 r 36.000000 c 49.000000
tx 114 r 36.000000 c 50.000000
tx 115 r 36.000000 c 51.000000
tx 116 r 37.000000 c 48.000000
tx 117 r 37.000000 c 49.000000
tx 118 r 37.000000 c 50.000000
tx 119 r 37.000000 c 51.000000
tx 120 r 38.000000 c 48.000000
tx 121 r 38.000000 c 49.000000
tx 122 r 38.000000 c 50.000000
tx 123 r 38.000000 c 51.000000
tx 124 r 39.000000 c 48.000000
tx 125 r 39.000000 c 49.000000
tx 126 r 39.000000 c 50.000000
tx 127 r 39.000000 c 51.000000
tx 32 r 32.000000 c 48.000000
tx 33 r 32.000000 c 49.000000
tx 34 r 32.000000 c 50.000000
tx 35 r 32.000000 c 51.000000
tx 36 r 33.000000 c 48.000000
tx 37 r 33.000000 c 49.000000
tx 38 r 33.000000 c 50.000000
tx 39 r 33.000000 c 51.000000
tx 40 r 34.000000 c 48.000000
tx 41 r 34.000000 c 49.000000
tx 42 r 34.000000 c 50.000000
tx 43 r 34.000000 c 51.000000
tx 44 r 35.000000 c 48.000000
tx 45 r 35.000000 c 49.000000
tx 46 r 35.000000 c 50.000000
tx 47 r 35.000000 c 51.000000
tx 48 r 36.000000 c 48.000000
tx 49 r 36.000000 c 49.000000
tx 50 r 36.000000 c 50.000000
tx 51 r 36.000000 c 51.000000
tx 52 r 37.000000 c 48.000000
tx 53 r 37.000000 c 49.000000
tx 54 r 37.000000 c 50.000000
tx 55 r 37.000000 c 51.000000
tx 56 r 38.000000 c 48.000000
tx 57 r 38.000000 c 49.000000
tx 58 r 38.000000 c 50.000000
tx 59 r 38.000000 c 51.000000
tx 60 r 39.000000 c 48.000000
tx 61 r 39.000000 c 49.000000
tx 62 r 39.000000 c 50.000000
tx 63 r 39.000000 c 51.000000
tx 224 r 32.000000 c 48.000000
tx 225 r 32.000000 c 49.000000
tx 226 r 32.000000 c 50.000000
tx 227 r 32.000000 c 51.000000
tx 228 r 33.000000 c 48.000000
tx 229 r 33.000000 c 49.000000
tx 230 r 33.000000 c 50.000000
tx 231 r 33.000000 c 51.000000
tx 232 r 34.000000 c 48.000000
tx 233 r 34.000000 c 49.000000
tx 234 r 34.000000 c 50.000000
tx 235 r 34.000000 c 51.000000
tx 236 r 35.000000 c 48.000000
tx 237 r 35.000000 c 49.000000
tx 238 r 35.000000 c 50.000000
tx 239 r 35.000000 c 51.000000
tx 240 r 36.000000 c 48.000000
tx 241 r 36.000000 c 49.000000
tx 242 r 36.000000 c 50.000000
tx 243 r 36.000000 c 51.000000
tx 244 r 37.000000 c 48.000000
tx 245 r 37.000000 c 49.000000
tx 246 r 37.000000 c 50.000000
tx 247 r 37.000000 c 51.000000
tx 248 r 38.000000 c 48.000000
tx 249 r 38.000000 c 49.000000
tx 250 r 38.000000 c 50.000000
tx 251 r 38.000000 c 51.000000
tx 252 r 39.000000 c 48.000000
tx 253 r 39.000000 c 49.000000
tx 254 r 39.000000 c 50.000000
tx 255 r 39.000000 c 51.000000
tx 128 r 0.000000 c 48.000000
tx 129 r 0.000000 c 49.000000
tx 130 r 0.000000 c 50.000000
tx 131 r 0.000000 c 51.000000
tx 132 r 1.000000 c 48.000000
tx 133 r 1.000000 c 49.000000
tx 134 r 1.000000 c 50.000000
tx 135 r 1.000000 c 51.000000
tx 136 r 2.000000 c 48.000000
tx 137 r 2.000000 c 49.000000
tx 138 r 2.000000 c 50.000000
tx 139 r 2.000000 c 51.000000
tx 140 r 3.000000 c 48.000000
tx 141 r 3.000000 c 49.000000
tx 142 r 3.000000 c 50.000000
tx 143 r 3.000000 c 51.000000
tx 144 r 4.000000 c 48.000000
tx 145 r 4.000000 c 49.000000
tx 146 r 4.000000 c 50.000000
tx 147 r 4.000000 c 51.000000
tx 148 r 5.000000 c 48.000000
tx 149 r 5.000000 c 49.000000
tx 150 r 5.000000 c 50.000000
tx 151 r 5.000000 c 51.000000
tx 152 r 6.000000 c 48.000000
tx 153 r 6.000000 c 49.000000
tx 154 r 6.000000 c 50.000000
tx 155 r 6.000000 c 51.000000
tx 156 r 7.000000 c 48.000000
tx 157 r 7.000000 c 49.000000
tx 158 r 7.000000 c 50.000000
tx 159 r 7.000000 c 51.000000
tx 160 r 40.000000 c 48.000000
tx 161 r 40.000000 c 49.000000
tx 162 r 40.000000 c 50.000000
tx 163 r 40.000000 c 51.000000
tx 164 r 41.000000 c 48.000000
tx 165 r 41.000000 c 49.000000
tx 166 r 41.000000 c 50.000000
tx 167 r 41.000000 c 51.000000
tx 168 r 42.000000 c 48.000000
tx 169 r 42.000000 c 49.000000
tx 170 r 42.000000 c 50.000000
tx 171 r 42.000000 c 51.000000
tx 172 r 43.000000 c 48.000000
tx 173 r 43.000000 c 49.000000
tx 174 r 43.000000 c 50.000000
tx 175 r 43.000000 c 51.000000
tx 176 r 44.000000 c 48.000000
tx 177 r 44.000000 c 49.000000
tx 178 r 44.000000 c 50.000000
tx 179 r 44.000000 c 51.000000
tx 180 r 45.000000 c 48.000000
tx 181 r 45.000000 c 49.000000
tx 182 r 45.000000 c 50.000000
tx 183 r 45.000000 c 51.000000
tx 184 r 46.000000 c 48.000000
tx 185 r 46.000000 c 49.000000
tx 186 r 46.000000 c 50.000000
tx 187 r 46.000000 c 51.000000
tx 188 r 47.000000 c 48.000000
tx 189 r 47.000000 c 49.000000
tx 190 r 47.000000 c 50.000000
tx 191 r 47.000000 c 51.000000
tx 32 r 40.000000 c 48.000000
tx 33 r 40.000000 c 49.000000
tx 34 r 40.000000 c 50.000000
tx 35 r 40.000000 c 51.000000
tx 36 r 41.000000 c 48.000000
tx 37 r 41.000000 c 49.000000
tx 38 r 41.000000 c 50.000000
tx 39 r 41.000000 c 51.000000
tx 40 r 42.000000 c 48.000000
tx 41 r 42.000000 c 49.000000
tx 42 r 42.000000 c 50.000000
tx 43 r 42.000000 c 51.000000
tx 44 r 43.000000 c 48.000000
tx 45 r 43.000000 c 49.000000
tx 46 r 43.000000 c 50.000000
tx 47 r 43.000000 c 51.000000
tx 48 r 44.000000 c 48.000000
tx 49 r 44.000000 c 49.000000
tx 50 r 44.000000 c 50.000000
tx 51 r 44.000000 c 51.000000
tx 52 r 45.000000 c 48.000000
tx 53 r 45.000000 c 49.000000
tx 54 r 45.000000 c 50.000000
tx 55 r 45.000000 c 51.000000
tx 56 r 46.000000 c 48.000000
tx 57 r 46.000000 c 49.000000
tx 58 r 46.000000 c 50.000000
tx 59 r 46.000000 c 51.000000
tx 60 r 47.000000 c 48.000000
tx 61 r 47.000000 c 49.000000
tx 62 r 47.000000 c 50.000000
tx 63 r 47.000000 c 51.000000
tx 0 r 8.000000 c 48.000000
tx 1 r 8.000000 c 49.000000
tx 2 r 8.000000 c 50.000000
tx 3 r 8.000000 c 51.000000
tx 4 r 9.000000 c 48.000000
tx 5 r 9.000000 c 49.000000
tx 6 r 9.000000 c 50.000000
tx 7 r 9.000000 c 51.000000
tx 8 r 10.000000 c 48.000000
tx 9 r 10.000000 c 49.000000
tx 10 r 10.000000 c 50.000000
tx 11 r 10.000000 c 51.000000
tx 12 r 11.000000 c 48.000000
tx 13 r 11.000000 c 49.000000
tx 14 r 11.000000 c 50.000000
tx 15 r 11.000000 c 51.000000
tx 16 r 12.000000 c 48.000000
tx 17 r 12.000000 c 49.000000
tx 18 r 12.000000 c 50.000000
tx 19 r 12.000000 c 51.000000
tx 20 r 13.000000 c 48.000000
tx 21 r 13.000000 c 49.000000
tx 22 r 13.000000 c 50.000000
tx 23 r 13.000000 c 51.000000
tx 24 r 14.000000 c 48.000000
tx 25 r 14.000000 c 49.000000
tx 26 r 14.000000 c 50.000000
tx 27 r 14.000000 c 51.000000
tx 28 r 15.000000 c 48.000000
tx 29 r 15.000000 c 49.000000
tx 30 r 15.000000 c 50.000000
tx 31 r 15.000000 c 51.000000
tx 64 r 8.000000 c 48.000000
tx 65 r 8.000000 c 49.000000
tx 66 r 8.000000 c 50.000000
tx 67 r 8.000000 c 51.000000
tx 68 r 9.000000 c 48.000000
tx 69 r 9.000000 c 49.000000
tx 70 r 9.000000 c 50.000000
tx 71 r 9.000000 c 51.000000
tx 72 r 10.000000 c 48.000000
tx 73 r 10.000000 c 49.000000
tx 74 r 10.000000 c 50.000000
tx 75 r 10.000000 c 51.000000
tx 76 r 11.000000 c 48.000000
tx 77 r 11.000000 c 49.000000
tx 78 r 11.000000 c 50.000000
tx 79 r 11.000000 c 51.000000
tx 80 r 12.000000 c 48.000000
tx 81 r 12.000000 c 49.000000
tx 82 r 12.000000 c 50.000000
tx 83 r 12.000000 c 51.000000
tx 84 r 13.000000 c 48.000000
tx 85 r 13.000000 c 49.000000
tx 86 r 13.000000 c 50.000000
tx 87 r 13.000000 c 51.000000
tx 88 r 14.000000 c 48.000000
tx 89 r 14.000000 c 49.000000
tx 90 r 14.000000 c 50.000000
tx 91 r 14.000000 c 51.000000
tx 92 r 15.000000 c 48.000000
tx 93 r 15.000000 c 49.000000
tx 94 r 15.000000 c 50.000000
tx 95 r 15.000000 c 51.000000
tx 96 r 40.000000 c 48.000000
tx 97 r 40.000000 c 49.000000
tx 98 r 40.000000 c 50.000000
tx 99 r 40.000000 c 51.000000
tx 100 r 41.000000 c 48.000000
tx 101 r 41.000000 c 49.000000
tx 102 r 41.000000 c 50.000000
tx 103 r 41.000000 c 51.000000
tx 104 r 42.000000 c 48.000000
tx 105 r 42.000000 c 49.000000
tx 106 r 42.000000 c 50.000000
tx 107 r 42.000000 c 51.000000
tx 108 r 43.000000 c 48.000000
tx 109 r 43.000000 c 49.000000
tx 110 r 43.000000 c 50.000000
tx 111 r 43.000000 c 51.000000
tx 112 r 44.000000 c 48.000000
tx 113 r 44.000000 c 49.000000
tx 114 r 44.000000 c 50.000000
tx 115 r 44.000000 c 51.000000
tx 116 r 45.000000 c 48.000000
tx 117 r 45.000000 c 49.000000
tx 118 r 45.000000 c 50.000000
tx 119 r 45.000000 c 51.000000
tx 120 r 46.000000 c 48.000000
tx 121 r 46.000000 c 49.000000
tx 122 r 46.000000 c 50.000000
tx 123 r 46.000000 c 51.000000
tx 124 r 47.000000 c 48.000000
tx 125 r 47.000000 c 49.000000
tx 126 r 47.000000 c 50.000000
tx 127 r 47.000000 c 51.000000
tx 224 r 40.000000 c 48.000000
tx 225 r 40.000000 c 49.000000
tx 226 r 40.000000 c 50.000000
tx 227 r 40.000000 c 51.000000
tx 228 r 41.000000 c 48.000000
tx 229 r 41.000000 c 49.000000
tx 230 r 41.000000 c 50.000000
tx 231 r 41.000000 c 51.000000
tx 232 r 42.000000 c 48.000000
tx 233 r 42.000000 c 49.000000
tx 234 r 42.000000 c 50.000000
tx 235 r 42.000000 c 51.000000
tx 236 r 43.000000 c 48.000000
tx 237 r 43.000000 c 49.000000
tx 238 r 43.000000 c 50.000000
tx 239 r 43.000000 c 51.000000
tx 240 r 44.000000 c 48.000000
tx 241 r 44.000000 c 49.000000
tx 242 r 44.000000 c 50.000000
tx 243 r 44.000000 c 51.000000
tx 244 r 45.000000 c 48.000000
tx 245 r 45.000000 c 49.000000
tx 246 r 45.000000 c 50.000000
tx 247 r 45.000000 c 51.000000
tx 248 r 46.000000 c 48.000000
tx 249 r 46.000000 c 49.000000
tx 250 r 46.000000 c 50.000000
tx 251 r 46.000000 c 51.000000
tx 252 r 47.000000 c 48.000000
tx 253 r 47.000000 c 49.000000
tx 254 r 47.000000 c 50.000000
tx 255 r 47.000000 c 51.000000
tx 192 r 8.000000 c 48.000000
tx 193 r 8.000000 c 49.000000
tx 194 r 8.000000 c 50.000000
tx 195 r 8.000000 c 51.000000
tx 196 r 9.000000 c 48.000000
tx 197 r 9.000000 c 49.000000
tx 198 r 9.000000 c 50.000000
tx 199 r 9.000000 c 51.000000
tx 200 r 10.000000 c 48.000000
tx 201 r 10.000000 c 49.000000
tx 202 r 10.000000 c 50.000000
tx 203 r 10.000000 c 51.000000
tx 204 r 11.000000 c 48.000000
tx 205 r 11.000000 c 49.000000
tx 206 r 11.000000 c 50.000000
tx 207 r 11.000000 c 51.000000
tx 208 r 12.000000 c 48.000000
tx 209 r 12.000000 c 49.000000
tx 210 r 12.000000 c 50.000000
tx 211 r 12.000000 c 51.000000
tx 212 r 13.000000 c 48.000000
tx 213 r 13.000000 c 49.000000
tx 214 r 13.000000 c 50.000000
tx 215 r 13.000000 c 51.000000
tx 216 r 14.000000 c 48.000000
tx 217 r 14.000000 c 49.000000
tx 218 r 14.000000 c 50.000000
tx 219 r 14.000000 c 51.000000
tx 220 r 15.000000 c 48.000000
tx 221 r 15.000000 c 49.000000
tx 222 r 15.000000 c 50.000000
tx 223 r 15.000000 c 51.000000
tx 128 r 8.000000 c 48.000000
tx 129 r 8.000000 c 49.000000
tx 130 r 8.000000 c 50.000000
tx 131 r 8.000000 c 51.000000
tx 132 r 9.000000 c 48.000000
tx 133 r 9.000000 c 49.000000
tx 134 r 9.000000 c 50.000000
tx 135 r 9.000000 c 51.000000
tx 136 r 10.000000 c 48.000000
tx 137 r 10.000000 c 49.000000
tx 138 r 10.000000 c 50.000000
tx 139 r 10.000000 c 51.000000
tx 140 r 11.000000 c 48.000000
tx 141 r 11.000000 c 49.000000
tx 142 r 11.000000 c 50.000000
tx 143 r 11.000000 c 51.000000
tx 144 r 12.000000 c 48.000000
tx 145 r 12.000000 c 49.000000
tx 146 r 12.000000 c 50.000000
tx 147 r 12.000000 c 51.000000
tx 148 r 13.000000 c 48.000000
tx 149 r 13.000000 c 49.000000
tx 150 r 13.000000 c 50.000000
tx 151 r 13.000000 c 51.000000
tx 152 r 14.000000 c 48.000000
tx 153 r 14.000000 c 49.000000
tx 154 r 14.000000 c 50.000000
tx 155 r 14.000000 c 51.000000
tx 156 r 15.000000 c 48.000000
tx 157 r 15.000000 c 49.000000
tx 158 r 15.000000 c 50.000000
tx 159 r 15.000000 c 51.000000
tx 32 r 48.000000 c 48.000000
tx 33 r 48.000000 c 49.000000
tx 34 r 48.000000 c 50.000000
tx 35 r 48.000000 c 51.000000
tx 36 r 49.000000 c 48.000000
tx 37 r 49.000000 c 49.000000
tx 38 r 49.000000 c 50.000000
tx 39 r 49.000000 c 51.000000
tx 40 r 50.000000 c 48.000000
tx 41 r 50.000000 c 49.000000
tx 42 r 50.000000 c 50.000000
tx 43 r 50.000000 c 51.000000
tx 44 r 51.000000 c 48.000000
tx 45 r 51.000000 c 49.000000
tx 46 r 51.000000 c 50.000000
tx 47 r 51.000000 c 51.000000
tx 48 r 52.000000 c 48.000000
tx 49 r 52.000000 c 49.000000
tx 50 r 52.000000 c 50.000000
tx 51 r 52.000000 c 51.000000
tx 52 r 53.000000 c 48.000000
tx 53 r 53.000000 c 49.000000
tx 54 r 53.000000 c 50.000000
tx 55 r 53.000000 c 51.000000
tx 56 r 54.000000 c 48.000000
tx 57 r 54.000000 c 49.000000
tx 58 r 54.000000 c 50.000000
tx 59 r 54.000000 c 51.000000
tx 60 r 55.000000 c 48.000000
tx 61 r 55.000000 c 49.000000
tx 62 r 55.000000 c 50.000000
tx 63 r 55.000000 c 51.000000
tx 0 r 16.000000 c 48.000000
tx 1 r 16.000000 c 49.000000
tx 2 r 16.000000 c 50.000000
tx 3 r 16.000000 c 51.000000
tx 4 r 17.000000 c 48.000000
tx 5 r 17.000000 c 49.000000
tx 6 r 17.000000 c 50.000000
tx 7 r 17.000000 c 51.000000
tx 8 r 18.000000 c 48.000000
tx 9 r 18.000000 c 49.000000
tx 10 r 18.000000 c 50.000000
tx 11 r 18.000000 c 51.000000
tx 12 r 19.000000 c 48.000000
tx 13 r 19.000000 c 49.000000
tx 14 r 19.000000 c 50.000000
tx 15 r 19.000000 c 51.000000
tx 16 r 20.000000 c 48.000000
tx 17 r 20.000000 c 49.000000
tx 18 r 20.000000 c 50.000000
tx 19 r 20.000000 c 51.000000
tx 20 r 21.000000 c 48.000000
tx 21 r 21.000000 c 49.000000
tx 22 r 21.000000 c 50.000000
tx 23 r 21.000000 c 51.000000
tx 24 r 22.000000 c 48.000000
tx 25 r 22.000000 c 49.000000
tx 26 r 22.000000 c 50.000000
tx 27 r 22.000000 c 51.000000
tx 28 r 23.000000 c 48.000000
tx 29 r 23.000000 c 49.000000
tx 30 r 23.000000 c 50.000000
tx 31 r 23.000000 c 51.000000
tx 64 r 16.000000 c 48.000000
tx 65 r 16.000000 c 49.000000
tx 66 r 16.000000 c 50.000000
tx 67 r 16.000000 c 51.000000
tx 68 r 17.000000 c 48.000000
tx 69 r 17.000000 c 49.000000
tx 70 r 17.000000 c 50.000000
tx 71 r 17.000000 c 51.000000
tx 72 r 18.000000 c 48.000000
tx 73 r 18.000000 c 49.000000
tx 74 r 18.000000 c 50.000000
tx 75 r 18.000000 c 51.000000
tx 76 r 19.000000 c 48.000000
tx 77 r 19.000000 c 49.000000
tx 78 r 19.000000 c 50.000000
tx 79 r 19.000000 c 51.000000
tx 80 r 20.000000 c 48.000000
tx 81 r 20.000000 c 49.000000
tx 82 r 20.000000 c 50.000000
tx 83 r 20.000000 c 51.000000
tx 84 r 21.000000 c 48.000000
tx 85 r 21.000000 c 49.000000
tx 86 r 21.000000 c 50.000000
tx 87 r 21.000000 c 51.000000
tx 88 r 22.000000 c 48.000000
tx 89 r 22.000000 c 49.000000
tx 90 r 22.000000 c 50.000000
tx 91 r 22.000000 c 51.000000
tx 92 r 23.000000 c 48.000000
tx 93 r 23.000000 c 49.000000
tx 94 r 23.000000 c 50.000000
tx 95 r 23.000000 c 51.000000
tx 160 r 48.000000 c 48.000000
tx 161 r 48.000000 c 49.000000
tx 162 r 48.000000 c 50.000000
tx 163 r 48.000000 c 51.000000
tx 164 r 49.000000 c 48.000000
tx 165 r 49.000000 c 49.000000
tx 166 r 49.000000 c 50.000000
tx 167 r 49.000000 c 51.000000
tx 168 r 50.000000 c 48.000000
tx 169 r 50.000000 c 49.000000
tx 170 r 50.000000 c 50.000000
tx 171 r 50.000000 c 51.000000
tx 172 r 51.000000 c 48.000000
tx 173 r 51.000000 c 49.000000
tx 174 r 51.000000 c 50.000000
tx 175 r 51.000000 c 51.000000
tx 176 r 52.000000 c 48.000000
tx 177 r 52.000000 c 49.000000
tx 178 r 52.000000 c 50.000000
tx 179 r 52.000000 c 51.000000
tx 180 r 53.000000 c 48.000000
tx 181 r 53.000000 c 49.000000
tx 182 r 53.000000 c 50.000000
tx 183 r 53.000000 c 51.000000
tx 184 r 54.000000 c 48.000000
tx 185 r 54.000000 c 49.000000
tx 186 r 54.000000 c 50.000000
tx 187 r 54.000000 c 51.000000
tx 188 r 55.000000 c 48.000000
tx 189 r 55.000000 c 49.000000
tx 190 r 55.000000 c 50.000000
tx 191 r 55.000000 c 51.000000
tx 192 r 16.000000 c 48.000000
tx 193 r 16.000000 c 49.000000
tx 194 r 16.000000 c 50.000000
tx 195 r 16.000000 c 51.000000
tx 196 r 17.000000 c 48.000000
tx 197 r 17.000000 c 49.000000
tx 198 r 17.000000 c 50.000000
tx 199 r 17.000000 c 51.000000
tx 200 r 18.000000 c 48.000000
tx 201 r 18.000000 c 49.000000
tx 202 r 18.000000 c 50.000000
tx 203 r 18.000000 c 51.000000
tx 204 r 19.000000 c 48.000000
tx 205 r 19.000000 c 49.000000
tx 206 r 19.000000 c 50.000000
tx 207 r 19.000000 c 51.000000
tx 208 r 20.000000 c 48.000000
tx 209 r 20.000000 c 49.000000
tx 210 r 20.000000 c 50.000000
tx 211 r 20.000000 c 51.000000
tx 212 r 21.000000 c 48.000000
tx 213 r 21.000000 c 49.000000
tx 214 r 21.000000 c 50.000000
tx 215 r 21.000000 c 51.000000
tx 216 r 22.000000 c 48.000000
tx 217 r 22.000000 c 49.000000
tx 218 r 22.000000 c 50.000000
tx 219 r 22.000000 c 51.000000
tx 220 r 23.000000 c 48.000000
tx 221 r 23.000000 c 49.000000
tx 222 r 23.000000 c 50.000000
tx 223 r 23.000000 c 51.000000
tx 224 r 48.000000 c 48.000000
tx 225 r 48.000000 c 49.000000
tx 226 r 48.000000 c 50.000000
tx 227 r 48.000000 c 51.000000
tx 228 r 49.000000 c 48.000000
tx 229 r 49.000000 c 49.000000
tx 230 r 49.000000 c 50.000000
tx 231 r 49.000000 c 51.000000
tx 232 r 50.000000 c 48.000000
tx 233 r 50.000000 c 49.000000
tx 234 r 50.000000 c 50.000000
tx 235 r 50.000000 c 51.000000
tx 236 r 51.000000 c 48.000000
tx 237 r 51.000000 c 49.000000
tx 238 r 51.000000 c 50.000000
tx 239 r 51.000000 c 51.000000
tx 240 r 52.000000 c 48.000000
tx 241 r 52.000000 c 49.000000
tx 242 r 52.000000 c 50.000000
tx 243 r 52.000000 c 51.000000
tx 244 r 53.000000 c 48.000000
tx 245 r 53.000000 c 49.000000
tx 246 r 53.000000 c 50.000000
tx 247 r 53.000000 c 51.000000
tx 248 r 54.000000 c 48.000000
tx 249 r 54.000000 c 49.000000
tx 250 r 54.000000 c 50.000000
tx 251 r 54.000000 c 51.000000
tx 252 r 55.000000 c 48.000000
tx 253 r 55.000000 c 49.000000
tx 254 r 55.000000 c 50.000000
tx 255 r 55.000000 c 51.000000
tx 96 r 48.000000 c 48.000000
tx 97 r 48.000000 c 49.000000
tx 98 r 48.000000 c 50.000000
tx 99 r 48.000000 c 51.000000
tx 100 r 49.000000 c 48.000000
tx 101 r 49.000000 c 49.000000
tx 102 r 49.000000 c 50.000000
tx 103 r 49.000000 c 51.000000
tx 104 r 50.000000 c 48.000000
tx 105 r 50.000000 c 49.000000
tx 106 r 50.000000 c 50.000000
tx 107 r 50.000000 c 51.000000
tx 108 r 51.000000 c 48.000000
tx 109 r 51.000000 c 49.000000
tx 110 r 51.000000 c 50.000000
tx 111 r 51.000000 c 51.000000
tx 112 r 52.000000 c 48.000000
tx 113 r 52.000000 c 49.000000
tx 114 r 52.000000 c 50.000000
tx 115 r 52.000000 c 51.000000
tx 116 r 53.000000 c 48.000000
tx 117 r 53.000000 c 49.000000
tx 118 r 53.000000 c 50.000000
tx 119 r 53.000000 c 51.000000
tx 120 r 54.000000 c 48.000000
tx 121 r 54.000000 c 49.000000
tx 122 r 54.000000 c 50.000000
tx 123 r 54.000000 c 51.000000
tx 124 r 55.000000 c 48.000000
tx 125 r 55.000000 c 49.000000
tx 126 r 55.000000 c 50.000000
tx 127 r 55.000000 c 51.000000
tx 128 r 16.000000 c 48.000000
tx 129 r 16.000000 c 49.000000
tx 130 r 16.000000 c 50.000000
tx 131 r 16.000000 c 51.000000
tx 132 r 17.000000 c 48.000000
tx 133 r 17.000000 c 49.000000
tx 134 r 17.000000 c 50.000000
tx 135 r 17.000000 c 51.000000
tx 136 r 18.000000 c 48.000000
tx 137 r 18.000000 c 49.000000
tx 138 r 18.000000 c 50.000000
tx 139 r 18.000000 c 51.000000
tx 140 r 19.000000 c 48.000000
tx 141 r 19.000000 c 49.000000
tx 142 r 19.000000 c 50.000000
tx 143 r 19.000000 c 51.000000
tx 144 r 20.000000 c 48.000000
tx 145 r 20.000000 c 49.000000
tx 146 r 20.000000 c 50.000000
tx 147 r 20.000000 c 51.000000
tx 148 r 21.000000 c 48.000000
tx 149 r 21.000000 c 49.000000
tx 150 r 21.000000 c 50.000000
tx 151 r 21.000000 c 51.000000
tx 152 r 22.000000 c 48.000000
tx 153 r 22.000000 c 49.000000
tx 154 r 22.000000 c 50.000000
tx 155 r 22.000000 c 51.000000
tx 156 r 23.000000 c 48.000000
tx 157 r 23.000000 c 49.000000
tx 158 r 23.000000 c 50.000000
tx 159 r 23.000000 c 51.000000
tx 32 r 56.000000 c 48.000000
tx 33 r 56.000000 c 49.000000
tx 34 r 56.000000 c 50.000000
tx 35 r 56.000000 c 51.000000
tx 36 r 57.000000 c 48.000000
tx 37 r 57.000000 c 49.000000
tx 38 r 57.000000 c 50.000000
tx 39 r 57.000000 c 51.000000
tx 40 r 58.000000 c 48.000000
tx 41 r 58.000000 c 49.000000
tx 42 r 58.000000 c 50.000000
tx 43 r 58.000000 c 51.000000
tx 44 r 59.000000 c 48.000000
tx 45 r 59.000000 c 49.000000
tx 46 r 59.000000 c 50.000000
tx 47 r 59.000000 c 51.000000
tx 48 r 60.000000 c 48.000000
tx 49 r 60.000000 c 49.000000
tx 50 r 60.000000 c 50.000000
tx 51 r 60.000000 c 51.000000
tx 52 r 61.000000 c 48.000000
tx 53 r 61.000000 c 49.000000
tx 54 r 61.000000 c 50.000000
tx 55 r 61.000000 c 51.000000
tx 56 r 62.000000 c 48.000000
tx 57 r 62.000000 c 49.000000
tx 58 r 62.000000 c 50.000000
tx 59 r 62.000000 c 51.000000
tx 60 r 63.000000 c 48.000000
tx 61 r 63.000000 c 49.000000
tx 62 r 63.000000 c 50.000000
tx 63 r 63.000000 c 51.000000
tx 160 r 56.000000 c 48.000000
tx 161 r 56.000000 c 49.000000
tx 162 r 56.000000 c 50.000000
tx 163 r 56.000000 c 51.000000
tx 164 r 57.000000 c 48.000000
tx 165 r 57.000000 c 49.000000
tx 166 r 57.000000 c 50.000000
tx 167 r 57.000000 c 51.000000
tx 168 r 58.000000 c 48.000000
tx 169 r 58.000000 c 49.000000
tx 170 r 58.000000 c 50.000000
tx 171 r 58.000000 c 51.000000
tx 172 r 59.000000 c 48.000000
tx 173 r 59.000000 c 49.000000
tx 174 r 59.000000 c 50.000000
tx 175 r 59.000000 c 51.000000
tx 176 r 60.000000 c 48.000000
tx 177 r 60.000000 c 49.000000
tx 178 r 60.000000 c 50.000000
tx 179 r 60.000000 c 51.000000
tx 180 r 61.000000 c 48.000000
tx 181 r 61.000000 c 49.000000
tx 182 r 61.000000 c 50.000000
tx 183 r 61.000000 c 51.000000
tx 184 r 62.000000 c 48.000000
tx 185 r 62.000000 c 49.000000
tx 186 r 62.000000 c 50.000000
tx 187 r 62.000000 c 51.000000
tx 188 r 63.000000 c 48.000000
tx 189 r 63.000000 c 49.000000
tx 190 r 63.000000 c 50.000000
tx 191 r 63.000000 c 51.000000
tx 224 r 56.000000 c 48.000000
tx 225 r 56.000000 c 49.000000
tx 226 r 56.000000 c 50.000000
tx 227 r 56.000000 c 51.000000
tx 228 r 57.000000 c 48.000000
tx 229 r 57.000000 c 49.000000
tx 230 r 57.000000 c 50.000000
tx 231 r 57.000000 c 51.000000
tx 232 r 58.000000 c 48.000000
tx 233 r 58.000000 c 49.000000
tx 234 r 58.000000 c 50.000000
tx 235 r 58.000000 c 51.000000
tx 236 r 59.000000 c 48.000000
tx 237 r 59.000000 c 49.000000
tx 238 r 59.000000 c 50.000000
tx 239 r 59.000000 c 51.000000
tx 240 r 60.000000 c 48.000000
tx 241 r 60.000000 c 49.000000
tx 242 r 60.000000 c 50.000000
tx 243 r 60.000000 c 51.000000
tx 244 r 61.000000 c 48.000000
tx 245 r 61.000000 c 49.000000
tx 246 r 61.000000 c 50.000000
tx 247 r 61.000000 c 51.000000
tx 248 r 62.000000 c 48.000000
tx 249 r 62.000000 c 49.000000
tx 250 r 62.000000 c 50.000000
tx 251 r 62.000000 c 51.000000
tx 252 r 63.000000 c 48.000000
tx 253 r 63.000000 c 49.000000
tx 254 r 63.000000 c 50.000000
tx 255 r 63.000000 c 51.000000
tx 0 r 24.000000 c 48.000000
tx 1 r 24.000000 c 49.000000
tx 2 r 24.000000 c 50.000000
tx 3 r 24.000000 c 51.000000
tx 4 r 25.000000 c 48.000000
tx 5 r 25.000000 c 49.000000
tx 6 r 25.000000 c 50.000000
tx 7 r 25.000000 c 51.000000
tx 8 r 26.000000 c 48.000000
tx 9 r 26.000000 c 49.000000
tx 10 r 26.000000 c 50.000000
tx 11 r 26.000000 c 51.000000
tx 12 r 27.000000 c 48.000000
tx 13 r 27.000000 c 49.000000
tx 14 r 27.000000 c 50.000000
tx 15 r 27.000000 c 51.000000
tx 16 r 28.000000 c 48.000000
tx 17 r 28.000000 c 49.000000
tx 18 r 28.000000 c 50.000000
tx 19 r 28.000000 c 51.000000
tx 20 r 29.000000 c 48.000000
tx 21 r 29.000000 c 49.000000
tx 22 r 29.000000 c 50.000000
tx 23 r 29.000000 c 51.000000
tx 24 r 30.000000 c 48.000000
tx 25 r 30.000000 c 49.000000
tx 26 r 30.000000 c 50.000000
tx 27 r 30.000000 c 51.000000
tx 28 r 31.000000 c 48.000000
tx 29 r 31.000000 c 49.000000
tx 30 r 31.000000 c 50.000000
tx 31 r 31.000000 c 51.000000
tx 64 r 24.000000 c 48.000000
tx 65 r 24.000000 c 49.000000
tx 66 r 24.000000 c 50.000000
tx 67 r 24.000000 c 51.000000
tx 68 r 25.000000 c 48.000000
tx 69 r 25.000000 c 49.000000
tx 70 r 25.000000 c 50.000000
tx 71 r 25.000000 c 51.000000
tx 72 r 26.000000 c 48.000000
tx 73 r 26.000000 c 49.000000
tx 74 r 26.000000 c 50.000000
tx 75 r 26.000000 c 51.000000
tx 76 r 27.000000 c 48.000000
tx 77 r 27.000000 c 49.000000
tx 78 r 27.000000 c 50.000000
tx 79 r 27.000000 c 51.000000
tx 80 r 28.000000 c 48.000000
tx 81 r 28.000000 c 49.000000
tx 82 r 28.000000 c 50.000000
tx 83 r 28.000000 c 51.000000
tx 84 r 29.000000 c 48.000000
tx 85 r 29.000000 c 49.000000
tx 86 r 29.000000 c 50.000000
tx 87 r 29.000000 c 51.000000
tx 88 r 30.000000 c 48.000000
tx 89 r 30.000000 c 49.000000
tx 90 r 30.000000 c 50.000000
tx 91 r 30.000000 c 51.000000
tx 92 r 31.000000 c 48.000000
tx 93 r 31.000000 c 49.000000
tx 94 r 31.000000 c 50.000000
tx 95 r 31.000000 c 51.000000
tx 96 r 56.000000 c 48.000000
tx 97 r 56.000000 c 49.000000
tx 98 r 56.000000 c 50.000000
tx 99 r 56.000000 c 51.000000
tx 100 r 57.000000 c 48.000000
tx 101 r 57.000000 c 49.000000
tx 102 r 57.000000 c 50.000000
tx 103 r 57.000000 c 51.000000
tx 104 r 58.000000 c 48.000000
tx 105 r 58.000000 c 49.000000
tx 106 r 58.000000 c 50.000000
tx 107 r 58.000000 c 51.000000
tx 108 r 59.000000 c 48.000000
tx 109 r 59.000000 c 49.000000
tx 110 r 59.000000 c 50.000000
tx 111 r 59.000000 c 51.000000
tx 112 r 60.000000 c 48.000000
tx 113 r 60.000000 c 49.000000
tx 114 r 60.000000 c 50.000000
tx 115 r 60.000000 c 51.000000
tx 116 r 61.000000 c 48.000000
tx 117 r 61.000000 c 49.000000
tx 118 r 61.000000 c 50.000000
tx 119 r 61.000000 c 51.000000
tx 120 r 62.000000 c 48.000000
tx 121 r 62.000000 c 49.000000
tx 122 r 62.000000 c 50.000000
tx 123 r 62.000000 c 51.000000
tx 124 r 63.000000 c 48.000000
tx 125 r 63.000000 c 49.000000
tx 126 r 63.000000 c 50.000000
tx 127 r 63.000000 c 51.000000
tx 192 r 24.000000 c 48.000000
tx 193 r 24.000000 c 49.000000
tx 194 r 24.000000 c 50.000000
tx 195 r 24.000000 c 51.000000
tx 196 r 25.000000 c 48.000000
tx 197 r 25.000000 c 49.000000
tx 198 r 25.000000 c 50.000000
tx 199 r 25.000000 c 51.000000
tx 200 r 26.000000 c 48.000000
tx 201 r 26.000000 c 49.000000
tx 202 r 26.000000 c 50.000000
tx 203 r 26.000000 c 51.000000
tx 204 r 27.000000 c 48.000000
tx 205 r 27.000000 c 49.000000
tx 206 r 27.000000 c 50.000000
tx 207 r 27.000000 c 51.000000
tx 208 r 28.000000 c 48.000000
tx 209 r 28.000000 c 49.000000
tx 210 r 28.000000 c 50.000000
tx 211 r 28.000000 c 51.000000
tx 212 r 29.000000 c 48.000000
tx 213 r 29.000000 c 49.000000
tx 214 r 29.000000 c 50.000000
tx 215 r 29.000000 c 51.000000
tx 216 r 30.000000 c 48.000000
tx 217 r 30.000000 c 49.000000
tx 218 r 30.000000 c 50.000000
tx 219 r 30.000000 c 51.000000
tx 220 r 31.000000 c 48.000000
tx 221 r 31.000000 c 49.000000
tx 222 r 31.000000 c 50.000000
tx 223 r 31.000000 c 51.000000
tx 128 r 24.000000 c 48.000000
tx 129 r 24.000000 c 49.000000
tx 130 r 24.000000 c 50.000000
tx 131 r 24.000000 c 51.000000
tx 132 r 25.000000 c 48.000000
tx 133 r 25.000000 c 49.000000
tx 134 r 25.000000 c 50.000000
tx 135 r 25.000000 c 51.000000
tx 136 r 26.000000 c 48.000000
tx 137 r 26.000000 c 49.000000
tx 138 r 26.000000 c 50.000000
tx 139 r 26.000000 c 51.000000
tx 140 r 27.000000 c 48.000000
tx 141 r 27.000000 c 49.000000
tx 142 r 27.000000 c 50.000000
tx 143 r 27.000000 c 51.000000
tx 144 r 28.000000 c 48.000000
tx 145 r 28.000000 c 49.000000
tx 146 r 28.000000 c 50.000000
tx 147 r 28.000000 c 51.000000
tx 148 r 29.000000 c 48.000000
tx 149 r 29.000000 c 49.000000
tx 150 r 29.000000 c 50.000000
tx 151 r 29.000000 c 51.000000
tx 152 r 30.000000 c 48.000000
tx 153 r 30.000000 c 49.000000
tx 154 r 30.000000 c 50.000000
tx 155 r 30.000000 c 51.000000
tx 156 r 31.000000 c 48.000000
tx 157 r 31.000000 c 49.000000
tx 158 r 31.000000 c 50.000000
tx 159 r 31.000000 c 51.000000
tx 192 r 0.000000 c 52.000000
tx 193 r 0.000000 c 53.000000
tx 194 r 0.000000 c 54.000000
tx 195 r 0.000000 c 55.000000
tx 196 r 1.000000 c 52.000000
tx 197 r 1.000000 c 53.000000
tx 198 r 1.000000 c 54.000000
tx 199 r 1.000000 c 55.000000
tx 200 r 2.000000 c 52.000000
tx 201 r 2.000000 c 53.000000
tx 202 r 2.000000 c 54.000000
tx 203 r 2.000000 c 55.000000
tx 204 r 3.000000 c 52.000000
tx 205 r 3.000000 c 53.000000
tx 206 r 3.000000 c 54.000000
tx 207 r 3.000000 c 55.000000
tx 208 r 4.000000 c 52.000000
tx 209 r 4.000000 c 53.000000
tx 210 r 4.000000 c 54.000000
tx 211 r 4.000000 c 55.000000
tx 212 r 5.000000 c 52.000000
tx 213 r 5.000000 c 53.000000
tx 214 r 5.000000 c 54.000000
tx 215 r 5.000000 c 55.000000
tx 216 r 6.000000 c 52.000000
tx 217 r 6.000000 c 53.000000
tx 218 r 6.000000 c 54.000000
tx 219 r 6.000000 c 55.000000
tx 220 r 7.000000 c 52.000000
tx 221 r 7.000000 c 53.000000
tx 222 r 7.000000 c 54.000000
tx 223 r 7.000000 c 55.000000
tx 32 r 32.000000 c 52.000000
tx 33 r 32.000000 c 53.000000
tx 34 r 32.000000 c 54.000000
tx 35 r 32.000000 c 55.000000
tx 36 r 33.000000 c 52.000000
tx 37 r 33.000000 c 53.000000
tx 38 r 33.000000 c 54.000000
tx 39 r 33.000000 c 55.000000
tx 40 r 34.000000 c 52.000000
tx 41 r 34.000000 c 53.000000
tx 42 r 34.000000 c 54.000000
tx 43 r 34.000000 c 55.000000
tx 44 r 35.000000 c 52.000000
tx 45 r 35.000000 c 53.000000
tx 46 r 35.000000 c 54.000000
tx 47 r 35.000000 c 55.000000
tx 48 r 36.000000 c 52.000000
tx 49 r 36.000000 c 53.000000
tx 50 r 36.000000 c 54.000000
tx 51 r 36.000000 c 55.000000
tx 52 r 37.000000 c 52.000000
tx 53 r 37.000000 c 53.000000
tx 54 r 37.000000 c 54.000000
tx 55 r 37.000000 c 55.000000
tx 56 r 38.000000 c 52.000000
tx 57 r 38.000000 c 53.000000
tx 58 r 38.000000 c 54.000000
tx 59 r 38.000000 c 55.000000
tx 60 r 39.000000 c 52.000000
tx 61 r 39.000000 c 53.000000
tx 62 r 39.000000 c 54.000000
tx 63 r 39.000000 c 55.000000
tx 224 r 32.000000 c 52.000000
tx 225 r 32.000000 c 53.000000
tx 226 r 32.000000 c 54.000000
tx 227 r 32.000000 c 55.000000
tx 228 r 33.000000 c 52.000000
tx 229 r 33.000000 c 53.000000
tx 230 r 33.000000 c 54.000000
tx 231 r 33.000000 c 55.000000
tx 232 r 34.000000 c 52.000000
tx 233 r 34.000000 c 53.000000
tx 234 r 34.000000 c 54.000000
tx 235 r 34.000000 c 55.000000
tx 236 r 35.000000 c 52.000000
tx 237 r 35.000000 c 53.000000
tx 238 r 35.000000 c 54.000000
tx 239 r 35.000000 c 55.000000
tx 240 r 36.000000 c 52.000000
tx 241 r 36.000000 c 53.000000
tx 242 r 36.000000 c 54.000000
tx 243 r 36.000000 c 55.000000
tx 244 r 37.000000 c 52.000000
tx 245 r 37.000000 c 53.000000
tx 246 r 37.000000 c 54.000000
tx 247 r 37.000000 c 55.000000
tx 248 r 38.000000 c 52.000000
tx 249 r 38.000000 c 53.000000
tx 250 r 38.000000 c 54.000000
tx 251 r 38.000000 c 55.000000
tx 252 r 39.000000 c 52.000000
tx 253 r 39.000000 c 53.000000
tx 254 r 39.000000 c 54.000000
tx 255 r 39.000000 c 55.000000
tx 128 r 0.000000 c 52.000000
tx 129 r 0.000000 c 53.000000
tx 130 r 0.000000 c 54.000000
tx 131 r 0.000000 c 55.000000
tx 132 r 1.000000 c 52.000000
tx 133 r 1.000000 c 53.000000
tx 134 r 1.000000 c 54.000000
tx 135 r 1.000000 c 55.000000
tx 136 r 2.000000 c 52.000000
tx 137 r 2.000000 c 53.000000
tx 138 r 2.000000 c 54.000000
tx 139 r 2.000000 c 55.000000
tx 140 r 3.000000 c 52.000000
tx 141 r 3.000000 c 53.000000
tx 142 r 3.000000 c 54.000000
tx 143 r 3.000000 c 55.000000
tx 144 r 4.000000 c 52.000000
tx 145 r 4.000000 c 53.000000
tx 146 r 4.000000 c 54.000000
tx 147 r 4.000000 c 55.000000
tx 148 r 5.000000 c 52.000000
tx 149 r 5.000000 c 53.000000
tx 150 r 5.000000 c 54.000000
tx 151 r 5.000000 c 55.000000
tx 152 r 6.000000 c 52.000000
tx 153 r 6.000000 c 53.000000
tx 154 r 6.000000 c 54.000000
tx 155 r 6.000000 c 55.000000
tx 156 r 7.000000 c 52.000000
tx 157 r 7.000000 c 53.000000
tx 158 r 7.000000 c 54.000000
tx 159 r 7.000000 c 55.000000
tx 160 r 32.000000 c 52.000000
tx 161 r 32.000000 c 53.000000
tx 162 r 32.000000 c 54.000000
tx 163 r 32.000000 c 55.000000
tx 164 r 33.000000 c 52.000000
tx 165 r 33.000000 c 53.000000
tx 166 r 33.000000 c 54.000000
tx 167 r 33.000000 c 55.000000
tx 168 r 34.000000 c 52.000000
tx 169 r 34.000000 c 53.000000
tx 170 r 34.000000 c 54.000000
tx 171 r 34.000000 c 55.000000
tx 172 r 35.000000 c 52.000000
tx 173 r 35.000000 c 53.000000
tx 174 r 35.000000 c 54.000000
tx 175 r 35.000000 c 55.000000
tx 176 r 36.000000 c 52.000000
tx 177 r 36.000000 c 53.000000
tx 178 r 36.000000 c 54.000000
tx 179 r 36.000000 c 55.000000
tx 180 r 37.000000 c 52.000000
tx 181 r 37.000000 c 53.000000
tx 182 r 37.000000 c 54.000000
tx 183 r 37.000000 c 55.000000
tx 184 r 38.000000 c 52.000000
tx 185 r 38.000000 c 53.000000
tx 186 r 38.000000 c 54.000000
tx 187 r 38.000000 c 55.000000
tx 188 r 39.000000 c 52.000000
tx 189 r 39.000000 c 53.000000
tx 190 r 39.000000 c 54.000000
tx 191 r 39.000000 c 55.000000
tx 96 r 32.000000 c 52.000000
tx 97 r 32.000000 c 53.000000
tx 98 r 32.000000 c 54.000000
tx 99 r 32.000000 c 55.000000
tx 100 r 33.000000 c 52.000000
tx 101 r 33.000000 c 53.000000
tx 102 r 33.000000 c 54.000000
tx 103 r 33.000000 c 55.000000
tx 104 r 34.000000 c 52.000000
tx 105 r 34.000000 c 53.000000
tx 106 r 34.000000 c 54.000000
tx 107 r 34.000000 c 55.000000
tx 108 r 35.000000 c 52.000000
tx 109 r 35.000000 c 53.000000
tx 110 r 35.000000 c 54.000000
tx 111 r 35.000000 c 55.000000
tx 112 r 36.000000 c 52.000000
tx 113 r 36.000000 c 53.000000
tx 114 r 36.000000 c 54.000000
tx 115 r 36.000000 c 55.000000
tx 116 r 37.000000 c 52.000000
tx 117 r 37.000000 c 53.000000
tx 118 r 37.000000 c 54.000000
tx 119 r 37.000000 c 55.000000
tx 120 r 38.000000 c 52.000000
tx 121 r 38.000000 c 53.000000
tx 122 r 38.000000 c 54.000000
tx 123 r 38.000000 c 55.000000
tx 124 r 39.000000 c 52.000000
tx 125 r 39.000000 c 53.000000
tx 126 r 39.000000 c 54.000000
tx 127 r 39.000000 c 55.000000
tx 0 r 0.000000 c 52.000000
tx 1 r 0.000000 c 53.000000
tx 2 r 0.000000 c 54.000000
tx 3 r 0.000000 c 55.000000
tx 4 r 1.000000 c 52.000000
tx 5 r 1.000000 c 53.000000
tx 6 r 1.000000 c 54.000000
tx 7 r 1.000000 c 55.000000
tx 8 r 2.000000 c 52.000000
tx 9 r 2.000000 c 53.000000
tx 10 r 2.000000 c 54.000000
tx 11 r 2.000000 c 55.000000
tx 12 r 3.000000 c 52.000000
tx 13 r 3.000000 c 53.000000
tx 14 r 3.000000 c 54.000000
tx 15 r 3.000000 c 55.000000
tx 16 r 4.000000 c 52.000000
tx 17 r 4.000000 c 53.000000
tx 18 r 4.000000 c 54.000000
tx 19 r 4.000000 c 55.000000
tx 20 r 5.000000 c 52.000000
tx 21 r 5.000000 c 53.000000
tx 22 r 5.000000 c 54.000000
tx 23 r 5.000000 c 55.000000
tx 24 r 6.000000 c 52.000000
tx 25 r 6.000000 c 53.000000
tx 26 r 6.000000 c 54.000000
tx 27 r 6.000000 c 55.000000
tx 28 r 7.000000 c 52.000000
tx 29 r 7.000000 c 53.000000
tx 30 r 7.000000 c 54.000000
tx 31 r 7.000000 c 55.000000
tx 64 r 0.000000 c 52.000000
tx 65 r 0.000000 c 53.000000
tx 66 r 0.000000 c 54.000000
tx 67 r 0.000000 c 55.000000
tx 68 r 1.000000 c 52.000000
tx 69 r 1.000000 c 53.000000
tx 70 r 1.000000 c 54.000000
tx 71 r 1.000000 c 55.000000
tx 72 r 2.000000 c 52.000000
tx 73 r 2.000000 c 53.000000
tx 74 r 2.000000 c 54.000000
tx 75 r 2.000000 c 55.000000
tx 76 r 3.000000 c 52.000000
tx 77 r 3.000000 c 53.000000
tx 78 r 3.000000 c 54.000000
tx 79 r 3.000000 c 55.000000
tx 80 r 4.000000 c 52.000000
tx 81 r 4.000000 c 53.000000
tx 82 r 4.000000 c 54.000000
tx 83 r 4.000000 c 55.000000
tx 84 r 5.000000 c 52.000000
tx 85 r 5.000000 c 53.000000
tx 86 r 5.000000 c 54.000000
tx 87 r 5.000000 c 55.000000
tx 88 r 6.000000 c 52.000000
tx 89 r 6.000000 c 53.000000
tx 90 r 6.000000 c 54.000000
tx 91 r 6.000000 c 55.000000
tx 92 r 7.000000 c 52.000000
tx 93 r 7.000000 c 53.000000
tx 94 r 7.000000 c 54.000000
tx 95 r 7.000000 c 55.000000
tx 32 r 40.000000 c 52.000000
tx 33 r 40.000000 c 53.000000
tx 34 r 40.000000 c 54.000000
tx 35 r 40.000000 c 55.000000
tx 36 r 41.000000 c 52.000000
tx 37 r 41.000000 c 53.000000
tx 38 r 41.000000 c 54.000000
tx 39 r 41.000000 c 55.000000
tx 40 r 42.000000 c 52.000000
tx 41 r 42.000000 c 53.000000
tx 42 r 42.000000 c 54.000000
tx 43 r 42.000000 c 55.000000
tx 44 r 43.000000 c 52.000000
tx 45 r 43.000000 c 53.000000
tx 46 r 43.000000 c 54.000000
tx 47 r 43.000000 c 55.000000
tx 48 r 44.000000 c 52.000000
tx 49 r 44.000000 c 53.000000
tx 50 r 44.000000 c 54.000000
tx 51 r 44.000000 c 55.000000
tx 52 r 45.000000 c 52.000000
tx 53 r 45.000000 c 53.000000
tx 54 r 45.000000 c 54.000000
tx 55 r 45.000000 c 55.000000
tx 56 r 46.000000 c 52.000000
tx 57 r 46.000000 c 53.000000
tx 58 r 46.000000 c 54.000000
tx 59 r 46.000000 c 55.000000
tx 60 r 47.000000 c 52.000000
tx 61 r 47.000000 c 53.000000
tx 62 r 47.000000 c 54.000000
tx 63 r 47.000000 c 55.000000
tx 160 r 40.000000 c 52.000000
tx 161 r 40.000000 c 53.000000
tx 162 r 40.000000 c 54.000000
tx 163 r 40.000000 c 55.000000
tx 164 r 41.000000 c 52.000000
tx 165 r 41.000000 c 53.000000
tx 166 r 41.000000 c 54.000000
tx 167 r 41.000000 c 55.000000
tx 168 r 42.000000 c 52.000000
tx 169 r 42.000000 c 53.000000
tx 170 r 42.000000 c 54.000000
tx 171 r 42.000000 c 55.000000
tx 172 r 43.000000 c 52.000000
tx 173 r 43.000000 c 53.000000
tx 174 r 43.000000 c 54.000000
tx 175 r 43.000000 c 55.000000
tx 176 r 44.000000 c 52.000000
tx 177 r 44.000000 c 53.000000
tx 178 r 44.000000 c 54.000000
tx 179 r 44.000000 c 55.000000
tx 180 r 45.000000 c 52.000000
tx 181 r 45.000000 c 53.000000
tx 182 r 45.000000 c 54.000000
tx 183 r 45.000000 c 55.000000
tx 184 r 46.000000 c 52.000000
tx 185 r 46.000000 c 53.000000
tx 186 r 46.000000 c 54.000000
tx 187 r 46.000000 c 55.000000
tx 188 r 47.000000 c 52.000000
tx 189 r 47.000000 c 53.000000
tx 190 r 47.000000 c 54.000000
tx 191 r 47.000000 c 55.000000
tx 192 r 8.000000 c 52.000000
tx 193 r 8.000000 c 53.000000
tx 194 r 8.000000 c 54.000000
tx 195 r 8.000000 c 55.000000
tx 196 r 9.000000 c 52.000000
tx 197 r 9.000000 c 53.000000
tx 198 r 9.000000 c 54.000000
tx 199 r 9.000000 c 55.000000
tx 200 r 10.000000 c 52.000000
tx 201 r 10.000000 c 53.000000
tx 202 r 10.000000 c 54.000000
tx 203 r 10.000000 c 55.000000
tx 204 r 11.000000 c 52.000000
tx 205 r 11.000000 c 53.000000
tx 206 r 11.000000 c 54.000000
tx 207 r 11.000000 c 55.000000
tx 208 r 12.000000 c 52.000000
tx 209 r 12.000000 c 53.000000
tx 210 r 12.000000 c 54.000000
tx 211 r 12.000000 c 55.000000
tx 212 r 13.000000 c 52.000000
tx 213 r 13.000000 c 53.000000
tx 214 r 13.000000 c 54.000000
tx 215 r 13.000000 c 55.000000
tx 216 r 14.000000 c 52.000000
tx 217 r 14.000000 c 53.000000
tx 218 r 14.000000 c 54.000000
tx 219 r 14.000000 c 55.000000
tx 220 r 15.000000 c 52.000000
tx 221 r 15.000000 c 53.000000
tx 222 r 15.000000 c 54.000000
tx 223 r 15.000000 c 55.000000
tx 0 r 8.000000 c 52.000000
tx 1 r 8.000000 c 53.000000
tx 2 r 8.000000 c 54.000000
tx 3 r 8.000000 c 55.000000
tx 4 r 9.000000 c 52.000000
tx 5 r 9.000000 c 53.000000
tx 6 r 9.000000 c 54.000000
tx 7 r 9.000000 c 55.000000
tx 8 r 10.000000 c 52.000000
tx 9 r 10.000000 c 53.000000
tx 10 r 10.000000 c 54.000000
tx 11 r 10.000000 c 55.000000
tx 12 r 11.000000 c 52.000000
tx 13 r 11.000000 c 53.000000
tx 14 r 11.000000 c 54.000000
tx 15 r 11.000000 c 55.000000
tx 16 r 12.000000 c 52.000000
tx 17 r 12.000000 c 53.000000
tx 18 r 12.000000 c 54.000000
tx 19 r 12.000000 c 55.000000
tx 20 r 13.000000 c 52.000000
tx 21 r 13.000000 c 53.000000
tx 22 r 13.000000 c 54.000000
tx 23 r 13.000000 c 55.000000
tx 24 r 14.000000 c 52.000000
tx 25 r 14.000000 c 53.000000
tx 26 r 14.000000 c 54.000000
tx 27 r 14.000000 c 55.000000
tx 28 r 15.000000 c 52.000000
tx 29 r 15.000000 c 53.000000
tx 30 r 15.000000 c 54.000000
tx 31 r 15.000000 c 55.000000
tx 224 r 40.000000 c 52.000000
tx 225 r 40.000000 c 53.000000
tx 226 r 40.000000 c 54.000000
tx 227 r 40.000000 c 55.000000
tx 228 r 41.000000 c 52.000000
tx 229 r 41.000000 c 53.000000
tx 230 r 41.000000 c 54.000000
tx 231 r 41.000000 c 55.000000
tx 232 r 42.000000 c 52.000000
tx 233 r 42.000000 c 53.000000
tx 234 r 42.000000 c 54.000000
tx 235 r 42.000000 c 55.000000
tx 236 r 43.000000 c 52.000000
tx 237 r 43.000000 c 53.000000
tx 238 r 43.000000 c 54.000000
tx 239 r 43.000000 c 55.000000
tx 240 r 44.000000 c 52.000000
tx 241 r 44.000000 c 53.000000
tx 242 r 44.000000 c 54.000000
tx 243 r 44.000000 c 55.000000
tx 244 r 45.000000 c 52.000000
tx 245 r 45.000000 c 53.000000
tx 246 r 45.000000 c 54.000000
tx 247 r 45.000000 c 55.000000
tx 248 r 46.000000 c 52.000000
tx 249 r 46.000000 c 53.000000
tx 250 r 46.000000 c 54.000000
tx 251 r 46.000000 c 55.000000
tx 252 r 47.000000 c 52.000000
tx 253 r 47.000000 c 53.000000
tx 254 r 47.000000 c 54.000000
tx 255 r 47.000000 c 55.000000
tx 64 r 8.000000 c 52.000000
tx 65 r 8.000000 c 53.000000
tx 66 r 8.000000 c 54.000000
tx 67 r 8.000000 c 55.000000
tx 68 r 9.000000 c 52.000000
tx 69 r 9.000000 c 53.000000
tx 70 r 9.000000 c 54.000000
tx 71 r 9.000000 c 55.000000
tx 72 r 10.000000 c 52.000000
tx 73 r 10.000000 c 53.000000
tx 74 r 10.000000 c 54.000000
tx 75 r 10.000000 c 55.000000
tx 76 r 11.000000 c 52.000000
tx 77 r 11.000000 c 53.000000
tx 78 r 11.000000 c 54.000000
tx 79 r 11.000000 c 55.000000
tx 80 r 12.000000 c 52.000000
tx 81 r 12.000000 c 53.000000
tx 82 r 12.000000 c 54.000000
tx 83 r 12.000000 c 55.000000
tx 84 r 13.000000 c 52.000000
tx 85 r 13.000000 c 53.000000
tx 86 r 13.000000 c 54.000000
tx 87 r 13.000000 c 55.000000
tx 88 r 14.000000 c 52.000000
tx 89 r 14.000000 c 53.000000
tx 90 r 14.000000 c 54.000000
tx 91 r 14.000000 c 55.000000
tx 92 r 15.000000 c 52.000000
tx 93 r 15.000000 c 53.000000
tx 94 r 15.000000 c 54.000000
tx 95 r 15.000000 c 55.000000
tx 96 r 40.000000 c 52.000000
tx 97 r 40.000000 c 53.000000
tx 98 r 40.000000 c 54.000000
tx 99 r 40.000000 c 55.000000
tx 100 r 41.000000 c 52.000000
tx 101 r 41.000000 c 53.000000
tx 102 r 41.000000 c 54.000000
tx 103 r 41.000000 c 55.000000
tx 104 r 42.000000 c 52.000000
tx 105 r 42.000000 c 53.000000
tx 106 r 42.000000 c 54.000000
tx 107 r 42.000000 c 55.000000
tx 108 r 43.000000 c 52.000000
tx 109 r 43.000000 c 53.000000
tx 110 r 43.000000 c 54.000000
tx 111 r 43.000000 c 55.000000
tx 112 r 44.000000 c 52.000000
tx 113 r 44.000000 c 53.000000
tx 114 r 44.000000 c 54.000000
tx 115 r 44.000000 c 55.000000
tx 116 r 45.000000 c 52.000000
tx 117 r 45.000000 c 53.000000
tx 118 r 45.000000 c 54.000000
tx 119 r 45.000000 c 55.000000
tx 120 r 46.000000 c 52.000000
tx 121 r 46.000000 c 53.000000
tx 122 r 46.000000 c 54.000000
tx 123 r 46.000000 c 55.000000
tx 124 r 47.000000 c 52.000000
tx 125 r 47.000000 c 53.000000
tx 126 r 47.000000 c 54.000000
tx 127 r 47.000000 c 55.000000
tx 128 r 8.000000 c 52.000000
tx 129 r 8.000000 c 53.000000
tx 130 r 8.000000 c 54.000000
tx 131 r 8.000000 c 55.000000
tx 132 r 9.000000 c 52.000000
tx 133 r 9.000000 c 53.000000
tx 134 r 9.000000 c 54.000000
tx 135 r 9.000000 c 55.000000
tx 136 r 10.000000 c 52.000000
tx 137 r 10.000000 c 53.000000
tx 138 r 10.000000 c 54.000000
tx 139 r 10.000000 c 55.000000
tx 140 r 11.000000 c 52.000000
tx 141 r 11.000000 c 53.000000
tx 142 r 11.000000 c 54.000000
tx 143 r 11.000000 c 55.000000
tx 144 r 12.000000 c 52.000000
tx 145 r 12.000000 c 53.000000
tx 146 r 12.000000 c 54.000000
tx 147 r 12.000000 c 55.000000
tx 148 r 13.000000 c 52.000000
tx 149 r 13.000000 c 53.000000
tx 150 r 13.000000 c 54.000000
tx 151 r 13.000000 c 55.000000
tx 152 r 14.000000 c 52.000000
tx 153 r 14.000000 c 53.000000
tx 154 r 14.000000 c 54.000000
tx 155 r 14.000000 c 55.000000
tx 156 r 15.000000 c 52.000000
tx 157 r 15.000000 c 53.000000
tx 158 r 15.000000 c 54.000000
tx 159 r 15.000000 c 55.000000
tx 32 r 48.000000 c 52.000000
tx 33 r 48.000000 c 53.000000
tx 34 r 48.000000 c 54.000000
tx 35 r 48.000000 c 55.000000
tx 36 r 49.000000 c 52.000000
tx 37 r 49.000000 c 53.000000
tx 38 r 49.000000 c 54.000000
tx 39 r 49.000000 c 55.000000
tx 40 r 50.000000 c 52.000000
tx 41 r 50.000000 c 53.000000
tx 42 r 50.000000 c 54.000000
tx 43 r 50.000000 c 55.000000
tx 44 r 51.000000 c 52.000000
tx 45 r 51.000000 c 53.000000
tx 46 r 51.000000 c 54.000000
tx 47 r 51.000000 c 55.000000
tx 48 r 52.000000 c 52.000000
tx 49 r 52.000000 c 53.000000
tx 50 r 52.000000 c 54.000000
tx 51 r 52.000000 c 55.000000
tx 52 r 53.000000 c 52.000000
tx 53 r 53.000000 c 53.000000
tx 54 r 53.000000 c 54.000000
tx 55 r 53.000000 c 55.000000
tx 56 r 54.000000 c 52.000000
tx 57 r 54.000000 c 53.000000
tx 58 r 54.000000 c 54.000000
tx 59 r 54.000000 c 55.000000
tx 60 r 55.000000 c 52.000000
tx 61 r 55.000000 c 53.000000
tx 62 r 55.000000 c 54.000000
tx 63 r 55.000000 c 55.000000
tx 224 r 48.000000 c 52.000000
tx 225 r 48.000000 c 53.000000
tx 226 r 48.000000 c 54.000000
tx 227 r 48.000000 c 55.000000
tx 228 r 49.000000 c 52.000000
tx 229 r 49.000000 c 53.000000
tx 230 r 49.000000 c 54.000000
tx 231 r 49.000000 c 55.000000
tx 232 r 50.000000 c 52.000000
tx 233 r 50.000000 c 53.000000
tx 234 r 50.000000 c 54.000000
tx 235 r 50.000000 c 55.000000
tx 236 r 51.000000 c 52.000000
tx 237 r 51.000000 c 53.000000
tx 238 r 51.000000 c 54.000000
tx 239 r 51.000000 c 55.000000
tx 240 r 52.000000 c 52.000000
tx 241 r 52.000000 c 53.000000
tx 242 r 52.000000 c 54.000000
tx 243 r 52.000000 c 55.000000
tx 244 r 53.000000 c 52.000000
tx 245 r 53.000000 c 53.000000
tx 246 r 53.000000 c 54.000000
tx 247 r 53.000000 c 55.000000
tx 248 r 54.000000 c 52.000000
tx 249 r 54.000000 c 53.000000
tx 250 r 54.000000 c 54.000000
tx 251 r 54.000000 c 55.000000
tx 252 r 55.000000 c 52.000000
tx 253 r 55.000000 c 53.000000
tx 254 r 55.000000 c 54.000000
tx 255 r 55.000000 c 55.000000
tx 160 r 48.000000 c 52.000000
tx 161 r 48.000000 c 53.000000
tx 162 r 48.000000 c 54.000000
tx 163 r 48.000000 c 55.000000
tx 164 r 49.000000 c 52.000000
tx 165 r 49.000000 c 53.000000
tx 166 r 49.000000 c 54.000000
tx 167 r 49.000000 c 55.000000
tx 168 r 50.000000 c 52.000000
tx 169 r 50.000000 c 53.000000
tx 170 r 50.000000 c 54.000000
tx 171 r 50.000000 c 55.000000
tx 172 r 51.000000 c 52.000000
tx 173 r 51.000000 c 53.000000
tx 174 r 51.000000 c 54.000000
tx 175 r 51.000000 c 55.000000
tx 176 r 52.000000 c 52.000000
tx 177 r 52.000000 c 53.000000
tx 178 r 52.000000 c 54.000000
tx 179 r 52.000000 c 55.000000
tx 180 r 53.000000 c 52.000000
tx 181 r 53.000000 c 53.000000
tx 182 r 53.000000 c 54.000000
tx 183 r 53.000000 c 55.000000
tx 184 r 54.000000 c 52.000000
tx 185 r 54.000000 c 53.000000
tx 186 r 54.000000 c 54.000000
tx 187 r 54.000000 c 55.000000
tx 188 r 55.000000 c 52.000000
tx 189 r 55.000000 c 53.000000
tx 190 r 55.000000 c 54.000000
tx 191 r 55.000000 c 55.000000
tx 192 r 16.000000 c 52.000000
tx 193 r 16.000000 c 53.000000
tx 194 r 16.000000 c 54.000000
tx 195 r 16.000000 c 55.000000
tx 196 r 17.000000 c 52.000000
tx 197 r 17.000000 c 53.000000
tx 198 r 17.000000 c 54.000000
tx 199 r 17.000000 c 55.000000
tx 200 r 18.000000 c 52.000000
tx 201 r 18.000000 c 53.000000
tx 202 r 18.000000 c 54.000000
tx 203 r 18.000000 c 55.000000
tx 204 r 19.000000 c 52.000000
tx 205 r 19.000000 c 53.000000
tx 206 r 19.000000 c 54.000000
tx 207 r 19.000000 c 55.000000
tx 208 r 20.000000 c 52.000000
tx 209 r 20.000000 c 53.000000
tx 210 r 20.000000 c 54.000000
tx 211 r 20.000000 c 55.000000
tx 212 r 21.000000 c 52.000000
tx 213 r 21.000000 c 53.000000
tx 214 r 21.000000 c 54.000000
tx 215 r 21.000000 c 55.000000
tx 216 r 22.000000 c 52.000000
tx 217 r 22.000000 c 53.000000
tx 218 r 22.000000 c 54.000000
tx 219 r 22.000000 c 55.000000
tx 220 r 23.000000 c 52.000000
tx 221 r 23.000000 c 53.000000
tx 222 r 23.000000 c 54.000000
tx 223 r 23.000000 c 55.000000
tx 64 r 16.000000 c 52.000000
tx 65 r 16.000000 c 53.000000
tx 66 r 16.000000 c 54.000000
tx 67 r 16.000000 c 55.000000
tx 68 r 17.000000 c 52.000000
tx 69 r 17.000000 c 53.000000
tx 70 r 17.000000 c 54.000000
tx 71 r 17.000000 c 55.000000
tx 72 r 18.000000 c 52.000000
tx 73 r 18.000000 c 53.000000
tx 74 r 18.000000 c 54.000000
tx 75 r 18.000000 c 55.000000
tx 76 r 19.000000 c 52.000000
tx 77 r 19.000000 c 53.000000
tx 78 r 19.000000 c 54.000000
tx 79 r 19.000000 c 55.000000
tx 80 r 20.000000 c 52.000000
tx 81 r 20.000000 c 53.000000
tx 82 r 20.000000 c 54.000000
tx 83 r 20.000000 c 55.000000
tx 84 r 21.000000 c 52.000000
tx 85 r 21.000000 c 53.000000
tx 86 r 21.000000 c 54.000000
tx 87 r 21.000000 c 55.000000
tx 88 r 22.000000 c 52.000000
tx 89 r 22.000000 c 53.000000
tx 90 r 22.000000 c 54.000000
tx 91 r 22.000000 c 55.000000
tx 92 r 23.000000 c 52.000000
tx 93 r 23.000000 c 53.000000
tx 94 r 23.000000 c 54.000000
tx 95 r 23.000000 c 55.000000
tx 128 r 16.000000 c 52.000000
tx 129 r 16.000000 c 53.000000
tx 130 r 16.000000 c 54.000000
tx 131 r 16.000000 c 55.000000
tx 132 r 17.000000 c 52.000000
tx 133 r 17.000000 c 53.000000
tx 134 r 17.000000 c 54.000000
tx 135 r 17.000000 c 55.000000
tx 136 r 18.000000 c 52.000000
tx 137 r 18.000000 c 53.000000
tx 138 r 18.000000 c 54.000000
tx 139 r 18.000000 c 55.000000
tx 140 r 19.000000 c 52.000000
tx 141 r 19.000000 c 53.000000
tx 142 r 19.000000 c 54.000000
tx 143 r 19.000000 c 55.000000
tx 144 r 20.000000 c 52.000000
tx 145 r 20.000000 c 53.000000
tx 146 r 20.000000 c 54.000000
tx 147 r 20.000000 c 55.000000
tx 148 r 21.000000 c 52.000000
tx 149 r 21.000000 c 53.000000
tx 150 r 21.000000 c 54.000000
tx 151 r 21.000000 c 55.000000
tx 152 r 22.000000 c 52.000000
tx 153 r 22.000000 c 53.000000
tx 154 r 22.000000 c 54.000000
tx 155 r 22.000000 c 55.000000
tx 156 r 23.000000 c 52.000000
tx 157 r 23.000000 c 53.000000
tx 158 r 23.000000 c 54.000000
tx 159 r 23.000000 c 55.000000
tx 0 r 16.000000 c 52.000000
tx 1 r 16.000000 c 53.000000
tx 2 r 16.000000 c 54.000000
tx 3 r 16.000000 c 55.000000
tx 4 r 17.000000 c 52.000000
tx 5 r 17.000000 c 53.000000
tx 6 r 17.000000 c 54.000000
tx 7 r 17.000000 c 55.000000
tx 8 r 18.000000 c 52.000000
tx 9 r 18.000000 c 53.000000
tx 10 r 18.000000 c 54.000000
tx 11 r 18.000000 c 55.000000
tx 12 r 19.000000 c 52.000000
tx 13 r 19.000000 c 53.000000
tx 14 r 19.000000 c 54.000000
tx 15 r 19.000000 c 55.000000
tx 16 r 20.000000 c 52.000000
tx 17 r 20.000000 c 53.000000
tx 18 r 20.000000 c 54.000000
tx 19 r 20.000000 c 55.000000
tx 20 r 21.000000 c 52.000000
tx 21 r 21.000000 c 53.000000
tx 22 r 21.000000 c 54.000000
tx 23 r 21.000000 c 55.000000
tx 24 r 22.000000 c 52.000000
tx 25 r 22.000000 c 53.000000
tx 26 r 22.000000 c 54.000000
tx 27 r 22.000000 c 55.000000
tx 28 r 23.000000 c 52.000000
tx 29 r 23.000000 c 53.000000
tx 30 r 23.000000 c 54.000000
tx 31 r 23.000000 c 55.000000
tx 96 r 48.000000 c 52.000000
tx 97 r 48.000000 c 53.000000
tx 98 r 48.000000 c 54.000000
tx 99 r 48.000000 c 55.000000
tx 100 r 49.000000 c 52.000000
tx 101 r 49.000000 c 53.000000
tx 102 r 49.000000 c 54.000000
tx 103 r 49.000000 c 55.000000
tx 104 r 50.000000 c 52.000000
tx 105 r 50.000000 c 53.000000
tx 106 r 50.000000 c 54.000000
tx 107 r 50.000000 c 55.000000
tx 108 r 51.000000 c 52.000000
tx 109 r 51.000000 c 53.000000
tx 110 r 51.000000 c 54.000000
tx 111 r 51.000000 c 55.000000
tx 112 r 52.000000 c 52.000000
tx 113 r 52.000000 c 53.000000
tx 114 r 52.000000 c 54.000000
tx 115 r 52.000000 c 55.000000
tx 116 r 53.000000 c 52.000000
tx 117 r 53.000000 c 53.000000
tx 118 r 53.000000 c 54.000000
tx 119 r 53.000000 c 55.000000
tx 120 r 54.000000 c 52.000000
tx 121 r 54.000000 c 53.000000
tx 122 r 54.000000 c 54.000000
tx 123 r 54.000000 c 55.000000
tx 124 r 55.000000 c 52.000000
tx 125 r 55.000000 c 53.000000
tx 126 r 55.000000 c 54.000000
tx 127 r 55.000000 c 55.000000
tx 32 r 56.000000 c 52.000000
tx 33 r 56.000000 c 53.000000
tx 34 r 56.000000 c 54.000000
tx 35 r 56.000000 c 55.000000
tx 36 r 57.000000 c 52.000000
tx 37 r 57.000000 c 53.000000
tx 38 r 57.000000 c 54.000000
tx 39 r 57.000000 c 55.000000
tx 40 r 58.000000 c 52.000000
tx 41 r 58.000000 c 53.000000
tx 42 r 58.000000 c 54.000000
tx 43 r 58.000000 c 55.000000
tx 44 r 59.000000 c 52.000000
tx 45 r 59.000000 c 53.000000
tx 46 r 59.000000 c 54.000000
tx 47 r 59.000000 c 55.000000
tx 48 r 60.000000 c 52.000000
tx 49 r 60.000000 c 53.000000
tx 50 r 60.000000 c 54.000000
tx 51 r 60.000000 c 55.000000
tx 52 r 61.000000 c 52.000000
tx 53 r 61.000000 c 53.000000
tx 54 r 61.000000 c 54.000000
tx 55 r 61.000000 c 55.000000
tx 56 r 62.000000 c 52.000000
tx 57 r 62.000000 c 53.000000
tx 58 r 62.000000 c 54.000000
tx 59 r 62.000000 c 55.000000
tx 60 r 63.000000 c 52.000000
tx 61 r 63.000000 c 53.000000
tx 62 r 63.000000 c 54.000000
tx 63 r 63.000000 c 55.000000
tx 160 r 56.000000 c 52.000000
tx 161 r 56.000000 c 53.000000
tx 162 r 56.000000 c 54.000000
tx 163 r 56.000000 c 55.000000
tx 164 r 57.000000 c 52.000000
tx 165 r 57.000000 c 53.000000
tx 166 r 57.000000 c 54.000000
tx 167 r 57.000000 c 55.000000
tx 168 r 58.000000 c 52.000000
tx 169 r 58.000000 c 53.000000
tx 170 r 58.000000 c 54.000000
tx 171 r 58.000000 c 55.000000
tx 172 r 59.000000 c 52.000000
tx 173 r 59.000000 c 53.000000
tx 174 r 59.000000 c 54.000000
tx 175 r 59.000000 c 55.000000
tx 176 r 60.000000 c 52.000000
tx 177 r 60.000000 c 53.000000
tx 178 r 60.000000 c 54.000000
tx 179 r 60.000000 c 55.000000
tx 180 r 61.000000 c 52.000000
tx 181 r 61.000000 c 53.000000
tx 182 r 61.000000 c 54.000000
tx 183 r 61.000000 c 55.000000
tx 184 r 62.000000 c 52.000000
tx 185 r 62.000000 c 53.000000
tx 186 r 62.000000 c 54.000000
tx 187 r 62.000000 c 55.000000
tx 188 r 63.000000 c 52.000000
tx 189 r 63.000000 c 53.000000
tx 190 r 63.000000 c 54.000000
tx 191 r 63.000000 c 55.000000
tx 192 r 24.000000 c 52.000000
tx 193 r 24.000000 c 53.000000
tx 194 r 24.000000 c 54.000000
tx 195 r 24.000000 c 55.000000
tx 196 r 25.000000 c 52.000000
tx 197 r 25.000000 c 53.000000
tx 198 r 25.000000 c 54.000000
tx 199 r 25.000000 c 55.000000
tx 200 r 26.000000 c 52.000000
tx 201 r 26.000000 c 53.000000
tx 202 r 26.000000 c 54.000000
tx 203 r 26.000000 c 55.000000
tx 204 r 27.000000 c 52.000000
tx 205 r 27.000000 c 53.000000
tx 206 r 27.000000 c 54.000000
tx 207 r 27.000000 c 55.000000
tx 208 r 28.000000 c 52.000000
tx 209 r 28.000000 c 53.000000
tx 210 r 28.000000 c 54.000000
tx 211 r 28.000000 c 55.000000
tx 212 r 29.000000 c 52.000000
tx 213 r 29.000000 c 53.000000
tx 214 r 29.000000 c 54.000000
tx 215 r 29.000000 c 55.000000
tx 216 r 30.000000 c 52.000000
tx 217 r 30.000000 c 53.000000
tx 218 r 30.000000 c 54.000000
tx 219 r 30.000000 c 55.000000
tx 220 r 31.000000 c 52.000000
tx 221 r 31.000000 c 53.000000
tx 222 r 31.000000 c 54.000000
tx 223 r 31.000000 c 55.000000
tx 64 r 24.000000 c 52.000000
tx 65 r 24.000000 c 53.000000
tx 66 r 24.000000 c 54.000000
tx 67 r 24.000000 c 55.000000
tx 68 r 25.000000 c 52.000000
tx 69 r 25.000000 c 53.000000
tx 70 r 25.000000 c 54.000000
tx 71 r 25.000000 c 55.000000
tx 72 r 26.000000 c 52.000000
tx 73 r 26.000000 c 53.000000
tx 74 r 26.000000 c 54.000000
tx 75 r 26.000000 c 55.000000
tx 76 r 27.000000 c 52.000000
tx 77 r 27.000000 c 53.000000
tx 78 r 27.000000 c 54.000000
tx 79 r 27.000000 c 55.000000
tx 80 r 28.000000 c 52.000000
tx 81 r 28.000000 c 53.000000
tx 82 r 28.000000 c 54.000000
tx 83 r 28.000000 c 55.000000
tx 84 r 29.000000 c 52.000000
tx 85 r 29.000000 c 53.000000
tx 86 r 29.000000 c 54.000000
tx 87 r 29.000000 c 55.000000
tx 88 r 30.000000 c 52.000000
tx 89 r 30.000000 c 53.000000
tx 90 r 30.000000 c 54.000000
tx 91 r 30.000000 c 55.000000
tx 92 r 31.000000 c 52.000000
tx 93 r 31.000000 c 53.000000
tx 94 r 31.000000 c 54.000000
tx 95 r 31.000000 c 55.000000
tx 96 r 56.000000 c 52.000000
tx 97 r 56.000000 c 53.000000
tx 98 r 56.000000 c 54.000000
tx 99 r 56.000000 c 55.000000
tx 100 r 57.000000 c 52.000000
tx 101 r 57.000000 c 53.000000
tx 102 r 57.000000 c 54.000000
tx 103 r 57.000000 c 55.000000
tx 104 r 58.000000 c 52.000000
tx 105 r 58.000000 c 53.000000
tx 106 r 58.000000 c 54.000000
tx 107 r 58.000000 c 55.000000
tx 108 r 59.000000 c 52.000000
tx 109 r 59.000000 c 53.000000
tx 110 r 59.000000 c 54.000000
tx 111 r 59.000000 c 55.000000
tx 112 r 60.000000 c 52.000000
tx 113 r 60.000000 c 53.000000
tx 114 r 60.000000 c 54.000000
tx 115 r 60.000000 c 55.000000
tx 116 r 61.000000 c 52.000000
tx 117 r 61.000000 c 53.000000
tx 118 r 61.000000 c 54.000000
tx 119 r 61.000000 c 55.000000
tx 120 r 62.000000 c 52.000000
tx 121 r 62.000000 c 53.000000
tx 122 r 62.000000 c 54.000000
tx 123 r 62.000000 c 55.000000
tx 124 r 63.000000 c 52.000000
tx 125 r 63.000000 c 53.000000
tx 126 r 63.000000 c 54.000000
tx 127 r 63.000000 c 55.000000
tx 224 r 56.000000 c 52.000000
tx 225 r 56.000000 c 53.000000
tx 226 r 56.000000 c 54.000000
tx 227 r 56.000000 c 55.000000
tx 228 r 57.000000 c 52.000000
tx 229 r 57.000000 c 53.000000
tx 230 r 57.000000 c 54.000000
tx 231 r 57.000000 c 55.000000
tx 232 r 58.000000 c 52.000000
tx 233 r 58.000000 c 53.000000
tx 234 r 58.000000 c 54.000000
tx 235 r 58.000000 c 55.000000
tx 236 r 59.000000 c 52.000000
tx 237 r 59.000000 c 53.000000
tx 238 r 59.000000 c 54.000000
tx 239 r 59.000000 c 55.000000
tx 240 r 60.000000 c 52.000000
tx 241 r 60.000000 c 53.000000
tx 242 r 60.000000 c 54.000000
tx 243 r 60.000000 c 55.000000
tx 244 r 61.000000 c 52.000000
tx 245 r 61.000000 c 53.000000
tx 246 r 61.000000 c 54.000000
tx 247 r 61.000000 c 55.000000
tx 248 r 62.000000 c 52.000000
tx 249 r 62.000000 c 53.000000
tx 250 r 62.000000 c 54.000000
tx 251 r 62.000000 c 55.000000
tx 252 r 63.000000 c 52.000000
tx 253 r 63.000000 c 53.000000
tx 254 r 63.000000 c 54.000000
tx 255 r 63.000000 c 55.000000
tx 0 r 24.000000 c 52.000000
tx 1 r 24.000000 c 53.000000
tx 2 r 24.000000 c 54.000000
tx 3 r 24.000000 c 55.000000
tx 4 r 25.000000 c 52.000000
tx 5 r 25.000000 c 53.000000
tx 6 r 25.000000 c 54.000000
tx 7 r 25.000000 c 55.000000
tx 8 r 26.000000 c 52.000000
tx 9 r 26.000000 c 53.000000
tx 10 r 26.000000 c 54.000000
tx 11 r 26.000000 c 55.000000
tx 12 r 27.000000 c 52.000000
tx 13 r 27.000000 c 53.000000
tx 14 r 27.000000 c 54.000000
tx 15 r 27.000000 c 55.000000
tx 16 r 28.000000 c 52.000000
tx 17 r 28.000000 c 53.000000
tx 18 r 28.000000 c 54.000000
tx 19 r 28.000000 c 55.000000
tx 20 r 29.000000 c 52.000000
tx 21 r 29.000000 c 53.000000
tx 22 r 29.000000 c 54.000000
tx 23 r 29.000000 c 55.000000
tx 24 r 30.000000 c 52.000000
tx 25 r 30.000000 c 53.000000
tx 26 r 30.000000 c 54.000000
tx 27 r 30.000000 c 55.000000
tx 28 r 31.000000 c 52.000000
tx 29 r 31.000000 c 53.000000
tx 30 r 31.000000 c 54.000000
tx 31 r 31.000000 c 55.000000
tx 128 r 24.000000 c 52.000000
tx 129 r 24.000000 c 53.000000
tx 130 r 24.000000 c 54.000000
tx 131 r 24.000000 c 55.000000
tx 132 r 25.000000 c 52.000000
tx 133 r 25.000000 c 53.000000
tx 134 r 25.000000 c 54.000000
tx 135 r 25.000000 c 55.000000
tx 136 r 26.000000 c 52.000000
tx 137 r 26.000000 c 53.000000
tx 138 r 26.000000 c 54.000000
tx 139 r 26.000000 c 55.000000
tx 140 r 27.000000 c 52.000000
tx 141 r 27.000000 c 53.000000
tx 142 r 27.000000 c 54.000000
tx 143 r 27.000000 c 55.000000
tx 144 r 28.000000 c 52.000000
tx 145 r 28.000000 c 53.000000
tx 146 r 28.000000 c 54.000000
tx 147 r 28.000000 c 55.000000
tx 148 r 29.000000 c 52.000000
tx 149 r 29.000000 c 53.000000
tx 150 r 29.000000 c 54.000000
tx 151 r 29.000000 c 55.000000
tx 152 r 30.000000 c 52.000000
tx 153 r 30.000000 c 53.000000
tx 154 r 30.000000 c 54.000000
tx 155 r 30.000000 c 55.000000
tx 156 r 31.000000 c 52.000000
tx 157 r 31.000000 c 53.000000
tx 158 r 31.000000 c 54.000000
tx 159 r 31.000000 c 55.000000
tx 32 r 32.000000 c 52.000000
tx 33 r 32.000000 c 53.000000
tx 34 r 32.000000 c 54.000000
tx 35 r 32.000000 c 55.000000
tx 36 r 33.000000 c 52.000000
tx 37 r 33.000000 c 53.000000
tx 38 r 33.000000 c 54.000000
tx 39 r 33.000000 c 55.000000
tx 40 r 34.000000 c 52.000000
tx 41 r 34.000000 c 53.000000
tx 42 r 34.000000 c 54.000000
tx 43 r 34.000000 c 55.000000
tx 44 r 35.000000 c 52.000000
tx 45 r 35.000000 c 53.000000
tx 46 r 35.000000 c 54.000000
tx 47 r 35.000000 c 55.000000
tx 48 r 36.000000 c 52.000000
tx 49 r 36.000000 c 53.000000
tx 50 r 36.000000 c 54.000000
tx 51 r 36.000000 c 55.000000
tx 52 r 37.000000 c 52.000000
tx 53 r 37.000000 c 53.000000
tx 54 r 37.000000 c 54.000000
tx 55 r 37.000000 c 55.000000
tx 56 r 38.000000 c 52.000000
tx 57 r 38.000000 c 53.000000
tx 58 r 38.000000 c 54.000000
tx 59 r 38.000000 c 55.000000
tx 60 r 39.000000 c 52.000000
tx 61 r 39.000000 c 53.000000
tx 62 r 39.000000 c 54.000000
tx 63 r 39.000000 c 55.000000
tx 0 r 0.000000 c 52.000000
tx 1 r 0.000000 c 53.000000
tx 2 r 0.000000 c 54.000000
tx 3 r 0.000000 c 55.000000
tx 4 r 1.000000 c 52.000000
tx 5 r 1.000000 c 53.000000
tx 6 r 1.000000 c 54.000000
tx 7 r 1.000000 c 55.000000
tx 8 r 2.000000 c 52.000000
tx 9 r 2.000000 c 53.000000
tx 10 r 2.000000 c 54.000000
tx 11 r 2.000000 c 55.000000
tx 12 r 3.000000 c 52.000000
tx 13 r 3.000000 c 53.000000
tx 14 r 3.000000 c 54.000000
tx 15 r 3.000000 c 55.000000
tx 16 r 4.000000 c 52.000000
tx 17 r 4.000000 c 53.000000
tx 18 r 4.000000 c 54.000000
tx 19 r 4.000000 c 55.000000
tx 20 r 5.000000 c 52.000000
tx 21 r 5.000000 c 53.000000
tx 22 r 5.000000 c 54.000000
tx 23 r 5.000000 c 55.000000
tx 24 r 6.000000 c 52.000000
tx 25 r 6.000000 c 53.000000
tx 26 r 6.000000 c 54.000000
tx 27 r 6.000000 c 55.000000
tx 28 r 7.000000 c 52.000000
tx 29 r 7.000000 c 53.000000
tx 30 r 7.000000 c 54.000000
tx 31 r 7.000000 c 55.000000
tx 160 r 32.000000 c 52.000000
tx 161 r 32.000000 c 53.000000
tx 162 r 32.000000 c 54.000000
tx 163 r 32.000000 c 55.000000
tx 164 r 33.000000 c 52.000000
tx 165 r 33.000000 c 53.000000
tx 166 r 33.000000 c 54.000000
tx 167 r 33.000000 c 55.000000
tx 168 r 34.000000 c 52.000000
tx 169 r 34.000000 c 53.000000
tx 170 r 34.000000 c 54.000000
tx 171 r 34.000000 c 55.000000
tx 172 r 35.000000 c 52.000000
tx 173 r 35.000000 c 53.000000
tx 174 r 35.000000 c 54.000000
tx 175 r 35.000000 c 55.000000
tx 176 r 36.000000 c 52.000000
tx 177 r 36.000000 c 53.000000
tx 178 r 36.000000 c 54.000000
tx 179 r 36.000000 c 55.000000
tx 180 r 37.000000 c 52.000000
tx 181 r 37.000000 c 53.000000
tx 182 r 37.000000 c 54.000000
tx 183 r 37.000000 c 55.000000
tx 184 r 38.000000 c 52.000000
tx 185 r 38.000000 c 53.000000
tx 186 r 38.000000 c 54.000000
tx 187 r 38.000000 c 55.000000
tx 188 r 39.000000 c 52.000000
tx 189 r 39.000000 c 53.000000
tx 190 r 39.000000 c 54.000000
tx 191 r 39.000000 c 55.000000
tx 224 r 32.000000 c 52.000000
tx 225 r 32.000000 c 53.000000
tx 226 r 32.000000 c 54.000000
tx 227 r 32.000000 c 55.000000
tx 228 r 33.000000 c 52.000000
tx 229 r 33.000000 c 53.000000
tx 230 r 33.000000 c 54.000000
tx 231 r 33.000000 c 55.000000
tx 232 r 34.000000 c 52.000000
tx 233 r 34.000000 c 53.000000
tx 234 r 34.000000 c 54.000000
tx 235 r 34.000000 c 55.000000
tx 236 r 35.000000 c 52.000000
tx 237 r 35.000000 c 53.000000
tx 238 r 35.000000 c 54.000000
tx 239 r 35.000000 c 55.000000
tx 240 r 36.000000 c 52.000000
tx 241 r 36.000000 c 53.000000
tx 242 r 36.000000 c 54.000000
tx 243 r 36.000000 c 55.000000
tx 244 r 37.000000 c 52.000000
tx 245 r 37.000000 c 53.000000
tx 246 r 37.000000 c 54.000000
tx 247 r 37.000000 c 55.000000
tx 248 r 38.000000 c 52.000000
tx 249 r 38.000000 c 53.000000
tx 250 r 38.000000 c 54.000000
tx 251 r 38.000000 c 55.000000
tx 252 r 39.000000 c 52.000000
tx 253 r 39.000000 c 53.000000
tx 254 r 39.000000 c 54.000000
tx 255 r 39.000000 c 55.000000
tx 64 r 0.000000 c 52.000000
tx 65 r 0.000000 c 53.000000
tx 66 r 0.000000 c 54.000000
tx 67 r 0.000000 c 55.000000
tx 68 r 1.000000 c 52.000000
tx 69 r 1.000000 c 53.000000
tx 70 r 1.000000 c 54.000000
tx 71 r 1.000000 c 55.000000
tx 72 r 2.000000 c 52.000000
tx 73 r 2.000000 c 53.000000
tx 74 r 2.000000 c 54.000000
tx 75 r 2.000000 c 55.000000
tx 76 r 3.000000 c 52.000000
tx 77 r 3.000000 c 53.000000
tx 78 r 3.000000 c 54.000000
tx 79 r 3.000000 c 55.000000
tx 80 r 4.000000 c 52.000000
tx 81 r 4.000000 c 53.000000
tx 82 r 4.000000 c 54.000000
tx 83 r 4.000000 c 55.000000
tx 84 r 5.000000 c 52.000000
tx 85 r 5.000000 c 53.000000
tx 86 r 5.000000 c 54.000000
tx 87 r 5.000000 c 55.000000
tx 88 r 6.000000 c 52.000000
tx 89 r 6.000000 c 53.000000
tx 90 r 6.000000 c 54.000000
tx 91 r 6.000000 c 55.000000
tx 92 r 7.000000 c 52.000000
tx 93 r 7.000000 c 53.000000
tx 94 r 7.000000 c 54.000000
tx 95 r 7.000000 c 55.000000
tx 96 r 32.000000 c 52.000000
tx 97 r 32.000000 c 53.000000
tx 98 r 32.000000 c 54.000000
tx 99 r 32.000000 c 55.000000
tx 100 r 33.000000 c 52.000000
tx 101 r 33.000000 c 53.000000
tx 102 r 33.000000 c 54.000000
tx 103 r 33.000000 c 55.000000
tx 104 r 34.000000 c 52.000000
tx 105 r 34.000000 c 53.000000
tx 106 r 34.000000 c 54.000000
tx 107 r 34.000000 c 55.000000
tx 108 r 35.000000 c 52.000000
tx 109 r 35.000000 c 53.000000
tx 110 r 35.000000 c 54.000000
tx 111 r 35.000000 c 55.000000
tx 112 r 36.000000 c 52.000000
tx 113 r 36.000000 c 53.000000
tx 114 r 36.000000 c 54.000000
tx 115 r 36.000000 c 55.000000
tx 116 r 37.000000 c 52.000000
tx 117 r 37.000000 c 53.000000
tx 118 r 37.000000 c 54.000000
tx 119 r 37.000000 c 55.000000
tx 120 r 38.000000 c 52.000000
tx 121 r 38.000000 c 53.000000
tx 122 r 38.000000 c 54.000000
tx 123 r 38.000000 c 55.000000
tx 124 r 39.000000 c 52.000000
tx 125 r 39.000000 c 53.000000
tx 126 r 39.000000 c 54.000000
tx 127 r 39.000000 c 55.000000
tx 192 r 0.000000 c 52.000000
tx 193 r 0.000000 c 53.000000
tx 194 r 0.000000 c 54.000000
tx 195 r 0.000000 c 55.000000
tx 196 r 1.000000 c 52.000000
tx 197 r 1.000000 c 53.000000
tx 198 r 1.000000 c 54.000000
tx 199 r 1.000000 c 55.000000
tx 200 r 2.000000 c 52.000000
tx 201 r 2.000000 c 53.000000
tx 202 r 2.000000 c 54.000000
tx 203 r 2.000000 c 55.000000
tx 204 r 3.000000 c 52.000000
tx 205 r 3.000000 c 53.000000
tx 206 r 3.000000 c 54.000000
tx 207 r 3.000000 c 55.000000
tx 208 r 4.000000 c 52.000000
tx 209 r 4.000000 c 53.000000
tx 210 r 4.000000 c 54.000000
tx 211 r 4.000000 c 55.000000
tx 212 r 5.000000 c 52.000000
tx 213 r 5.000000 c 53.000000
tx 214 r 5.000000 c 54.000000
tx 215 r 5.000000 c 55.000000
tx 216 r 6.000000 c 52.000000
tx 217 r 6.000000 c 53.000000
tx 218 r 6.000000 c 54.000000
tx 219 r 6.000000 c 55.000000
tx 220 r 7.000000 c 52.000000
tx 221 r 7.000000 c 53.000000
tx 222 r 7.000000 c 54.000000
tx 223 r 7.000000 c 55.000000
tx 128 r 0.000000 c 52.000000
tx 129 r 0.000000 c 53.000000
tx 130 r 0.000000 c 54.000000
tx 131 r 0.000000 c 55.000000
tx 132 r 1.000000 c 52.000000
tx 133 r 1.000000 c 53.000000
tx 134 r 1.000000 c 54.000000
tx 135 r 1.000000 c 55.000000
tx 136 r 2.000000 c 52.000000
tx 137 r 2.000000 c 53.000000
tx 138 r 2.000000 c 54.000000
tx 139 r 2.000000 c 55.000000
tx 140 r 3.000000 c 52.000000
tx 141 r 3.000000 c 53.000000
tx 142 r 3.000000 c 54.000000
tx 143 r 3.000000 c 55.000000
tx 144 r 4.000000 c 52.000000
tx 145 r 4.000000 c 53.000000
tx 146 r 4.000000 c 54.000000
tx 147 r 4.000000 c 55.000000
tx 148 r 5.000000 c 52.000000
tx 149 r 5.000000 c 53.000000
tx 150 r 5.000000 c 54.000000
tx 151 r 5.000000 c 55.000000
tx 152 r 6.000000 c 52.000000
tx 153 r 6.000000 c 53.000000
tx 154 r 6.000000 c 54.000000
tx 155 r 6.000000 c 55.000000
tx 156 r 7.000000 c 52.000000
tx 157 r 7.000000 c 53.000000
tx 158 r 7.000000 c 54.000000
tx 159 r 7.000000 c 55.000000
tx 32 r 40.000000 c 52.000000
tx 33 r 40.000000 c 53.000000
tx 34 r 40.000000 c 54.000000
tx 35 r 40.000000 c 55.000000
tx 36 r 41.000000 c 52.000000
tx 37 r 41.000000 c 53.000000
tx 38 r 41.000000 c 54.000000
tx 39 r 41.000000 c 55.000000
tx 40 r 42.000000 c 52.000000
tx 41 r 42.000000 c 53.000000
tx 42 r 42.000000 c 54.000000
tx 43 r 42.000000 c 55.000000
tx 44 r 43.000000 c 52.000000
tx 45 r 43.000000 c 53.000000
tx 46 r 43.000000 c 54.000000
tx 47 r 43.000000 c 55.000000
tx 48 r 44.000000 c 52.000000
tx 49 r 44.000000 c 53.000000
tx 50 r 44.000000 c 54.000000
tx 51 r 44.000000 c 55.000000
tx 52 r 45.000000 c 52.000000
tx 53 r 45.000000 c 53.000000
tx 54 r 45.000000 c 54.000000
tx 55 r 45.000000 c 55.000000
tx 56 r 46.000000 c 52.000000
tx 57 r 46.000000 c 53.000000
tx 58 r 46.000000 c 54.000000
tx 59 r 46.000000 c 55.000000
tx 60 r 47.000000 c 52.000000
tx 61 r 47.000000 c 53.000000
tx 62 r 47.000000 c 54.000000
tx 63 r 47.000000 c 55.000000
tx 0 r 8.000000 c 52.000000
tx 1 r 8.000000 c 53.000000
tx 2 r 8.000000 c 54.000000
tx 3 r 8.000000 c 55.000000
tx 4 r 9.000000 c 52.000000
tx 5 r 9.000000 c 53.000000
tx 6 r 9.000000 c 54.000000
tx 7 r 9.000000 c 55.000000
tx 8 r 10.000000 c 52.000000
tx 9 r 10.000000 c 53.000000
tx 10 r 10.000000 c 54.000000
tx 11 r 10.000000 c 55.000000
tx 12 r 11.000000 c 52.000000
tx 13 r 11.000000 c 53.000000
tx 14 r 11.000000 c 54.000000
tx 15 r 11.000000 c 55.000000
tx 16 r 12.000000 c 52.000000
tx 17 r 12.000000 c 53.000000
tx 18 r 12.000000 c 54.000000
tx 19 r 12.000000 c 55.000000
tx 20 r 13.000000 c 52.000000
tx 21 r 13.000000 c 53.000000
tx 22 r 13.000000 c 54.000000
tx 23 r 13.000000 c 55.000000
tx 24 r 14.000000 c 52.000000
tx 25 r 14.000000 c 53.000000
tx 26 r 14.000000 c 54.000000
tx 27 r 14.000000 c 55.000000
tx 28 r 15.000000 c 52.000000
tx 29 r 15.000000 c 53.000000
tx 30 r 15.000000 c 54.000000
tx 31 r 15.000000 c 55.000000
tx 160 r 40.000000 c 52.000000
tx 161 r 40.000000 c 53.000000
tx 162 r 40.000000 c 54.000000
tx 163 r 40.000000 c 55.000000
tx 164 r 41.000000 c 52.000000
tx 165 r 41.000000 c 53.000000
tx 166 r 41.000000 c 54.000000
tx 167 r 41.000000 c 55.000000
tx 168 r 42.000000 c 52.000000
tx 169 r 42.000000 c 53.000000
tx 170 r 42.000000 c 54.000000
tx 171 r 42.000000 c 55.000000
tx 172 r 43.000000 c 52.000000
tx 173 r 43.000000 c 53.000000
tx 174 r 43.000000 c 54.000000
tx 175 r 43.000000 c 55.000000
tx 176 r 44.000000 c 52.000000
tx 177 r 44.000000 c 53.000000
tx 178 r 44.000000 c 54.000000
tx 179 r 44.000000 c 55.000000
tx 180 r 45.000000 c 52.000000
tx 181 r 45.000000 c 53.000000
tx 182 r 45.000000 c 54.000000
tx 183 r 45.000000 c 55.000000
tx 184 r 46.000000 c 52.000000
tx 185 r 46.000000 c 53.000000
tx 186 r 46.000000 c 54.000000
tx 187 r 46.000000 c 55.000000
tx 188 r 47.000000 c 52.000000
tx 189 r 47.000000 c 53.000000
tx 190 r 47.000000 c 54.000000
tx 191 r 47.000000 c 55.000000
tx 64 r 8.000000 c 52.000000
tx 65 r 8.000000 c 53.000000
tx 66 r 8.000000 c 54.000000
tx 67 r 8.000000 c 55.000000
tx 68 r 9.000000 c 52.000000
tx 69 r 9.000000 c 53.000000
tx 70 r 9.000000 c 54.000000
tx 71 r 9.000000 c 55.000000
tx 72 r 10.000000 c 52.000000
tx 73 r 10.000000 c 53.000000
tx 74 r 10.000000 c 54.000000
tx 75 r 10.000000 c 55.000000
tx 76 r 11.000000 c 52.000000
tx 77 r 11.000000 c 53.000000
tx 78 r 11.000000 c 54.000000
tx 79 r 11.000000 c 55.000000
tx 80 r 12.000000 c 52.000000
tx 81 r 12.000000 c 53.000000
tx 82 r 12.000000 c 54.000000
tx 83 r 12.000000 c 55.000000
tx 84 r 13.000000 c 52.000000
tx 85 r 13.000000 c 53.000000
tx 86 r 13.000000 c 54.000000
tx 87 r 13.000000 c 55.000000
tx 88 r 14.000000 c 52.000000
tx 89 r 14.000000 c 53.000000
tx 90 r 14.000000 c 54.000000
tx 91 r 14.000000 c 55.000000
tx 92 r 15.000000 c 52.000000
tx 93 r 15.000000 c 53.000000
tx 94 r 15.000000 c 54.000000
tx 95 r 15.000000 c 55.000000
tx 224 r 40.000000 c 52.000000
tx 225 r 40.000000 c 53.000000
tx 226 r 40.000000 c 54.000000
tx 227 r 40.000000 c 55.000000
tx 228 r 41.000000 c 52.000000
tx 229 r 41.000000 c 53.000000
tx 230 r 41.000000 c 54.000000
tx 231 r 41.000000 c 55.000000
tx 232 r 42.000000 c 52.000000
tx 233 r 42.000000 c 53.000000
tx 234 r 42.000000 c 54.000000
tx 235 r 42.000000 c 55.000000
tx 236 r 43.000000 c 52.000000
tx 237 r 43.000000 c 53.000000
tx 238 r 43.000000 c 54.000000
tx 239 r 43.000000 c 55.000000
tx 240 r 44.000000 c 52.000000
tx 241 r 44.000000 c 53.000000
tx 242 r 44.000000 c 54.000000
tx 243 r 44.000000 c 55.000000
tx 244 r 45.000000 c 52.000000
tx 245 r 45.000000 c 53.000000
tx 246 r 45.000000 c 54.000000
tx 247 r 45.000000 c 55.000000
tx 248 r 46.000000 c 52.000000
tx 249 r 46.000000 c 53.000000
tx 250 r 46.000000 c 54.000000
tx 251 r 46.000000 c 55.000000
tx 252 r 47.000000 c 52.000000
tx 253 r 47.000000 c 53.000000
tx 254 r 47.000000 c 54.000000
tx 255 r 47.000000 c 55.000000
tx 192 r 8.000000 c 52.000000
tx 193 r 8.000000 c 53.000000
tx 194 r 8.000000 c 54.000000
tx 195 r 8.000000 c 55.000000
tx 196 r 9.000000 c 52.000000
tx 197 r 9.000000 c 53.000000
tx 198 r 9.000000 c 54.000000
tx 199 r 9.000000 c 55.000000
tx 200 r 10.000000 c 52.000000
tx 201 r 10.000000 c 53.000000
tx 202 r 10.000000 c 54.000000
tx 203 r 10.000000 c 55.000000
tx 204 r 11.000000 c 52.000000
tx 205 r 11.000000 c 53.000000
tx 206 r 11.000000 c 54.000000
tx 207 r 11.000000 c 55.000000
tx 208 r 12.000000 c 52.000000
tx 209 r 12.000000 c 53.000000
tx 210 r 12.000000 c 54.000000
tx 211 r 12.000000 c 55.000000
tx 212 r 13.000000 c 52.000000
tx 213 r 13.000000 c 53.000000
tx 214 r 13.000000 c 54.000000
tx 215 r 13.000000 c 55.000000
tx 216 r 14.000000 c 52.000000
tx 217 r 14.000000 c 53.000000
tx 218 r 14.000000 c 54.000000
tx 219 r 14.000000 c 55.000000
tx 220 r 15.000000 c 52.000000
tx 221 r 15.000000 c 53.000000
tx 222 r 15.000000 c 54.000000
tx 223 r 15.000000 c 55.000000
tx 96 r 40.000000 c 52.000000
tx 97 r 40.000000 c 53.000000
tx 98 r 40.000000 c 54.000000
tx 99 r 40.000000 c 55.000000
tx 100 r 41.000000 c 52.000000
tx 101 r 41.000000 c 53.000000
tx 102 r 41.000000 c 54.000000
tx 103 r 41.000000 c 55.000000
tx 104 r 42.000000 c 52.000000
tx 105 r 42.000000 c 53.000000
tx 106 r 42.000000 c 54.000000
tx 107 r 42.000000 c 55.000000
tx 108 r 43.000000 c 52.000000
tx 109 r 43.000000 c 53.000000
tx 110 r 43.000000 c 54.000000
tx 111 r 43.000000 c 55.000000
tx 112 r 44.000000 c 52.000000
tx 113 r 44.000000 c 53.000000
tx 114 r 44.000000 c 54.000000
tx 115 r 44.000000 c 55.000000
tx 116 r 45.000000 c 52.000000
tx 117 r 45.000000 c 53.000000
tx 118 r 45.000000 c 54.000000
tx 119 r 45.000000 c 55.000000
tx 120 r 46.000000 c 52.000000
tx 121 r 46.000000 c 53.000000
tx 122 r 46.000000 c 54.000000
tx 123 r 46.000000 c 55.000000
tx 124 r 47.000000 c 52.000000
tx 125 r 47.000000 c 53.000000
tx 126 r 47.000000 c 54.000000
tx 127 r 47.000000 c 55.000000
tx 128 r 8.000000 c 52.000000
tx 129 r 8.000000 c 53.000000
tx 130 r 8.000000 c 54.000000
tx 131 r 8.000000 c 55.000000
tx 132 r 9.000000 c 52.000000
tx 133 r 9.000000 c 53.000000
tx 134 r 9.000000 c 54.000000
tx 135 r 9.000000 c 55.000000
tx 136 r 10.000000 c 52.000000
tx 137 r 10.000000 c 53.000000
tx 138 r 10.000000 c 54.000000
tx 139 r 10.000000 c 55.000000
tx 140 r 11.000000 c 52.000000
tx 141 r 11.000000 c 53.000000
tx 142 r 11.000000 c 54.000000
tx 143 r 11.000000 c 55.000000
tx 144 r 12.000000 c 52.000000
tx 145 r 12.000000 c 53.000000
tx 146 r 12.000000 c 54.000000
tx 147 r 12.000000 c 55.000000
tx 148 r 13.000000 c 52.000000
tx 149 r 13.000000 c 53.000000
tx 150 r 13.000000 c 54.000000
tx 151 r 13.000000 c 55.000000
tx 152 r 14.000000 c 52.000000
tx 153 r 14.000000 c 53.000000
tx 154 r 14.000000 c 54.000000
tx 155 r 14.000000 c 55.000000
tx 156 r 15.000000 c 52.000000
tx 157 r 15.000000 c 53.000000
tx 158 r 15.000000 c 54.000000
tx 159 r 15.000000 c 55.000000
tx 32 r 48.000000 c 52.000000
tx 33 r 48.000000 c 53.000000
tx 34 r 48.000000 c 54.000000
tx 35 r 48.000000 c 55.000000
tx 36 r 49.000000 c 52.000000
tx 37 r 49.000000 c 53.000000
tx 38 r 49.000000 c 54.000000
tx 39 r 49.000000 c 55.000000
tx 40 r 50.000000 c 52.000000
tx 41 r 50.000000 c 53.000000
tx 42 r 50.000000 c 54.000000
tx 43 r 50.000000 c 55.000000
tx 44 r 51.000000 c 52.000000
tx 45 r 51.000000 c 53.000000
tx 46 r 51.000000 c 54.000000
tx 47 r 51.000000 c 55.000000
tx 48 r 52.000000 c 52.000000
tx 49 r 52.000000 c 53.000000
tx 50 r 52.000000 c 54.000000
tx 51 r 52.000000 c 55.000000
tx 52 r 53.000000 c 52.000000
tx 53 r 53.000000 c 53.000000
tx 54 r 53.000000 c 54.000000
tx 55 r 53.000000 c 55.000000
tx 56 r 54.000000 c 52.000000
tx 57 r 54.000000 c 53.000000
tx 58 r 54.000000 c 54.000000
tx 59 r 54.000000 c 55.000000
tx 60 r 55.000000 c 52.000000
tx 61 r 55.000000 c 53.000000
tx 62 r 55.000000 c 54.000000
tx 63 r 55.000000 c 55.000000
tx 96 r 48.000000 c 52.000000
tx 97 r 48.000000 c 53.000000
tx 98 r 48.000000 c 54.000000
tx 99 r 48.000000 c 55.000000
tx 100 r 49.000000 c 52.000000
tx 101 r 49.000000 c 53.000000
tx 102 r 49.000000 c 54.000000
tx 103 r 49.000000 c 55.000000
tx 104 r 50.000000 c 52.000000
tx 105 r 50.000000 c 53.000000
tx 106 r 50.000000 c 54.000000
tx 107 r 50.000000 c 55.000000
tx 108 r 51.000000 c 52.000000
tx 109 r 51.000000 c 53.000000
tx 110 r 51.000000 c 54.000000
tx 111 r 51.000000 c 55.000000
tx 112 r 52.000000 c 52.000000
tx 113 r 52.000000 c 53.000000
tx 114 r 52.000000 c 54.000000
tx 115 r 52.000000 c 55.000000
tx 116 r 53.000000 c 52.000000
tx 117 r 53.000000 c 53.000000
tx 118 r 53.000000 c 54.000000
tx 119 r 53.000000 c 55.000000
tx 120 r 54.000000 c 52.000000
tx 121 r 54.000000 c 53.000000
tx 122 r 54.000000 c 54.000000
tx 123 r 54.000000 c 55.000000
tx 124 r 55.000000 c 52.000000
tx 125 r 55.000000 c 53.000000
tx 126 r 55.000000 c 54.000000
tx 127 r 55.000000 c 55.000000
tx 0 r 16.000000 c 52.000000
tx 1 r 16.000000 c 53.000000
tx 2 r 16.000000 c 54.000000
tx 3 r 16.000000 c 55.000000
tx 4 r 17.000000 c 52.000000
tx 5 r 17.000000 c 53.000000
tx 6 r 17.000000 c 54.000000
tx 7 r 17.000000 c 55.000000
tx 8 r 18.000000 c 52.000000
tx 9 r 18.000000 c 53.000000
tx 10 r 18.000000 c 54.000000
tx 11 r 18.000000 c 55.000000
tx 12 r 19.000000 c 52.000000
tx 13 r 19.000000 c 53.000000
tx 14 r 19.000000 c 54.000000
tx 15 r 19.000000 c 55.000000
tx 16 r 20.000000 c 52.000000
tx 17 r 20.000000 c 53.000000
tx 18 r 20.000000 c 54.000000
tx 19 r 20.000000 c 55.000000
tx 20 r 21.000000 c 52.000000
tx 21 r 21.000000 c 53.000000
tx 22 r 21.000000 c 54.000000
tx 23 r 21.000000 c 55.000000
tx 24 r 22.000000 c 52.000000
tx 25 r 22.000000 c 53.000000
tx 26 r 22.000000 c 54.000000
tx 27 r 22.000000 c 55.000000
tx 28 r 23.000000 c 52.000000
tx 29 r 23.000000 c 53.000000
tx 30 r 23.000000 c 54.000000
tx 31 r 23.000000 c 55.000000
tx 64 r 16.000000 c 52.000000
tx 65 r 16.000000 c 53.000000
tx 66 r 16.000000 c 54.000000
tx 67 r 16.000000 c 55.000000
tx 68 r 17.000000 c 52.000000
tx 69 r 17.000000 c 53.000000
tx 70 r 17.000000 c 54.000000
tx 71 r 17.000000 c 55.000000
tx 72 r 18.000000 c 52.000000
tx 73 r 18.000000 c 53.000000
tx 74 r 18.000000 c 54.000000
tx 75 r 18.000000 c 55.000000
tx 76 r 19.000000 c 52.000000
tx 77 r 19.000000 c 53.000000
tx 78 r 19.000000 c 54.000000
tx 79 r 19.000000 c 55.000000
tx 80 r 20.000000 c 52.000000
tx 81 r 20.000000 c 53.000000
tx 82 r 20.000000 c 54.000000
tx 83 r 20.000000 c 55.000000
tx 84 r 21.000000 c 52.000000
tx 85 r 21.000000 c 53.000000
tx 86 r 21.000000 c 54.000000
tx 87 r 21.000000 c 55.000000
tx 88 r 22.000000 c 52.000000
tx 89 r 22.000000 c 53.000000
tx 90 r 22.000000 c 54.000000
tx 91 r 22.000000 c 55.000000
tx 92 r 23.000000 c 52.000000
tx 93 r 23.000000 c 53.000000
tx 94 r 23.000000 c 54.000000
tx 95 r 23.000000 c 55.000000
tx 160 r 48.000000 c 52.000000
tx 161 r 48.000000 c 53.000000
tx 162 r 48.000000 c 54.000000
tx 163 r 48.000000 c 55.000000
tx 164 r 49.000000 c 52.000000
tx 165 r 49.000000 c 53.000000
tx 166 r 49.000000 c 54.000000
tx 167 r 49.000000 c 55.000000
tx 168 r 50.000000 c 52.000000
tx 169 r 50.000000 c 53.000000
tx 170 r 50.000000 c 54.000000
tx 171 r 50.000000 c 55.000000
tx 172 r 51.000000 c 52.000000
tx 173 r 51.000000 c 53.000000
tx 174 r 51.000000 c 54.000000
tx 175 r 51.000000 c 55.000000
tx 176 r 52.000000 c 52.000000
tx 177 r 52.000000 c 53.000000
tx 178 r 52.000000 c 54.000000
tx 179 r 52.000000 c 55.000000
tx 180 r 53.000000 c 52.000000
tx 181 r 53.000000 c 53.000000
tx 182 r 53.000000 c 54.000000
tx 183 r 53.000000 c 55.000000
tx 184 r 54.000000 c 52.000000
tx 185 r 54.000000 c 53.000000
tx 186 r 54.000000 c 54.000000
tx 187 r 54.000000 c 55.000000
tx 188 r 55.000000 c 52.000000
tx 189 r 55.000000 c 53.000000
tx 190 r 55.000000 c 54.000000
tx 191 r 55.000000 c 55.000000
tx 224 r 48.000000 c 52.000000
tx 225 r 48.000000 c 53.000000
tx 226 r 48.000000 c 54.000000
tx 227 r 48.000000 c 55.000000
tx 228 r 49.000000 c 52.000000
tx 229 r 49.000000 c 53.000000
tx 230 r 49.000000 c 54.000000
tx 231 r 49.000000 c 55.000000
tx 232 r 50.000000 c 52.000000
tx 233 r 50.000000 c 53.000000
tx 234 r 50.000000 c 54.000000
tx 235 r 50.000000 c 55.000000
tx 236 r 51.000000 c 52.000000
tx 237 r 51.000000 c 53.000000
tx 238 r 51.000000 c 54.000000
tx 239 r 51.000000 c 55.000000
tx 240 r 52.000000 c 52.000000
tx 241 r 52.000000 c 53.000000
tx 242 r 52.000000 c 54.000000
tx 243 r 52.000000 c 55.000000
tx 244 r 53.000000 c 52.000000
tx 245 r 53.000000 c 53.000000
tx 246 r 53.000000 c 54.000000
tx 247 r 53.000000 c 55.000000
tx 248 r 54.000000 c 52.000000
tx 249 r 54.000000 c 53.000000
tx 250 r 54.000000 c 54.000000
tx 251 r 54.000000 c 55.000000
tx 252 r 55.000000 c 52.000000
tx 253 r 55.000000 c 53.000000
tx 254 r 55.000000 c 54.000000
tx 255 r 55.000000 c 55.000000
tx 192 r 16.000000 c 52.000000
tx 193 r 16.000000 c 53.000000
tx 194 r 16.000000 c 54.000000
tx 195 r 16.000000 c 55.000000
tx 196 r 17.000000 c 52.000000
tx 197 r 17.000000 c 53.000000
tx 198 r 17.000000 c 54.000000
tx 199 r 17.000000 c 55.000000
tx 200 r 18.000000 c 52.000000
tx 201 r 18.000000 c 53.000000
tx 202 r 18.000000 c 54.000000
tx 203 r 18.000000 c 55.000000
tx 204 r 19.000000 c 52.000000
tx 205 r 19.000000 c 53.000000
tx 206 r 19.000000 c 54.000000
tx 207 r 19.000000 c 55.000000
tx 208 r 20.000000 c 52.000000
tx 209 r 20.000000 c 53.000000
tx 210 r 20.000000 c 54.000000
tx 211 r 20.000000 c 55.000000
tx 212 r 21.000000 c 52.000000
tx 213 r 21.000000 c 53.000000
tx 214 r 21.000000 c 54.000000
tx 215 r 21.000000 c 55.000000
tx 216 r 22.000000 c 52.000000
tx 217 r 22.000000 c 53.000000
tx 218 r 22.000000 c 54.000000
tx 219 r 22.000000 c 55.000000
tx 220 r 23.000000 c 52.000000
tx 221 r 23.000000 c 53.000000
tx 222 r 23.000000 c 54.000000
tx 223 r 23.000000 c 55.000000
tx 128 r 16.000000 c 52.000000
tx 129 r 16.000000 c 53.000000
tx 130 r 16.000000 c 54.000000
tx 131 r 16.000000 c 55.000000
tx 132 r 17.000000 c 52.000000
tx 133 r 17.000000 c 53.000000
tx 134 r 17.000000 c 54.000000
tx 135 r 17.000000 c 55.000000
tx 136 r 18.000000 c 52.000000
tx 137 r 18.000000 c 53.000000
tx 138 r 18.000000 c 54.000000
tx 139 r 18.000000 c 55.000000
tx 140 r 19.000000 c 52.000000
tx 141 r 19.000000 c 53.000000
tx 142 r 19.000000 c 54.000000
tx 143 r 19.000000 c 55.000000
tx 144 r 20.000000 c 52.000000
tx 145 r 20.000000 c 53.000000
tx 146 r 20.000000 c 54.000000
tx 147 r 20.000000 c 55.000000
tx 148 r 21.000000 c 52.000000
tx 149 r 21.000000 c 53.000000
tx 150 r 21.000000 c 54.000000
tx 151 r 21.000000 c 55.000000
tx 152 r 22.000000 c 52.000000
tx 153 r 22.000000 c 53.000000
tx 154 r 22.000000 c 54.000000
tx 155 r 22.000000 c 55.000000
tx 156 r 23.000000 c 52.000000
tx 157 r 23.000000 c 53.000000
tx 158 r 23.000000 c 54.000000
tx 159 r 23.000000 c 55.000000
tx 32 r 56.000000 c 52.000000
tx 33 r 56.000000 c 53.000000
tx 34 r 56.000000 c 54.000000
tx 35 r 56.000000 c 55.000000
tx 36 r 57.000000 c 52.000000
tx 37 r 57.000000 c 53.000000
tx 38 r 57.000000 c 54.000000
tx 39 r 57.000000 c 55.000000
tx 40 r 58.000000 c 52.000000
tx 41 r 58.000000 c 53.000000
tx 42 r 58.000000 c 54.000000
tx 43 r 58.000000 c 55.000000
tx 44 r 59.000000 c 52.000000
tx 45 r 59.000000 c 53.000000
tx 46 r 59.000000 c 54.000000
tx 47 r 59.000000 c 55.000000
tx 48 r 60.000000 c 52.000000
tx 49 r 60.000000 c 53.000000
tx 50 r 60.000000 c 54.000000
tx 51 r 60.000000 c 55.000000
tx 52 r 61.000000 c 52.000000
tx 53 r 61.000000 c 53.000000
tx 54 r 61.000000 c 54.000000
tx 55 r 61.000000 c 55.000000
tx 56 r 62.000000 c 52.000000
tx 57 r 62.000000 c 53.000000
tx 58 r 62.000000 c 54.000000
tx 59 r 62.000000 c 55.000000
tx 60 r 63.000000 c 52.000000
tx 61 r 63.000000 c 53.000000
tx 62 r 63.000000 c 54.000000
tx 63 r 63.000000 c 55.000000
tx 160 r 56.000000 c 52.000000
tx 161 r 56.000000 c 53.000000
tx 162 r 56.000000 c 54.000000
tx 163 r 56.000000 c 55.000000
tx 164 r 57.000000 c 52.000000
tx 165 r 57.000000 c 53.000000
tx 166 r 57.000000 c 54.000000
tx 167 r 57.000000 c 55.000000
tx 168 r 58.000000 c 52.000000
tx 169 r 58.000000 c 53.000000
tx 170 r 58.000000 c 54.000000
tx 171 r 58.000000 c 55.000000
tx 172 r 59.000000 c 52.000000
tx 173 r 59.000000 c 53.000000
tx 174 r 59.000000 c 54.000000
tx 175 r 59.000000 c 55.000000
tx 176 r 60.000000 c 52.000000
tx 177 r 60.000000 c 53.000000
tx 178 r 60.000000 c 54.000000
tx 179 r 60.000000 c 55.000000
tx 180 r 61.000000 c 52.000000
tx 181 r 61.000000 c 53.000000
tx 182 r 61.000000 c 54.000000
tx 183 r 61.000000 c 55.000000
tx 184 r 62.000000 c 52.000000
tx 185 r 62.000000 c 53.000000
tx 186 r 62.000000 c 54.000000
tx 187 r 62.000000 c 55.000000
tx 188 r 63.000000 c 52.000000
tx 189 r 63.000000 c 53.000000
tx 190 r 63.000000 c 54.000000
tx 191 r 63.000000 c 55.000000
tx 96 r 56.000000 c 52.000000
tx 97 r 56.000000 c 53.000000
tx 98 r 56.000000 c 54.000000
tx 99 r 56.000000 c 55.000000
tx 100 r 57.000000 c 52.000000
tx 101 r 57.000000 c 53.000000
tx 102 r 57.000000 c 54.000000
tx 103 r 57.000000 c 55.000000
tx 104 r 58.000000 c 52.000000
tx 105 r 58.000000 c 53.000000
tx 106 r 58.000000 c 54.000000
tx 107 r 58.000000 c 55.000000
tx 108 r 59.000000 c 52.000000
tx 109 r 59.000000 c 53.000000
tx 110 r 59.000000 c 54.000000
tx 111 r 59.000000 c 55.000000
tx 112 r 60.000000 c 52.000000
tx 113 r 60.000000 c 53.000000
tx 114 r 60.000000 c 54.000000
tx 115 r 60.000000 c 55.000000
tx 116 r 61.000000 c 52.000000
tx 117 r 61.000000 c 53.000000
tx 118 r 61.000000 c 54.000000
tx 119 r 61.000000 c 55.000000
tx 120 r 62.000000 c 52.000000
tx 121 r 62.000000 c 53.000000
tx 122 r 62.000000 c 54.000000
tx 123 r 62.000000 c 55.000000
tx 124 r 63.000000 c 52.000000
tx 125 r 63.000000 c 53.000000
tx 126 r 63.000000 c 54.000000
tx 127 r 63.000000 c 55.000000
tx 0 r 24.000000 c 52.000000
tx 1 r 24.000000 c 53.000000
tx 2 r 24.000000 c 54.000000
tx 3 r 24.000000 c 55.000000
tx 4 r 25.000000 c 52.000000
tx 5 r 25.000000 c 53.000000
tx 6 r 25.000000 c 54.000000
tx 7 r 25.000000 c 55.000000
tx 8 r 26.000000 c 52.000000
tx 9 r 26.000000 c 53.000000
tx 10 r 26.000000 c 54.000000
tx 11 r 26.000000 c 55.000000
tx 12 r 27.000000 c 52.000000
tx 13 r 27.000000 c 53.000000
tx 14 r 27.000000 c 54.000000
tx 15 r 27.000000 c 55.000000
tx 16 r 28.000000 c 52.000000
tx 17 r 28.000000 c 53.000000
tx 18 r 28.000000 c 54.000000
tx 19 r 28.000000 c 55.000000
tx 20 r 29.000000 c 52.000000
tx 21 r 29.000000 c 53.000000
tx 22 r 29.000000 c 54.000000
tx 23 r 29.000000 c 55.000000
tx 24 r 30.000000 c 52.000000
tx 25 r 30.000000 c 53.000000
tx 26 r 30.000000 c 54.000000
tx 27 r 30.000000 c 55.000000
tx 28 r 31.000000 c 52.000000
tx 29 r 31.000000 c 53.000000
tx 30 r 31.000000 c 54.000000
tx 31 r 31.000000 c 55.000000
tx 64 r 24.000000 c 52.000000
tx 65 r 24.000000 c 53.000000
tx 66 r 24.000000 c 54.000000
tx 67 r 24.000000 c 55.000000
tx 68 r 25.000000 c 52.000000
tx 69 r 25.000000 c 53.000000
tx 70 r 25.000000 c 54.000000
tx 71 r 25.000000 c 55.000000
tx 72 r 26.000000 c 52.000000
tx 73 r 26.000000 c 53.000000
tx 74 r 26.000000 c 54.000000
tx 75 r 26.000000 c 55.000000
tx 76 r 27.000000 c 52.000000
tx 77 r 27.000000 c 53.000000
tx 78 r 27.000000 c 54.000000
tx 79 r 27.000000 c 55.000000
tx 80 r 28.000000 c 52.000000
tx 81 r 28.000000 c 53.000000
tx 82 r 28.000000 c 54.000000
tx 83 r 28.000000 c 55.000000
tx 84 r 29.000000 c 52.000000
tx 85 r 29.000000 c 53.000000
tx 86 r 29.000000 c 54.000000
tx 87 r 29.000000 c 55.000000
tx 88 r 30.000000 c 52.000000
tx 89 r 30.000000 c 53.000000
tx 90 r 30.000000 c 54.000000
tx 91 r 30.000000 c 55.000000
tx 92 r 31.000000 c 52.000000
tx 93 r 31.000000 c 53.000000
tx 94 r 31.000000 c 54.000000
tx 95 r 31.000000 c 55.000000
tx 192 r 24.000000 c 52.000000
tx 193 r 24.000000 c 53.000000
tx 194 r 24.000000 c 54.000000
tx 195 r 24.000000 c 55.000000
tx 196 r 25.000000 c 52.000000
tx 197 r 25.000000 c 53.000000
tx 198 r 25.000000 c 54.000000
tx 199 r 25.000000 c 55.000000
tx 200 r 26.000000 c 52.000000
tx 201 r 26.000000 c 53.000000
tx 202 r 26.000000 c 54.000000
tx 203 r 26.000000 c 55.000000
tx 204 r 27.000000 c 52.000000
tx 205 r 27.000000 c 53.000000
tx 206 r 27.000000 c 54.000000
tx 207 r 27.000000 c 55.000000
tx 208 r 28.000000 c 52.000000
tx 209 r 28.000000 c 53.000000
tx 210 r 28.000000 c 54.000000
tx 211 r 28.000000 c 55.000000
tx 212 r 29.000000 c 52.000000
tx 213 r 29.000000 c 53.000000
tx 214 r 29.000000 c 54.000000
tx 215 r 29.000000 c 55.000000
tx 216 r 30.000000 c 52.000000
tx 217 r 30.000000 c 53.000000
tx 218 r 30.000000 c 54.000000
tx 219 r 30.000000 c 55.000000
tx 220 r 31.000000 c 52.000000
tx 221 r 31.000000 c 53.000000
tx 222 r 31.000000 c 54.000000
tx 223 r 31.000000 c 55.000000
tx 128 r 24.000000 c 52.000000
tx 129 r 24.000000 c 53.000000
tx 130 r 24.000000 c 54.000000
tx 131 r 24.000000 c 55.000000
tx 132 r 25.000000 c 52.000000
tx 133 r 25.000000 c 53.000000
tx 134 r 25.000000 c 54.000000
tx 135 r 25.000000 c 55.000000
tx 136 r 26.000000 c 52.000000
tx 137 r 26.000000 c 53.000000
tx 138 r 26.000000 c 54.000000
tx 139 r 26.000000 c 55.000000
tx 140 r 27.000000 c 52.000000
tx 141 r 27.000000 c 53.000000
tx 142 r 27.000000 c 54.000000
tx 143 r 27.000000 c 55.000000
tx 144 r 28.000000 c 52.000000
tx 145 r 28.000000 c 53.000000
tx 146 r 28.000000 c 54.000000
tx 147 r 28.000000 c 55.000000
tx 148 r 29.000000 c 52.000000
tx 149 r 29.000000 c 53.000000
tx 150 r 29.000000 c 54.000000
tx 151 r 29.000000 c 55.000000
tx 152 r 30.000000 c 52.000000
tx 153 r 30.000000 c 53.000000
tx 154 r 30.000000 c 54.000000
tx 155 r 30.000000 c 55.000000
tx 156 r 31.000000 c 52.000000
tx 157 r 31.000000 c 53.000000
tx 158 r 31.000000 c 54.000000
tx 159 r 31.000000 c 55.000000
tx 224 r 56.000000 c 52.000000
tx 225 r 56.000000 c 53.000000
tx 226 r 56.000000 c 54.000000
tx 227 r 56.000000 c 55.000000
tx 228 r 57.000000 c 52.000000
tx 229 r 57.000000 c 53.000000
tx 230 r 57.000000 c 54.000000
tx 231 r 57.000000 c 55.000000
tx 232 r 58.000000 c 52.000000
tx 233 r 58.000000 c 53.000000
tx 234 r 58.000000 c 54.000000
tx 235 r 58.000000 c 55.000000
tx 236 r 59.000000 c 52.000000
tx 237 r 59.000000 c 53.000000
tx 238 r 59.000000 c 54.000000
tx 239 r 59.000000 c 55.000000
tx 240 r 60.000000 c 52.000000
tx 241 r 60.000000 c 53.000000
tx 242 r 60.000000 c 54.000000
tx 243 r 60.000000 c 55.000000
tx 244 r 61.000000 c 52.000000
tx 245 r 61.000000 c 53.000000
tx 246 r 61.000000 c 54.000000
tx 247 r 61.000000 c 55.000000
tx 248 r 62.000000 c 52.000000
tx 249 r 62.000000 c 53.000000
tx 250 r 62.000000 c 54.000000
tx 251 r 62.000000 c 55.000000
tx 252 r 63.000000 c 52.000000
tx 253 r 63.000000 c 53.000000
tx 254 r 63.000000 c 54.000000
tx 255 r 63.000000 c 55.000000
tx 128 r 0.000000 c 56.000000
tx 129 r 0.000000 c 57.000000
tx 130 r 0.000000 c 58.000000
tx 131 r 0.000000 c 59.000000
tx 132 r 1.000000 c 56.000000
tx 133 r 1.000000 c 57.000000
tx 134 r 1.000000 c 58.000000
tx 135 r 1.000000 c 59.000000
tx 136 r 2.000000 c 56.000000
tx 137 r 2.000000 c 57.000000
tx 138 r 2.000000 c 58.000000
tx 139 r 2.000000 c 59.000000
tx 140 r 3.000000 c 56.000000
tx 141 r 3.000000 c 57.000000
tx 142 r 3.000000 c 58.000000
tx 143 r 3.000000 c 59.000000
tx 144 r 4.000000 c 56.000000
tx 145 r 4.000000 c 57.000000
tx 146 r 4.000000 c 58.000000
tx 147 r 4.000000 c 59.000000
tx 148 r 5.000000 c 56.000000
tx 149 r 5.000000 c 57.000000
tx 150 r 5.000000 c 58.000000
tx 151 r 5.000000 c 59.000000
tx 152 r 6.000000 c 56.000000
tx 153 r 6.000000 c 57.000000
tx 154 r 6.000000 c 58.000000
tx 155 r 6.000000 c 59.000000
tx 156 r 7.000000 c 56.000000
tx 157 r 7.000000 c 57.000000
tx 158 r 7.000000 c 58.000000
tx 159 r 7.000000 c 59.000000
tx 160 r 32.000000 c 56.000000
tx 161 r 32.000000 c 57.000000
tx 162 r 32.000000 c 58.000000
tx 163 r 32.000000 c 59.000000
tx 164 r 33.000000 c 56.000000
tx 165 r 33.000000 c 57.000000
tx 166 r 33.000000 c 58.000000
tx 167 r 33.000000 c 59.000000
tx 168 r 34.000000 c 56.000000
tx 169 r 34.000000 c 57.000000
tx 170 r 34.000000 c 58.000000
tx 171 r 34.000000 c 59.000000
tx 172 r 35.000000 c 56.000000
tx 173 r 35.000000 c 57.000000
tx 174 r 35.000000 c 58.000000
tx 175 r 35.000000 c 59.000000
tx 176 r 36.000000 c 56.000000
tx 177 r 36.000000 c 57.000000
tx 178 r 36.000000 c 58.000000
tx 179 r 36.000000 c 59.000000
tx 180 r 37.000000 c 56.000000
tx 181 r 37.000000 c 57.000000
tx 182 r 37.000000 c 58.000000
tx 183 r 37.000000 c 59.000000
tx 184 r 38.000000 c 56.000000
tx 185 r 38.000000 c 57.000000
tx 186 r 38.000000 c 58.000000
tx 187 r 38.000000 c 59.000000
tx 188 r 39.000000 c 56.000000
tx 189 r 39.000000 c 57.000000
tx 190 r 39.000000 c 58.000000
tx 191 r 39.000000 c 59.000000
tx 192 r 0.000000 c 56.000000
tx 193 r 0.000000 c 57.000000
tx 194 r 0.000000 c 58.000000
tx 195 r 0.000000 c 59.000000
tx 196 r 1.000000 c 56.000000
tx 197 r 1.000000 c 57.000000
tx 198 r 1.000000 c 58.000000
tx 199 r 1.000000 c 59.000000
tx 200 r 2.000000 c 56.000000
tx 201 r 2.000000 c 57.000000
tx 202 r 2.000000 c 58.000000
tx 203 r 2.000000 c 59.000000
tx 204 r 3.000000 c 56.000000
tx 205 r 3.000000 c 57.000000
tx 206 r 3.000000 c 58.000000
tx 207 r 3.000000 c 59.000000
tx 208 r 4.000000 c 56.000000
tx 209 r 4.000000 c 57.000000
tx 210 r 4.000000 c 58.000000
tx 211 r 4.000000 c 59.000000
tx 212 r 5.000000 c 56.000000
tx 213 r 5.000000 c 57.000000
tx 214 r 5.000000 c 58.000000
tx 215 r 5.000000 c 59.000000
tx 216 r 6.000000 c 56.000000
tx 217 r 6.000000 c 57.000000
tx 218 r 6.000000 c 58.000000
tx 219 r 6.000000 c 59.000000
tx 220 r 7.000000 c 56.000000
tx 221 r 7.000000 c 57.000000
tx 222 r 7.000000 c 58.000000
tx 223 r 7.000000 c 59.000000
tx 32 r 32.000000 c 56.000000
tx 33 r 32.000000 c 57.000000
tx 34 r 32.000000 c 58.000000
tx 35 r 32.000000 c 59.000000
tx 36 r 33.000000 c 56.000000
tx 37 r 33.000000 c 57.000000
tx 38 r 33.000000 c 58.000000
tx 39 r 33.000000 c 59.000000
tx 40 r 34.000000 c 56.000000
tx 41 r 34.000000 c 57.000000
tx 42 r 34.000000 c 58.000000
tx 43 r 34.000000 c 59.000000
tx 44 r 35.000000 c 56.000000
tx 45 r 35.000000 c 57.000000
tx 46 r 35.000000 c 58.000000
tx 47 r 35.000000 c 59.000000
tx 48 r 36.000000 c 56.000000
tx 49 r 36.000000 c 57.000000
tx 50 r 36.000000 c 58.000000
tx 51 r 36.000000 c 59.000000
tx 52 r 37.000000 c 56.000000
tx 53 r 37.000000 c 57.000000
tx 54 r 37.000000 c 58.000000
tx 55 r 37.000000 c 59.000000
tx 56 r 38.000000 c 56.000000
tx 57 r 38.000000 c 57.000000
tx 58 r 38.000000 c 58.000000
tx 59 r 38.000000 c 59.000000
tx 60 r 39.000000 c 56.000000
tx 61 r 39.000000 c 57.000000
tx 62 r 39.000000 c 58.000000
tx 63 r 39.000000 c 59.000000
tx 96 r 32.000000 c 56.000000
tx 97 r 32.000000 c 57.000000
tx 98 r 32.000000 c 58.000000
tx 99 r 32.000000 c 59.000000
tx 100 r 33.000000 c 56.000000
tx 101 r 33.000000 c 57.000000
tx 102 r 33.000000 c 58.000000
tx 103 r 33.000000 c 59.000000
tx 104 r 34.000000 c 56.000000
tx 105 r 34.000000 c 57.000000
tx 106 r 34.000000 c 58.000000
tx 107 r 34.000000 c 59.000000
tx 108 r 35.000000 c 56.000000
tx 109 r 35.000000 c 57.000000
tx 110 r 35.000000 c 58.000000
tx 111 r 35.000000 c 59.000000
tx 112 r 36.000000 c 56.000000
tx 113 r 36.000000 c 57.000000
tx 114 r 36.000000 c 58.000000
tx 115 r 36.000000 c 59.000000
tx 116 r 37.000000 c 56.000000
tx 117 r 37.000000 c 57.000000
tx 118 r 37.000000 c 58.000000
tx 119 r 37.000000 c 59.000000
tx 120 r 38.000000 c 56.000000
tx 121 r 38.000000 c 57.000000
tx 122 r 38.000000 c 58.000000
tx 123 r 38.000000 c 59.000000
tx 124 r 39.000000 c 56.000000
tx 125 r 39.000000 c 57.000000
tx 126 r 39.000000 c 58.000000
tx 127 r 39.000000 c 59.000000
tx 224 r 32.000000 c 56.000000
tx 225 r 32.000000 c 57.000000
tx 226 r 32.000000 c 58.000000
tx 227 r 32.000000 c 59.000000
tx 228 r 33.000000 c 56.000000
tx 229 r 33.000000 c 57.000000
tx 230 r 33.000000 c 58.000000
tx 231 r 33.000000 c 59.000000
tx 232 r 34.000000 c 56.000000
tx 233 r 34.000000 c 57.000000
tx 234 r 34.000000 c 58.000000
tx 235 r 34.000000 c 59.000000
tx 236 r 35.000000 c 56.000000
tx 237 r 35.000000 c 57.000000
tx 238 r 35.000000 c 58.000000
tx 239 r 35.000000 c 59.000000
tx 240 r 36.000000 c 56.000000
tx 241 r 36.000000 c 57.000000
tx 242 r 36.000000 c 58.000000
tx 243 r 36.000000 c 59.000000
tx 244 r 37.000000 c 56.000000
tx 245 r 37.000000 c 57.000000
tx 246 r 37.000000 c 58.000000
tx 247 r 37.000000 c 59.000000
tx 248 r 38.000000 c 56.000000
tx 249 r 38.000000 c 57.000000
tx 250 r 38.000000 c 58.000000
tx 251 r 38.000000 c 59.000000
tx 252 r 39.000000 c 56.000000
tx 253 r 39.000000 c 57.000000
tx 254 r 39.000000 c 58.000000
tx 255 r 39.000000 c 59.000000
tx 64 r 0.000000 c 56.000000
tx 65 r 0.000000 c 57.000000
tx 66 r 0.000000 c 58.000000
tx 67 r 0.000000 c 59.000000
tx 68 r 1.000000 c 56.000000
tx 69 r 1.000000 c 57.000000
tx 70 r 1.000000 c 58.000000
tx 71 r 1.000000 c 59.000000
tx 72 r 2.000000 c 56.000000
tx 73 r 2.000000 c 57.000000
tx 74 r 2.000000 c 58.000000
tx 75 r 2.000000 c 59.000000
tx 76 r 3.000000 c 56.000000
tx 77 r 3.000000 c 57.000000
tx 78 r 3.000000 c 58.000000
tx 79 r 3.000000 c 59.000000
tx 80 r 4.000000 c 56.000000
tx 81 r 4.000000 c 57.000000
tx 82 r 4.000000 c 58.000000
tx 83 r 4.000000 c 59.000000
tx 84 r 5.000000 c 56.000000
tx 85 r 5.000000 c 57.000000
tx 86 r 5.000000 c 58.000000
tx 87 r 5.000000 c 59.000000
tx 88 r 6.000000 c 56.000000
tx 89 r 6.000000 c 57.000000
tx 90 r 6.000000 c 58.000000
tx 91 r 6.000000 c 59.000000
tx 92 r 7.000000 c 56.000000
tx 93 r 7.000000 c 57.000000
tx 94 r 7.000000 c 58.000000
tx 95 r 7.000000 c 59.000000
tx 0 r 0.000000 c 56.000000
tx 1 r 0.000000 c 57.000000
tx 2 r 0.000000 c 58.000000
tx 3 r 0.000000 c 59.000000
tx 4 r 1.000000 c 56.000000
tx 5 r 1.000000 c 57.000000
tx 6 r 1.000000 c 58.000000
tx 7 r 1.000000 c 59.000000
tx 8 r 2.000000 c 56.000000
tx 9 r 2.000000 c 57.000000
tx 10 r 2.000000 c 58.000000
tx 11 r 2.000000 c 59.000000
tx 12 r 3.000000 c 56.000000
tx 13 r 3.000000 c 57.000000
tx 14 r 3.000000 c 58.000000
tx 15 r 3.000000 c 59.000000
tx 16 r 4.000000 c 56.000000
tx 17 r 4.000000 c 57.000000
tx 18 r 4.000000 c 58.000000
tx 19 r 4.000000 c 59.000000
tx 20 r 5.000000 c 56.000000
tx 21 r 5.000000 c 57.000000
tx 22 r 5.000000 c 58.000000
tx 23 r 5.000000 c 59.000000
tx 24 r 6.000000 c 56.000000
tx 25 r 6.000000 c 57.000000
tx 26 r 6.000000 c 58.000000
tx 27 r 6.000000 c 59.000000
tx 28 r 7.000000 c 56.000000
tx 29 r 7.000000 c 57.000000
tx 30 r 7.000000 c 58.000000
tx 31 r 7.000000 c 59.000000
tx 192 r 8.000000 c 56.000000
tx 193 r 8.000000 c 57.000000
tx 194 r 8.000000 c 58.000000
tx 195 r 8.000000 c 59.000000
tx 196 r 9.000000 c 56.000000
tx 197 r 9.000000 c 57.000000
tx 198 r 9.000000 c 58.000000
tx 199 r 9.000000 c 59.000000
tx 200 r 10.000000 c 56.000000
tx 201 r 10.000000 c 57.000000
tx 202 r 10.000000 c 58.000000
tx 203 r 10.000000 c 59.000000
tx 204 r 11.000000 c 56.000000
tx 205 r 11.000000 c 57.000000
tx 206 r 11.000000 c 58.000000
tx 207 r 11.000000 c 59.000000
tx 208 r 12.000000 c 56.000000
tx 209 r 12.000000 c 57.000000
tx 210 r 12.000000 c 58.000000
tx 211 r 12.000000 c 59.000000
tx 212 r 13.000000 c 56.000000
tx 213 r 13.000000 c 57.000000
tx 214 r 13.000000 c 58.000000
tx 215 r 13.000000 c 59.000000
tx 216 r 14.000000 c 56.000000
tx 217 r 14.000000 c 57.000000
tx 218 r 14.000000 c 58.000000
tx 219 r 14.000000 c 59.000000
tx 220 r 15.000000 c 56.000000
tx 221 r 15.000000 c 57.000000
tx 222 r 15.000000 c 58.000000
tx 223 r 15.000000 c 59.000000
tx 64 r 8.000000 c 56.000000
tx 65 r 8.000000 c 57.000000
tx 66 r 8.000000 c 58.000000
tx 67 r 8.000000 c 59.000000
tx 68 r 9.000000 c 56.000000
tx 69 r 9.000000 c 57.000000
tx 70 r 9.000000 c 58.000000
tx 71 r 9.000000 c 59.000000
tx 72 r 10.000000 c 56.000000
tx 73 r 10.000000 c 57.000000
tx 74 r 10.000000 c 58.000000
tx 75 r 10.000000 c 59.000000
tx 76 r 11.000000 c 56.000000
tx 77 r 11.000000 c 57.000000
tx 78 r 11.000000 c 58.000000
tx 79 r 11.000000 c 59.000000
tx 80 r 12.000000 c 56.000000
tx 81 r 12.000000 c 57.000000
tx 82 r 12.000000 c 58.000000
tx 83 r 12.000000 c 59.000000
tx 84 r 13.000000 c 56.000000
tx 85 r 13.000000 c 57.000000
tx 86 r 13.000000 c 58.000000
tx 87 r 13.000000 c 59.000000
tx 88 r 14.000000 c 56.000000
tx 89 r 14.000000 c 57.000000
tx 90 r 14.000000 c 58.000000
tx 91 r 14.000000 c 59.000000
tx 92 r 15.000000 c 56.000000
tx 93 r 15.000000 c 57.000000
tx 94 r 15.000000 c 58.000000
tx 95 r 15.000000 c 59.000000
tx 160 r 40.000000 c 56.000000
tx 161 r 40.000000 c 57.000000
tx 162 r 40.000000 c 58.000000
tx 163 r 40.000000 c 59.000000
tx 164 r 41.000000 c 56.000000
tx 165 r 41.000000 c 57.000000
tx 166 r 41.000000 c 58.000000
tx 167 r 41.000000 c 59.000000
tx 168 r 42.000000 c 56.000000
tx 169 r 42.000000 c 57.000000
tx 170 r 42.000000 c 58.000000
tx 171 r 42.000000 c 59.000000
tx 172 r 43.000000 c 56.000000
tx 173 r 43.000000 c 57.000000
tx 174 r 43.000000 c 58.000000
tx 175 r 43.000000 c 59.000000
tx 176 r 44.000000 c 56.000000
tx 177 r 44.000000 c 57.000000
tx 178 r 44.000000 c 58.000000
tx 179 r 44.000000 c 59.000000
tx 180 r 45.000000 c 56.000000
tx 181 r 45.000000 c 57.000000
tx 182 r 45.000000 c 58.000000
tx 183 r 45.000000 c 59.000000
tx 184 r 46.000000 c 56.000000
tx 185 r 46.000000 c 57.000000
tx 186 r 46.000000 c 58.000000
tx 187 r 46.000000 c 59.000000
tx 188 r 47.000000 c 56.000000
tx 189 r 47.000000 c 57.000000
tx 190 r 47.000000 c 58.000000
tx 191 r 47.000000 c 59.000000
tx 0 r 8.000000 c 56.000000
tx 1 r 8.000000 c 57.000000
tx 2 r 8.000000 c 58.000000
tx 3 r 8.000000 c 59.000000
tx 4 r 9.000000 c 56.000000
tx 5 r 9.000000 c 57.000000
tx 6 r 9.000000 c 58.000000
tx 7 r 9.000000 c 59.000000
tx 8 r 10.000000 c 56.000000
tx 9 r 10.000000 c 57.000000
tx 10 r 10.000000 c 58.000000
tx 11 r 10.000000 c 59.000000
tx 12 r 11.000000 c 56.000000
tx 13 r 11.000000 c 57.000000
tx 14 r 11.000000 c 58.000000
tx 15 r 11.000000 c 59.000000
tx 16 r 12.000000 c 56.000000
tx 17 r 12.000000 c 57.000000
tx 18 r 12.000000 c 58.000000
tx 19 r 12.000000 c 59.000000
tx 20 r 13.000000 c 56.000000
tx 21 r 13.000000 c 57.000000
tx 22 r 13.000000 c 58.000000
tx 23 r 13.000000 c 59.000000
tx 24 r 14.000000 c 56.000000
tx 25 r 14.000000 c 57.000000
tx 26 r 14.000000 c 58.000000
tx 27 r 14.000000 c 59.000000
tx 28 r 15.000000 c 56.000000
tx 29 r 15.000000 c 57.000000
tx 30 r 15.000000 c 58.000000
tx 31 r 15.000000 c 59.000000
tx 128 r 8.000000 c 56.000000
tx 129 r 8.000000 c 57.000000
tx 130 r 8.000000 c 58.000000
tx 131 r 8.000000 c 59.000000
tx 132 r 9.000000 c 56.000000
tx 133 r 9.000000 c 57.000000
tx 134 r 9.000000 c 58.000000
tx 135 r 9.000000 c 59.000000
tx 136 r 10.000000 c 56.000000
tx 137 r 10.000000 c 57.000000
tx 138 r 10.000000 c 58.000000
tx 139 r 10.000000 c 59.000000
tx 140 r 11.000000 c 56.000000
tx 141 r 11.000000 c 57.000000
tx 142 r 11.000000 c 58.000000
tx 143 r 11.000000 c 59.000000
tx 144 r 12.000000 c 56.000000
tx 145 r 12.000000 c 57.000000
tx 146 r 12.000000 c 58.000000
tx 147 r 12.000000 c 59.000000
tx 148 r 13.000000 c 56.000000
tx 149 r 13.000000 c 57.000000
tx 150 r 13.000000 c 58.000000
tx 151 r 13.000000 c 59.000000
tx 152 r 14.000000 c 56.000000
tx 153 r 14.000000 c 57.000000
tx 154 r 14.000000 c 58.000000
tx 155 r 14.000000 c 59.000000
tx 156 r 15.000000 c 56.000000
tx 157 r 15.000000 c 57.000000
tx 158 r 15.000000 c 58.000000
tx 159 r 15.000000 c 59.000000
tx 224 r 40.000000 c 56.000000
tx 225 r 40.000000 c 57.000000
tx 226 r 40.000000 c 58.000000
tx 227 r 40.000000 c 59.000000
tx 228 r 41.000000 c 56.000000
tx 229 r 41.000000 c 57.000000
tx 230 r 41.000000 c 58.000000
tx 231 r 41.000000 c 59.000000
tx 232 r 42.000000 c 56.000000
tx 233 r 42.000000 c 57.000000
tx 234 r 42.000000 c 58.000000
tx 235 r 42.000000 c 59.000000
tx 236 r 43.000000 c 56.000000
tx 237 r 43.000000 c 57.000000
tx 238 r 43.000000 c 58.000000
tx 239 r 43.000000 c 59.000000
tx 240 r 44.000000 c 56.000000
tx 241 r 44.000000 c 57.000000
tx 242 r 44.000000 c 58.000000
tx 243 r 44.000000 c 59.000000
tx 244 r 45.000000 c 56.000000
tx 245 r 45.000000 c 57.000000
tx 246 r 45.000000 c 58.000000
tx 247 r 45.000000 c 59.000000
tx 248 r 46.000000 c 56.000000
tx 249 r 46.000000 c 57.000000
tx 250 r 46.000000 c 58.000000
tx 251 r 46.000000 c 59.000000
tx 252 r 47.000000 c 56.000000
tx 253 r 47.000000 c 57.000000
tx 254 r 47.000000 c 58.000000
tx 255 r 47.000000 c 59.000000
tx 96 r 40.000000 c 56.000000
tx 97 r 40.000000 c 57.000000
tx 98 r 40.000000 c 58.000000
tx 99 r 40.000000 c 59.000000
tx 100 r 41.000000 c 56.000000
tx 101 r 41.000000 c 57.000000
tx 102 r 41.000000 c 58.000000
tx 103 r 41.000000 c 59.000000
tx 104 r 42.000000 c 56.000000
tx 105 r 42.000000 c 57.000000
tx 106 r 42.000000 c 58.000000
tx 107 r 42.000000 c 59.000000
tx 108 r 43.000000 c 56.000000
tx 109 r 43.000000 c 57.000000
tx 110 r 43.000000 c 58.000000
tx 111 r 43.000000 c 59.000000
tx 112 r 44.000000 c 56.000000
tx 113 r 44.000000 c 57.000000
tx 114 r 44.000000 c 58.000000
tx 115 r 44.000000 c 59.000000
tx 116 r 45.000000 c 56.000000
tx 117 r 45.000000 c 57.000000
tx 118 r 45.000000 c 58.000000
tx 119 r 45.000000 c 59.000000
tx 120 r 46.000000 c 56.000000
tx 121 r 46.000000 c 57.000000
tx 122 r 46.000000 c 58.000000
tx 123 r 46.000000 c 59.000000
tx 124 r 47.000000 c 56.000000
tx 125 r 47.000000 c 57.000000
tx 126 r 47.000000 c 58.000000
tx 127 r 47.000000 c 59.000000
tx 32 r 40.000000 c 56.000000
tx 33 r 40.000000 c 57.000000
tx 34 r 40.000000 c 58.000000
tx 35 r 40.000000 c 59.000000
tx 36 r 41.000000 c 56.000000
tx 37 r 41.000000 c 57.000000
tx 38 r 41.000000 c 58.000000
tx 39 r 41.000000 c 59.000000
tx 40 r 42.000000 c 56.000000
tx 41 r 42.000000 c 57.000000
tx 42 r 42.000000 c 58.000000
tx 43 r 42.000000 c 59.000000
tx 44 r 43.000000 c 56.000000
tx 45 r 43.000000 c 57.000000
tx 46 r 43.000000 c 58.000000
tx 47 r 43.000000 c 59.000000
tx 48 r 44.000000 c 56.000000
tx 49 r 44.000000 c 57.000000
tx 50 r 44.000000 c 58.000000
tx 51 r 44.000000 c 59.000000
tx 52 r 45.000000 c 56.000000
tx 53 r 45.000000 c 57.000000
tx 54 r 45.000000 c 58.000000
tx 55 r 45.000000 c 59.000000
tx 56 r 46.000000 c 56.000000
tx 57 r 46.000000 c 57.000000
tx 58 r 46.000000 c 58.000000
tx 59 r 46.000000 c 59.000000
tx 60 r 47.000000 c 56.000000
tx 61 r 47.000000 c 57.000000
tx 62 r 47.000000 c 58.000000
tx 63 r 47.000000 c 59.000000
tx 192 r 16.000000 c 56.000000
tx 193 r 16.000000 c 57.000000
tx 194 r 16.000000 c 58.000000
tx 195 r 16.000000 c 59.000000
tx 196 r 17.000000 c 56.000000
tx 197 r 17.000000 c 57.000000
tx 198 r 17.000000 c 58.000000
tx 199 r 17.000000 c 59.000000
tx 200 r 18.000000 c 56.000000
tx 201 r 18.000000 c 57.000000
tx 202 r 18.000000 c 58.000000
tx 203 r 18.000000 c 59.000000
tx 204 r 19.000000 c 56.000000
tx 205 r 19.000000 c 57.000000
tx 206 r 19.000000 c 58.000000
tx 207 r 19.000000 c 59.000000
tx 208 r 20.000000 c 56.000000
tx 209 r 20.000000 c 57.000000
tx 210 r 20.000000 c 58.000000
tx 211 r 20.000000 c 59.000000
tx 212 r 21.000000 c 56.000000
tx 213 r 21.000000 c 57.000000
tx 214 r 21.000000 c 58.000000
tx 215 r 21.000000 c 59.000000
tx 216 r 22.000000 c 56.000000
tx 217 r 22.000000 c 57.000000
tx 218 r 22.000000 c 58.000000
tx 219 r 22.000000 c 59.000000
tx 220 r 23.000000 c 56.000000
tx 221 r 23.000000 c 57.000000
tx 222 r 23.000000 c 58.000000
tx 223 r 23.000000 c 59.000000
tx 160 r 48.000000 c 56.000000
tx 161 r 48.000000 c 57.000000
tx 162 r 48.000000 c 58.000000
tx 163 r 48.000000 c 59.000000
tx 164 r 49.000000 c 56.000000
tx 165 r 49.000000 c 57.000000
tx 166 r 49.000000 c 58.000000
tx 167 r 49.000000 c 59.000000
tx 168 r 50.000000 c 56.000000
tx 169 r 50.000000 c 57.000000
tx 170 r 50.000000 c 58.000000
tx 171 r 50.000000 c 59.000000
tx 172 r 51.000000 c 56.000000
tx 173 r 51.000000 c 57.000000
tx 174 r 51.000000 c 58.000000
tx 175 r 51.000000 c 59.000000
tx 176 r 52.000000 c 56.000000
tx 177 r 52.000000 c 57.000000
tx 178 r 52.000000 c 58.000000
tx 179 r 52.000000 c 59.000000
tx 180 r 53.000000 c 56.000000
tx 181 r 53.000000 c 57.000000
tx 182 r 53.000000 c 58.000000
tx 183 r 53.000000 c 59.000000
tx 184 r 54.000000 c 56.000000
tx 185 r 54.000000 c 57.000000
tx 186 r 54.000000 c 58.000000
tx 187 r 54.000000 c 59.000000
tx 188 r 55.000000 c 56.000000
tx 189 r 55.000000 c 57.000000
tx 190 r 55.000000 c 58.000000
tx 191 r 55.000000 c 59.000000
tx 0 r 16.000000 c 56.000000
tx 1 r 16.000000 c 57.000000
tx 2 r 16.000000 c 58.000000
tx 3 r 16.000000 c 59.000000
tx 4 r 17.000000 c 56.000000
tx 5 r 17.000000 c 57.000000
tx 6 r 17.000000 c 58.000000
tx 7 r 17.000000 c 59.000000
tx 8 r 18.000000 c 56.000000
tx 9 r 18.000000 c 57.000000
tx 10 r 18.000000 c 58.000000
tx 11 r 18.000000 c 59.000000
tx 12 r 19.000000 c 56.000000
tx 13 r 19.000000 c 57.000000
tx 14 r 19.000000 c 58.000000
tx 15 r 19.000000 c 59.000000
tx 16 r 20.000000 c 56.000000
tx 17 r 20.000000 c 57.000000
tx 18 r 20.000000 c 58.000000
tx 19 r 20.000000 c 59.000000
tx 20 r 21.000000 c 56.000000
tx 21 r 21.000000 c 57.000000
tx 22 r 21.000000 c 58.000000
tx 23 r 21.000000 c 59.000000
tx 24 r 22.000000 c 56.000000
tx 25 r 22.000000 c 57.000000
tx 26 r 22.000000 c 58.000000
tx 27 r 22.000000 c 59.000000
tx 28 r 23.000000 c 56.000000
tx 29 r 23.000000 c 57.000000
tx 30 r 23.000000 c 58.000000
tx 31 r 23.000000 c 59.000000
tx 64 r 16.000000 c 56.000000
tx 65 r 16.000000 c 57.000000
tx 66 r 16.000000 c 58.000000
tx 67 r 16.000000 c 59.000000
tx 68 r 17.000000 c 56.000000
tx 69 r 17.000000 c 57.000000
tx 70 r 17.000000 c 58.000000
tx 71 r 17.000000 c 59.000000
tx 72 r 18.000000 c 56.000000
tx 73 r 18.000000 c 57.000000
tx 74 r 18.000000 c 58.000000
tx 75 r 18.000000 c 59.000000
tx 76 r 19.000000 c 56.000000
tx 77 r 19.000000 c 57.000000
tx 78 r 19.000000 c 58.000000
tx 79 r 19.000000 c 59.000000
tx 80 r 20.000000 c 56.000000
tx 81 r 20.000000 c 57.000000
tx 82 r 20.000000 c 58.000000
tx 83 r 20.000000 c 59.000000
tx 84 r 21.000000 c 56.000000
tx 85 r 21.000000 c 57.000000
tx 86 r 21.000000 c 58.000000
tx 87 r 21.000000 c 59.000000
tx 88 r 22.000000 c 56.000000
tx 89 r 22.000000 c 57.000000
tx 90 r 22.000000 c 58.000000
tx 91 r 22.000000 c 59.000000
tx 92 r 23.000000 c 56.000000
tx 93 r 23.000000 c 57.000000
tx 94 r 23.000000 c 58.000000
tx 95 r 23.000000 c 59.000000
tx 224 r 48.000000 c 56.000000
tx 225 r 48.000000 c 57.000000
tx 226 r 48.000000 c 58.000000
tx 227 r 48.000000 c 59.000000
tx 228 r 49.000000 c 56.000000
tx 229 r 49.000000 c 57.000000
tx 230 r 49.000000 c 58.000000
tx 231 r 49.000000 c 59.000000
tx 232 r 50.000000 c 56.000000
tx 233 r 50.000000 c 57.000000
tx 234 r 50.000000 c 58.000000
tx 235 r 50.000000 c 59.000000
tx 236 r 51.000000 c 56.000000
tx 237 r 51.000000 c 57.000000
tx 238 r 51.000000 c 58.000000
tx 239 r 51.000000 c 59.000000
tx 240 r 52.000000 c 56.000000
tx 241 r 52.000000 c 57.000000
tx 242 r 52.000000 c 58.000000
tx 243 r 52.000000 c 59.000000
tx 244 r 53.000000 c 56.000000
tx 245 r 53.000000 c 57.000000
tx 246 r 53.000000 c 58.000000
tx 247 r 53.000000 c 59.000000
tx 248 r 54.000000 c 56.000000
tx 249 r 54.000000 c 57.000000
tx 250 r 54.000000 c 58.000000
tx 251 r 54.000000 c 59.000000
tx 252 r 55.000000 c 56.000000
tx 253 r 55.000000 c 57.000000
tx 254 r 55.000000 c 58.000000
tx 255 r 55.000000 c 59.000000
tx 32 r 48.000000 c 56.000000
tx 33 r 48.000000 c 57.000000
tx 34 r 48.000000 c 58.000000
tx 35 r 48.000000 c 59.000000
tx 36 r 49.000000 c 56.000000
tx 37 r 49.000000 c 57.000000
tx 38 r 49.000000 c 58.000000
tx 39 r 49.000000 c 59.000000
tx 40 r 50.000000 c 56.000000
tx 41 r 50.000000 c 57.000000
tx 42 r 50.000000 c 58.000000
tx 43 r 50.000000 c 59.000000
tx 44 r 51.000000 c 56.000000
tx 45 r 51.000000 c 57.000000
tx 46 r 51.000000 c 58.000000
tx 47 r 51.000000 c 59.000000
tx 48 r 52.000000 c 56.000000
tx 49 r 52.000000 c 57.000000
tx 50 r 52.000000 c 58.000000
tx 51 r 52.000000 c 59.000000
tx 52 r 53.000000 c 56.000000
tx 53 r 53.000000 c 57.000000
tx 54 r 53.000000 c 58.000000
tx 55 r 53.000000 c 59.000000
tx 56 r 54.000000 c 56.000000
tx 57 r 54.000000 c 57.000000
tx 58 r 54.000000 c 58.000000
tx 59 r 54.000000 c 59.000000
tx 60 r 55.000000 c 56.000000
tx 61 r 55.000000 c 57.000000
tx 62 r 55.000000 c 58.000000
tx 63 r 55.000000 c 59.000000
tx 96 r 48.000000 c 56.000000
tx 97 r 48.000000 c 57.000000
tx 98 r 48.000000 c 58.000000
tx 99 r 48.000000 c 59.000000
tx 100 r 49.000000 c 56.000000
tx 101 r 49.000000 c 57.000000
tx 102 r 49.000000 c 58.000000
tx 103 r 49.000000 c 59.000000
tx 104 r 50.000000 c 56.000000
tx 105 r 50.000000 c 57.000000
tx 106 r 50.000000 c 58.000000
tx 107 r 50.000000 c 59.000000
tx 108 r 51.000000 c 56.000000
tx 109 r 51.000000 c 57.000000
tx 110 r 51.000000 c 58.000000
tx 111 r 51.000000 c 59.000000
tx 112 r 52.000000 c 56.000000
tx 113 r 52.000000 c 57.000000
tx 114 r 52.000000 c 58.000000
tx 115 r 52.000000 c 59.000000
tx 116 r 53.000000 c 56.000000
tx 117 r 53.000000 c 57.000000
tx 118 r 53.000000 c 58.000000
tx 119 r 53.000000 c 59.000000
tx 120 r 54.000000 c 56.000000
tx 121 r 54.000000 c 57.000000
tx 122 r 54.000000 c 58.000000
tx 123 r 54.000000 c 59.000000
tx 124 r 55.000000 c 56.000000
tx 125 r 55.000000 c 57.000000
tx 126 r 55.000000 c 58.000000
tx 127 r 55.000000 c 59.000000
tx 128 r 16.000000 c 56.000000
tx 129 r 16.000000 c 57.000000
tx 130 r 16.000000 c 58.000000
tx 131 r 16.000000 c 59.000000
tx 132 r 17.000000 c 56.000000
tx 133 r 17.000000 c 57.000000
tx 134 r 17.000000 c 58.000000
tx 135 r 17.000000 c 59.000000
tx 136 r 18.000000 c 56.000000
tx 137 r 18.000000 c 57.000000
tx 138 r 18.000000 c 58.000000
tx 139 r 18.000000 c 59.000000
tx 140 r 19.000000 c 56.000000
tx 141 r 19.000000 c 57.000000
tx 142 r 19.000000 c 58.000000
tx 143 r 19.000000 c 59.000000
tx 144 r 20.000000 c 56.000000
tx 145 r 20.000000 c 57.000000
tx 146 r 20.000000 c 58.000000
tx 147 r 20.000000 c 59.000000
tx 148 r 21.000000 c 56.000000
tx 149 r 21.000000 c 57.000000
tx 150 r 21.000000 c 58.000000
tx 151 r 21.000000 c 59.000000
tx 152 r 22.000000 c 56.000000
tx 153 r 22.000000 c 57.000000
tx 154 r 22.000000 c 58.000000
tx 155 r 22.000000 c 59.000000
tx 156 r 23.000000 c 56.000000
tx 157 r 23.000000 c 57.000000
tx 158 r 23.000000 c 58.000000
tx 159 r 23.000000 c 59.000000
tx 192 r 24.000000 c 56.000000
tx 193 r 24.000000 c 57.000000
tx 194 r 24.000000 c 58.000000
tx 195 r 24.000000 c 59.000000
tx 196 r 25.000000 c 56.000000
tx 197 r 25.000000 c 57.000000
tx 198 r 25.000000 c 58.000000
tx 199 r 25.000000 c 59.000000
tx 200 r 26.000000 c 56.000000
tx 201 r 26.000000 c 57.000000
tx 202 r 26.000000 c 58.000000
tx 203 r 26.000000 c 59.000000
tx 204 r 27.000000 c 56.000000
tx 205 r 27.000000 c 57.000000
tx 206 r 27.000000 c 58.000000
tx 207 r 27.000000 c 59.000000
tx 208 r 28.000000 c 56.000000
tx 209 r 28.000000 c 57.000000
tx 210 r 28.000000 c 58.000000
tx 211 r 28.000000 c 59.000000
tx 212 r 29.000000 c 56.000000
tx 213 r 29.000000 c 57.000000
tx 214 r 29.000000 c 58.000000
tx 215 r 29.000000 c 59.000000
tx 216 r 30.000000 c 56.000000
tx 217 r 30.000000 c 57.000000
tx 218 r 30.000000 c 58.000000
tx 219 r 30.000000 c 59.000000
tx 220 r 31.000000 c 56.000000
tx 221 r 31.000000 c 57.000000
tx 222 r 31.000000 c 58.000000
tx 223 r 31.000000 c 59.000000
tx 64 r 24.000000 c 56.000000
tx 65 r 24.000000 c 57.000000
tx 66 r 24.000000 c 58.000000
tx 67 r 24.000000 c 59.000000
tx 68 r 25.000000 c 56.000000
tx 69 r 25.000000 c 57.000000
tx 70 r 25.000000 c 58.000000
tx 71 r 25.000000 c 59.000000
tx 72 r 26.000000 c 56.000000
tx 73 r 26.000000 c 57.000000
tx 74 r 26.000000 c 58.000000
tx 75 r 26.000000 c 59.000000
tx 76 r 27.000000 c 56.000000
tx 77 r 27.000000 c 57.000000
tx 78 r 27.000000 c 58.000000
tx 79 r 27.000000 c 59.000000
tx 80 r 28.000000 c 56.000000
tx 81 r 28.000000 c 57.000000
tx 82 r 28.000000 c 58.000000
tx 83 r 28.000000 c 59.000000
tx 84 r 29.000000 c 56.000000
tx 85 r 29.000000 c 57.000000
tx 86 r 29.000000 c 58.000000
tx 87 r 29.000000 c 59.000000
tx 88 r 30.000000 c 56.000000
tx 89 r 30.000000 c 57.000000
tx 90 r 30.000000 c 58.000000
tx 91 r 30.000000 c 59.000000
tx 92 r 31.000000 c 56.000000
tx 93 r 31.000000 c 57.000000
tx 94 r 31.000000 c 58.000000
tx 95 r 31.000000 c 59.000000
tx 96 r 56.000000 c 56.000000
tx 97 r 56.000000 c 57.000000
tx 98 r 56.000000 c 58.000000
tx 99 r 56.000000 c 59.000000
tx 100 r 57.000000 c 56.000000
tx 101 r 57.000000 c 57.000000
tx 102 r 57.000000 c 58.000000
tx 103 r 57.000000 c 59.000000
tx 104 r 58.000000 c 56.000000
tx 105 r 58.000000 c 57.000000
tx 106 r 58.000000 c 58.000000
tx 107 r 58.000000 c 59.000000
tx 108 r 59.000000 c 56.000000
tx 109 r 59.000000 c 57.000000
tx 110 r 59.000000 c 58.000000
tx 111 r 59.000000 c 59.000000
tx 112 r 60.000000 c 56.000000
tx 113 r 60.000000 c 57.000000
tx 114 r 60.000000 c 58.000000
tx 115 r 60.000000 c 59.000000
tx 116 r 61.000000 c 56.000000
tx 117 r 61.000000 c 57.000000
tx 118 r 61.000000 c 58.000000
tx 119 r 61.000000 c 59.000000
tx 120 r 62.000000 c 56.000000
tx 121 r 62.000000 c 57.000000
tx 122 r 62.000000 c 58.000000
tx 123 r 62.000000 c 59.000000
tx 124 r 63.000000 c 56.000000
tx 125 r 63.000000 c 57.000000
tx 126 r 63.000000 c 58.000000
tx 127 r 63.000000 c 59.000000
tx 0 r 24.000000 c 56.000000
tx 1 r 24.000000 c 57.000000
tx 2 r 24.000000 c 58.000000
tx 3 r 24.000000 c 59.000000
tx 4 r 25.000000 c 56.000000
tx 5 r 25.000000 c 57.000000
tx 6 r 25.000000 c 58.000000
tx 7 r 25.000000 c 59.000000
tx 8 r 26.000000 c 56.000000
tx 9 r 26.000000 c 57.000000
tx 10 r 26.000000 c 58.000000
tx 11 r 26.000000 c 59.000000
tx 12 r 27.000000 c 56.000000
tx 13 r 27.000000 c 57.000000
tx 14 r 27.000000 c 58.000000
tx 15 r 27.000000 c 59.000000
tx 16 r 28.000000 c 56.000000
tx 17 r 28.000000 c 57.000000
tx 18 r 28.000000 c 58.000000
tx 19 r 28.000000 c 59.000000
tx 20 r 29.000000 c 56.000000
tx 21 r 29.000000 c 57.000000
tx 22 r 29.000000 c 58.000000
tx 23 r 29.000000 c 59.000000
tx 24 r 30.000000 c 56.000000
tx 25 r 30.000000 c 57.000000
tx 26 r 30.000000 c 58.000000
tx 27 r 30.000000 c 59.000000
tx 28 r 31.000000 c 56.000000
tx 29 r 31.000000 c 57.000000
tx 30 r 31.000000 c 58.000000
tx 31 r 31.000000 c 59.000000
tx 224 r 56.000000 c 56.000000
tx 225 r 56.000000 c 57.000000
tx 226 r 56.000000 c 58.000000
tx 227 r 56.000000 c 59.000000
tx 228 r 57.000000 c 56.000000
tx 229 r 57.000000 c 57.000000
tx 230 r 57.000000 c 58.000000
tx 231 r 57.000000 c 59.000000
tx 232 r 58.000000 c 56.000000
tx 233 r 58.000000 c 57.000000
tx 234 r 58.000000 c 58.000000
tx 235 r 58.000000 c 59.000000
tx 236 r 59.000000 c 56.000000
tx 237 r 59.000000 c 57.000000
tx 238 r 59.000000 c 58.000000
tx 239 r 59.000000 c 59.000000
tx 240 r 60.000000 c 56.000000
tx 241 r 60.000000 c 57.000000
tx 242 r 60.000000 c 58.000000
tx 243 r 60.000000 c 59.000000
tx 244 r 61.000000 c 56.000000
tx 245 r 61.000000 c 57.000000
tx 246 r 61.000000 c 58.000000
tx 247 r 61.000000 c 59.000000
tx 248 r 62.000000 c 56.000000
tx 249 r 62.000000 c 57.000000
tx 250 r 62.000000 c 58.000000
tx 251 r 62.000000 c 59.000000
tx 252 r 63.000000 c 56.000000
tx 253 r 63.000000 c 57.000000
tx 254 r 63.000000 c 58.000000
tx 255 r 63.000000 c 59.000000
tx 32 r 56.000000 c 56.000000
tx 33 r 56.000000 c 57.000000
tx 34 r 56.000000 c 58.000000
tx 35 r 56.000000 c 59.000000
tx 36 r 57.000000 c 56.000000
tx 37 r 57.000000 c 57.000000
tx 38 r 57.000000 c 58.000000
tx 39 r 57.000000 c 59.000000
tx 40 r 58.000000 c 56.000000
tx 41 r 58.000000 c 57.000000
tx 42 r 58.000000 c 58.000000
tx 43 r 58.000000 c 59.000000
tx 44 r 59.000000 c 56.000000
tx 45 r 59.000000 c 57.000000
tx 46 r 59.000000 c 58.000000
tx 47 r 59.000000 c 59.000000
tx 48 r 60.000000 c 56.000000
tx 49 r 60.000000 c 57.000000
tx 50 r 60.000000 c 58.000000
tx 51 r 60.000000 c 59.000000
tx 52 r 61.000000 c 56.000000
tx 53 r 61.000000 c 57.000000
tx 54 r 61.000000 c 58.000000
tx 55 r 61.000000 c 59.000000
tx 56 r 62.000000 c 56.000000
tx 57 r 62.000000 c 57.000000
tx 58 r 62.000000 c 58.000000
tx 59 r 62.000000 c 59.000000
tx 60 r 63.000000 c 56.000000
tx 61 r 63.000000 c 57.000000
tx 62 r 63.000000 c 58.000000
tx 63 r 63.000000 c 59.000000
tx 160 r 56.000000 c 56.000000
tx 161 r 56.000000 c 57.000000
tx 162 r 56.000000 c 58.000000
tx 163 r 56.000000 c 59.000000
tx 164 r 57.000000 c 56.000000
tx 165 r 57.000000 c 57.000000
tx 166 r 57.000000 c 58.000000
tx 167 r 57.000000 c 59.000000
tx 168 r 58.000000 c 56.000000
tx 169 r 58.000000 c 57.000000
tx 170 r 58.000000 c 58.000000
tx 171 r 58.000000 c 59.000000
tx 172 r 59.000000 c 56.000000
tx 173 r 59.000000 c 57.000000
tx 174 r 59.000000 c 58.000000
tx 175 r 59.000000 c 59.000000
tx 176 r 60.000000 c 56.000000
tx 177 r 60.000000 c 57.000000
tx 178 r 60.000000 c 58.000000
tx 179 r 60.000000 c 59.000000
tx 180 r 61.000000 c 56.000000
tx 181 r 61.000000 c 57.000000
tx 182 r 61.000000 c 58.000000
tx 183 r 61.000000 c 59.000000
tx 184 r 62.000000 c 56.000000
tx 185 r 62.000000 c 57.000000
tx 186 r 62.000000 c 58.000000
tx 187 r 62.000000 c 59.000000
tx 188 r 63.000000 c 56.000000
tx 189 r 63.000000 c 57.000000
tx 190 r 63.000000 c 58.000000
tx 191 r 63.000000 c 59.000000
tx 128 r 24.000000 c 56.000000
tx 129 r 24.000000 c 57.000000
tx 130 r 24.000000 c 58.000000
tx 131 r 24.000000 c 59.000000
tx 132 r 25.000000 c 56.000000
tx 133 r 25.000000 c 57.000000
tx 134 r 25.000000 c 58.000000
tx 135 r 25.000000 c 59.000000
tx 136 r 26.000000 c 56.000000
tx 137 r 26.000000 c 57.000000
tx 138 r 26.000000 c 58.000000
tx 139 r 26.000000 c 59.000000
tx 140 r 27.000000 c 56.000000
tx 141 r 27.000000 c 57.000000
tx 142 r 27.000000 c 58.000000
tx 143 r 27.000000 c 59.000000
tx 144 r 28.000000 c 56.000000
tx 145 r 28.000000 c 57.000000
tx 146 r 28.000000 c 58.000000
tx 147 r 28.000000 c 59.000000
tx 148 r 29.000000 c 56.000000
tx 149 r 29.000000 c 57.000000
tx 150 r 29.000000 c 58.000000
tx 151 r 29.000000 c 59.000000
tx 152 r 30.000000 c 56.000000
tx 153 r 30.000000 c 57.000000
tx 154 r 30.000000 c 58.000000
tx 155 r 30.000000 c 59.000000
tx 156 r 31.000000 c 56.000000
tx 157 r 31.000000 c 57.000000
tx 158 r 31.000000 c 58.000000
tx 159 r 31.000000 c 59.000000
tx 192 r 0.000000 c 56.000000
tx 193 r 0.000000 c 57.000000
tx 194 r 0.000000 c 58.000000
tx 195 r 0.000000 c 59.000000
tx 196 r 1.000000 c 56.000000
tx 197 r 1.000000 c 57.000000
tx 198 r 1.000000 c 58.000000
tx 199 r 1.000000 c 59.000000
tx 200 r 2.000000 c 56.000000
tx 201 r 2.000000 c 57.000000
tx 202 r 2.000000 c 58.000000
tx 203 r 2.000000 c 59.000000
tx 204 r 3.000000 c 56.000000
tx 205 r 3.000000 c 57.000000
tx 206 r 3.000000 c 58.000000
tx 207 r 3.000000 c 59.000000
tx 208 r 4.000000 c 56.000000
tx 209 r 4.000000 c 57.000000
tx 210 r 4.000000 c 58.000000
tx 211 r 4.000000 c 59.000000
tx 212 r 5.000000 c 56.000000
tx 213 r 5.000000 c 57.000000
tx 214 r 5.000000 c 58.000000
tx 215 r 5.000000 c 59.000000
tx 216 r 6.000000 c 56.000000
tx 217 r 6.000000 c 57.000000
tx 218 r 6.000000 c 58.000000
tx 219 r 6.000000 c 59.000000
tx 220 r 7.000000 c 56.000000
tx 221 r 7.000000 c 57.000000
tx 222 r 7.000000 c 58.000000
tx 223 r 7.000000 c 59.000000
tx 64 r 0.000000 c 56.000000
tx 65 r 0.000000 c 57.000000
tx 66 r 0.000000 c 58.000000
tx 67 r 0.000000 c 59.000000
tx 68 r 1.000000 c 56.000000
tx 69 r 1.000000 c 57.000000
tx 70 r 1.000000 c 58.000000
tx 71 r 1.000000 c 59.000000
tx 72 r 2.000000 c 56.000000
tx 73 r 2.000000 c 57.000000
tx 74 r 2.000000 c 58.000000
tx 75 r 2.000000 c 59.000000
tx 76 r 3.000000 c 56.000000
tx 77 r 3.000000 c 57.000000
tx 78 r 3.000000 c 58.000000
tx 79 r 3.000000 c 59.000000
tx 80 r 4.000000 c 56.000000
tx 81 r 4.000000 c 57.000000
tx 82 r 4.000000 c 58.000000
tx 83 r 4.000000 c 59.000000
tx 84 r 5.000000 c 56.000000
tx 85 r 5.000000 c 57.000000
tx 86 r 5.000000 c 58.000000
tx 87 r 5.000000 c 59.000000
tx 88 r 6.000000 c 56.000000
tx 89 r 6.000000 c 57.000000
tx 90 r 6.000000 c 58.000000
tx 91 r 6.000000 c 59.000000
tx 92 r 7.000000 c 56.000000
tx 93 r 7.000000 c 57.000000
tx 94 r 7.000000 c 58.000000
tx 95 r 7.000000 c 59.000000
tx 96 r 32.000000 c 56.000000
tx 97 r 32.000000 c 57.000000
tx 98 r 32.000000 c 58.000000
tx 99 r 32.000000 c 59.000000
tx 100 r 33.000000 c 56.000000
tx 101 r 33.000000 c 57.000000
tx 102 r 33.000000 c 58.000000
tx 103 r 33.000000 c 59.000000
tx 104 r 34.000000 c 56.000000
tx 105 r 34.000000 c 57.000000
tx 106 r 34.000000 c 58.000000
tx 107 r 34.000000 c 59.000000
tx 108 r 35.000000 c 56.000000
tx 109 r 35.000000 c 57.000000
tx 110 r 35.000000 c 58.000000
tx 111 r 35.000000 c 59.000000
tx 112 r 36.000000 c 56.000000
tx 113 r 36.000000 c 57.000000
tx 114 r 36.000000 c 58.000000
tx 115 r 36.000000 c 59.000000
tx 116 r 37.000000 c 56.000000
tx 117 r 37.000000 c 57.000000
tx 118 r 37.000000 c 58.000000
tx 119 r 37.000000 c 59.000000
tx 120 r 38.000000 c 56.000000
tx 121 r 38.000000 c 57.000000
tx 122 r 38.000000 c 58.000000
tx 123 r 38.000000 c 59.000000
tx 124 r 39.000000 c 56.000000
tx 125 r 39.000000 c 57.000000
tx 126 r 39.000000 c 58.000000
tx 127 r 39.000000 c 59.000000
tx 160 r 32.000000 c 56.000000
tx 161 r 32.000000 c 57.000000
tx 162 r 32.000000 c 58.000000
tx 163 r 32.000000 c 59.000000
tx 164 r 33.000000 c 56.000000
tx 165 r 33.000000 c 57.000000
tx 166 r 33.000000 c 58.000000
tx 167 r 33.000000 c 59.000000
tx 168 r 34.000000 c 56.000000
tx 169 r 34.000000 c 57.000000
tx 170 r 34.000000 c 58.000000
tx 171 r 34.000000 c 59.000000
tx 172 r 35.000000 c 56.000000
tx 173 r 35.000000 c 57.000000
tx 174 r 35.000000 c 58.000000
tx 175 r 35.000000 c 59.000000
tx 176 r 36.000000 c 56.000000
tx 177 r 36.000000 c 57.000000
tx 178 r 36.000000 c 58.000000
tx 179 r 36.000000 c 59.000000
tx 180 r 37.000000 c 56.000000
tx 181 r 37.000000 c 57.000000
tx 182 r 37.000000 c 58.000000
tx 183 r 37.000000 c 59.000000
tx 184 r 38.000000 c 56.000000
tx 185 r 38.000000 c 57.000000
tx 186 r 38.000000 c 58.000000
tx 187 r 38.000000 c 59.000000
tx 188 r 39.000000 c 56.000000
tx 189 r 39.000000 c 57.000000
tx 190 r 39.000000 c 58.000000
tx 191 r 39.000000 c 59.000000
tx 224 r 32.000000 c 56.000000
tx 225 r 32.000000 c 57.000000
tx 226 r 32.000000 c 58.000000
tx 227 r 32.000000 c 59.000000
tx 228 r 33.000000 c 56.000000
tx 229 r 33.000000 c 57.000000
tx 230 r 33.000000 c 58.000000
tx 231 r 33.000000 c 59.000000
tx 232 r 34.000000 c 56.000000
tx 233 r 34.000000 c 57.000000
tx 234 r 34.000000 c 58.000000
tx 235 r 34.000000 c 59.000000
tx 236 r 35.000000 c 56.000000
tx 237 r 35.000000 c 57.000000
tx 238 r 35.000000 c 58.000000
tx 239 r 35.000000 c 59.000000
tx 240 r 36.000000 c 56.000000
tx 241 r 36.000000 c 57.000000
tx 242 r 36.000000 c 58.000000
tx 243 r 36.000000 c 59.000000
tx 244 r 37.000000 c 56.000000
tx 245 r 37.000000 c 57.000000
tx 246 r 37.000000 c 58.000000
tx 247 r 37.000000 c 59.000000
tx 248 r 38.000000 c 56.000000
tx 249 r 38.000000 c 57.000000
tx 250 r 38.000000 c 58.000000
tx 251 r 38.000000 c 59.000000
tx 252 r 39.000000 c 56.000000
tx 253 r 39.000000 c 57.000000
tx 254 r 39.000000 c 58.000000
tx 255 r 39.000000 c 59.000000
tx 32 r 32.000000 c 56.000000
tx 33 r 32.000000 c 57.000000
tx 34 r 32.000000 c 58.000000
tx 35 r 32.000000 c 59.000000
tx 36 r 33.000000 c 56.000000
tx 37 r 33.000000 c 57.000000
tx 38 r 33.000000 c 58.000000
tx 39 r 33.000000 c 59.000000
tx 40 r 34.000000 c 56.000000
tx 41 r 34.000000 c 57.000000
tx 42 r 34.000000 c 58.000000
tx 43 r 34.000000 c 59.000000
tx 44 r 35.000000 c 56.000000
tx 45 r 35.000000 c 57.000000
tx 46 r 35.000000 c 58.000000
tx 47 r 35.000000 c 59.000000
tx 48 r 36.000000 c 56.000000
tx 49 r 36.000000 c 57.000000
tx 50 r 36.000000 c 58.000000
tx 51 r 36.000000 c 59.000000
tx 52 r 37.000000 c 56.000000
tx 53 r 37.000000 c 57.000000
tx 54 r 37.000000 c 58.000000
tx 55 r 37.000000 c 59.000000
tx 56 r 38.000000 c 56.000000
tx 57 r 38.000000 c 57.000000
tx 58 r 38.000000 c 58.000000
tx 59 r 38.000000 c 59.000000
tx 60 r 39.000000 c 56.000000
tx 61 r 39.000000 c 57.000000
tx 62 r 39.000000 c 58.000000
tx 63 r 39.000000 c 59.000000
tx 0 r 0.000000 c 56.000000
tx 1 r 0.000000 c 57.000000
tx 2 r 0.000000 c 58.000000
tx 3 r 0.000000 c 59.000000
tx 4 r 1.000000 c 56.000000
tx 5 r 1.000000 c 57.000000
tx 6 r 1.000000 c 58.000000
tx 7 r 1.000000 c 59.000000
tx 8 r 2.000000 c 56.000000
tx 9 r 2.000000 c 57.000000
tx 10 r 2.000000 c 58.000000
tx 11 r 2.000000 c 59.000000
tx 12 r 3.000000 c 56.000000
tx 13 r 3.000000 c 57.000000
tx 14 r 3.000000 c 58.000000
tx 15 r 3.000000 c 59.000000
tx 16 r 4.000000 c 56.000000
tx 17 r 4.000000 c 57.000000
tx 18 r 4.000000 c 58.000000
tx 19 r 4.000000 c 59.000000
tx 20 r 5.000000 c 56.000000
tx 21 r 5.000000 c 57.000000
tx 22 r 5.000000 c 58.000000
tx 23 r 5.000000 c 59.000000
tx 24 r 6.000000 c 56.000000
tx 25 r 6.000000 c 57.000000
tx 26 r 6.000000 c 58.000000
tx 27 r 6.000000 c 59.000000
tx 28 r 7.000000 c 56.000000
tx 29 r 7.000000 c 57.000000
tx 30 r 7.000000 c 58.000000
tx 31 r 7.000000 c 59.000000
tx 128 r 0.000000 c 56.000000
tx 129 r 0.000000 c 57.000000
tx 130 r 0.000000 c 58.000000
tx 131 r 0.000000 c 59.000000
tx 132 r 1.000000 c 56.000000
tx 133 r 1.000000 c 57.000000
tx 134 r 1.000000 c 58.000000
tx 135 r 1.000000 c 59.000000
tx 136 r 2.000000 c 56.000000
tx 137 r 2.000000 c 57.000000
tx 138 r 2.000000 c 58.000000
tx 139 r 2.000000 c 59.000000
tx 140 r 3.000000 c 56.000000
tx 141 r 3.000000 c 57.000000
tx 142 r 3.000000 c 58.000000
tx 143 r 3.000000 c 59.000000
tx 144 r 4.000000 c 56.000000
tx 145 r 4.000000 c 57.000000
tx 146 r 4.000000 c 58.000000
tx 147 r 4.000000 c 59.000000
tx 148 r 5.000000 c 56.000000
tx 149 r 5.000000 c 57.000000
tx 150 r 5.000000 c 58.000000
tx 151 r 5.000000 c 59.000000
tx 152 r 6.000000 c 56.000000
tx 153 r 6.000000 c 57.000000
tx 154 r 6.000000 c 58.000000
tx 155 r 6.000000 c 59.000000
tx 156 r 7.000000 c 56.000000
tx 157 r 7.000000 c 57.000000
tx 158 r 7.000000 c 58.000000
tx 159 r 7.000000 c 59.000000
tx 192 r 8.000000 c 56.000000
tx 193 r 8.000000 c 57.000000
tx 194 r 8.000000 c 58.000000
tx 195 r 8.000000 c 59.000000
tx 196 r 9.000000 c 56.000000
tx 197 r 9.000000 c 57.000000
tx 198 r 9.000000 c 58.000000
tx 199 r 9.000000 c 59.000000
tx 200 r 10.000000 c 56.000000
tx 201 r 10.000000 c 57.000000
tx 202 r 10.000000 c 58.000000
tx 203 r 10.000000 c 59.000000
tx 204 r 11.000000 c 56.000000
tx 205 r 11.000000 c 57.000000
tx 206 r 11.000000 c 58.000000
tx 207 r 11.000000 c 59.000000
tx 208 r 12.000000 c 56.000000
tx 209 r 12.000000 c 57.000000
tx 210 r 12.000000 c 58.000000
tx 211 r 12.000000 c 59.000000
tx 212 r 13.000000 c 56.000000
tx 213 r 13.000000 c 57.000000
tx 214 r 13.000000 c 58.000000
tx 215 r 13.000000 c 59.000000
tx 216 r 14.000000 c 56.000000
tx 217 r 14.000000 c 57.000000
tx 218 r 14.000000 c 58.000000
tx 219 r 14.000000 c 59.000000
tx 220 r 15.000000 c 56.000000
tx 221 r 15.000000 c 57.000000
tx 222 r 15.000000 c 58.000000
tx 223 r 15.000000 c 59.000000
tx 64 r 8.000000 c 56.000000
tx 65 r 8.000000 c 57.000000
tx 66 r 8.000000 c 58.000000
tx 67 r 8.000000 c 59.000000
tx 68 r 9.000000 c 56.000000
tx 69 r 9.000000 c 57.000000
tx 70 r 9.000000 c 58.000000
tx 71 r 9.000000 c 59.000000
tx 72 r 10.000000 c 56.000000
tx 73 r 10.000000 c 57.000000
tx 74 r 10.000000 c 58.000000
tx 75 r 10.000000 c 59.000000
tx 76 r 11.000000 c 56.000000
tx 77 r 11.000000 c 57.000000
tx 78 r 11.000000 c 58.000000
tx 79 r 11.000000 c 59.000000
tx 80 r 12.000000 c 56.000000
tx 81 r 12.000000 c 57.000000
tx 82 r 12.000000 c 58.000000
tx 83 r 12.000000 c 59.000000
tx 84 r 13.000000 c 56.000000
tx 85 r 13.000000 c 57.000000
tx 86 r 13.000000 c 58.000000
tx 87 r 13.000000 c 59.000000
tx 88 r 14.000000 c 56.000000
tx 89 r 14.000000 c 57.000000
tx 90 r 14.000000 c 58.000000
tx 91 r 14.000000 c 59.000000
tx 92 r 15.000000 c 56.000000
tx 93 r 15.000000 c 57.000000
tx 94 r 15.000000 c 58.000000
tx 95 r 15.000000 c 59.000000
tx 160 r 40.000000 c 56.000000
tx 161 r 40.000000 c 57.000000
tx 162 r 40.000000 c 58.000000
tx 163 r 40.000000 c 59.000000
tx 164 r 41.000000 c 56.000000
tx 165 r 41.000000 c 57.000000
tx 166 r 41.000000 c 58.000000
tx 167 r 41.000000 c 59.000000
tx 168 r 42.000000 c 56.000000
tx 169 r 42.000000 c 57.000000
tx 170 r 42.000000 c 58.000000
tx 171 r 42.000000 c 59.000000
tx 172 r 43.000000 c 56.000000
tx 173 r 43.000000 c 57.000000
tx 174 r 43.000000 c 58.000000
tx 175 r 43.000000 c 59.000000
tx 176 r 44.000000 c 56.000000
tx 177 r 44.000000 c 57.000000
tx 178 r 44.000000 c 58.000000
tx 179 r 44.000000 c 59.000000
tx 180 r 45.000000 c 56.000000
tx 181 r 45.000000 c 57.000000
tx 182 r 45.000000 c 58.000000
tx 183 r 45.000000 c 59.000000
tx 184 r 46.000000 c 56.000000
tx 185 r 46.000000 c 57.000000
tx 186 r 46.000000 c 58.000000
tx 187 r 46.000000 c 59.000000
tx 188 r 47.000000 c 56.000000
tx 189 r 47.000000 c 57.000000
tx 190 r 47.000000 c 58.000000
tx 191 r 47.000000 c 59.000000
tx 224 r 40.000000 c 56.000000
tx 225 r 40.000000 c 57.000000
tx 226 r 40.000000 c 58.000000
tx 227 r 40.000000 c 59.000000
tx 228 r 41.000000 c 56.000000
tx 229 r 41.000000 c 57.000000
tx 230 r 41.000000 c 58.000000
tx 231 r 41.000000 c 59.000000
tx 232 r 42.000000 c 56.000000
tx 233 r 42.000000 c 57.000000
tx 234 r 42.000000 c 58.000000
tx 235 r 42.000000 c 59.000000
tx 236 r 43.000000 c 56.000000
tx 237 r 43.000000 c 57.000000
tx 238 r 43.000000 c 58.000000
tx 239 r 43.000000 c 59.000000
tx 240 r 44.000000 c 56.000000
tx 241 r 44.000000 c 57.000000
tx 242 r 44.000000 c 58.000000
tx 243 r 44.000000 c 59.000000
tx 244 r 45.000000 c 56.000000
tx 245 r 45.000000 c 57.000000
tx 246 r 45.000000 c 58.000000
tx 247 r 45.000000 c 59.000000
tx 248 r 46.000000 c 56.000000
tx 249 r 46.000000 c 57.000000
tx 250 r 46.000000 c 58.000000
tx 251 r 46.000000 c 59.000000
tx 252 r 47.000000 c 56.000000
tx 253 r 47.000000 c 57.000000
tx 254 r 47.000000 c 58.000000
tx 255 r 47.000000 c 59.000000
tx 0 r 8.000000 c 56.000000
tx 1 r 8.000000 c 57.000000
tx 2 r 8.000000 c 58.000000
tx 3 r 8.000000 c 59.000000
tx 4 r 9.000000 c 56.000000
tx 5 r 9.000000 c 57.000000
tx 6 r 9.000000 c 58.000000
tx 7 r 9.000000 c 59.000000
tx 8 r 10.000000 c 56.000000
tx 9 r 10.000000 c 57.000000
tx 10 r 10.000000 c 58.000000
tx 11 r 10.000000 c 59.000000
tx 12 r 11.000000 c 56.000000
tx 13 r 11.000000 c 57.000000
tx 14 r 11.000000 c 58.000000
tx 15 r 11.000000 c 59.000000
tx 16 r 12.000000 c 56.000000
tx 17 r 12.000000 c 57.000000
tx 18 r 12.000000 c 58.000000
tx 19 r 12.000000 c 59.000000
tx 20 r 13.000000 c 56.000000
tx 21 r 13.000000 c 57.000000
tx 22 r 13.000000 c 58.000000
tx 23 r 13.000000 c 59.000000
tx 24 r 14.000000 c 56.000000
tx 25 r 14.000000 c 57.000000
tx 26 r 14.000000 c 58.000000
tx 27 r 14.000000 c 59.000000
tx 28 r 15.000000 c 56.000000
tx 29 r 15.000000 c 57.000000
tx 30 r 15.000000 c 58.000000
tx 31 r 15.000000 c 59.000000
tx 96 r 40.000000 c 56.000000
tx 97 r 40.000000 c 57.000000
tx 98 r 40.000000 c 58.000000
tx 99 r 40.000000 c 59.000000
tx 100 r 41.000000 c 56.000000
tx 101 r 41.000000 c 57.000000
tx 102 r 41.000000 c 58.000000
tx 103 r 41.000000 c 59.000000
tx 104 r 42.000000 c 56.000000
tx 105 r 42.000000 c 57.000000
tx 106 r 42.000000 c 58.000000
tx 107 r 42.000000 c 59.000000
tx 108 r 43.000000 c 56.000000
tx 109 r 43.000000 c 57.000000
tx 110 r 43.000000 c 58.000000
tx 111 r 43.000000 c 59.000000
tx 112 r 44.000000 c 56.000000
tx 113 r 44.000000 c 57.000000
tx 114 r 44.000000 c 58.000000
tx 115 r 44.000000 c 59.000000
tx 116 r 45.000000 c 56.000000
tx 117 r 45.000000 c 57.000000
tx 118 r 45.000000 c 58.000000
tx 119 r 45.000000 c 59.000000
tx 120 r 46.000000 c 56.000000
tx 121 r 46.000000 c 57.000000
tx 122 r 46.000000 c 58.000000
tx 123 r 46.000000 c 59.000000
tx 124 r 47.000000 c 56.000000
tx 125 r 47.000000 c 57.000000
tx 126 r 47.000000 c 58.000000
tx 127 r 47.000000 c 59.000000
tx 128 r 8.000000 c 56.000000
tx 129 r 8.000000 c 57.000000
tx 130 r 8.000000 c 58.000000
tx 131 r 8.000000 c 59.000000
tx 132 r 9.000000 c 56.000000
tx 133 r 9.000000 c 57.000000
tx 134 r 9.000000 c 58.000000
tx 135 r 9.000000 c 59.000000
tx 136 r 10.000000 c 56.000000
tx 137 r 10.000000 c 57.000000
tx 138 r 10.000000 c 58.000000
tx 139 r 10.000000 c 59.000000
tx 140 r 11.000000 c 56.000000
tx 141 r 11.000000 c 57.000000
tx 142 r 11.000000 c 58.000000
tx 143 r 11.000000 c 59.000000
tx 144 r 12.000000 c 56.000000
tx 145 r 12.000000 c 57.000000
tx 146 r 12.000000 c 58.000000
tx 147 r 12.000000 c 59.000000
tx 148 r 13.000000 c 56.000000
tx 149 r 13.000000 c 57.000000
tx 150 r 13.000000 c 58.000000
tx 151 r 13.000000 c 59.000000
tx 152 r 14.000000 c 56.000000
tx 153 r 14.000000 c 57.000000
tx 154 r 14.000000 c 58.000000
tx 155 r 14.000000 c 59.000000
tx 156 r 15.000000 c 56.000000
tx 157 r 15.000000 c 57.000000
tx 158 r 15.000000 c 58.000000
tx 159 r 15.000000 c 59.000000
tx 32 r 40.000000 c 56.000000
tx 33 r 40.000000 c 57.000000
tx 34 r 40.000000 c 58.000000
tx 35 r 40.000000 c 59.000000
tx 36 r 41.000000 c 56.000000
tx 37 r 41.000000 c 57.000000
tx 38 r 41.000000 c 58.000000
tx 39 r 41.000000 c 59.000000
tx 40 r 42.000000 c 56.000000
tx 41 r 42.000000 c 57.000000
tx 42 r 42.000000 c 58.000000
tx 43 r 42.000000 c 59.000000
tx 44 r 43.000000 c 56.000000
tx 45 r 43.000000 c 57.000000
tx 46 r 43.000000 c 58.000000
tx 47 r 43.000000 c 59.000000
tx 48 r 44.000000 c 56.000000
tx 49 r 44.000000 c 57.000000
tx 50 r 44.000000 c 58.000000
tx 51 r 44.000000 c 59.000000
tx 52 r 45.000000 c 56.000000
tx 53 r 45.000000 c 57.000000
tx 54 r 45.000000 c 58.000000
tx 55 r 45.000000 c 59.000000
tx 56 r 46.000000 c 56.000000
tx 57 r 46.000000 c 57.000000
tx 58 r 46.000000 c 58.000000
tx 59 r 46.000000 c 59.000000
tx 60 r 47.000000 c 56.000000
tx 61 r 47.000000 c 57.000000
tx 62 r 47.000000 c 58.000000
tx 63 r 47.000000 c 59.000000
tx 192 r 16.000000 c 56.000000
tx 193 r 16.000000 c 57.000000
tx 194 r 16.000000 c 58.000000
tx 195 r 16.000000 c 59.000000
tx 196 r 17.000000 c 56.000000
tx 197 r 17.000000 c 57.000000
tx 198 r 17.000000 c 58.000000
tx 199 r 17.000000 c 59.000000
tx 200 r 18.000000 c 56.000000
tx 201 r 18.000000 c 57.000000
tx 202 r 18.000000 c 58.000000
tx 203 r 18.000000 c 59.000000
tx 204 r 19.000000 c 56.000000
tx 205 r 19.000000 c 57.000000
tx 206 r 19.000000 c 58.000000
tx 207 r 19.000000 c 59.000000
tx 208 r 20.000000 c 56.000000
tx 209 r 20.000000 c 57.000000
tx 210 r 20.000000 c 58.000000
tx 211 r 20.000000 c 59.000000
tx 212 r 21.000000 c 56.000000
tx 213 r 21.000000 c 57.000000
tx 214 r 21.000000 c 58.000000
tx 215 r 21.000000 c 59.000000
tx 216 r 22.000000 c 56.000000
tx 217 r 22.000000 c 57.000000
tx 218 r 22.000000 c 58.000000
tx 219 r 22.000000 c 59.000000
tx 220 r 23.000000 c 56.000000
tx 221 r 23.000000 c 57.000000
tx 222 r 23.000000 c 58.000000
tx 223 r 23.000000 c 59.000000
tx 64 r 16.000000 c 56.000000
tx 65 r 16.000000 c 57.000000
tx 66 r 16.000000 c 58.000000
tx 67 r 16.000000 c 59.000000
tx 68 r 17.000000 c 56.000000
tx 69 r 17.000000 c 57.000000
tx 70 r 17.000000 c 58.000000
tx 71 r 17.000000 c 59.000000
tx 72 r 18.000000 c 56.000000
tx 73 r 18.000000 c 57.000000
tx 74 r 18.000000 c 58.000000
tx 75 r 18.000000 c 59.000000
tx 76 r 19.000000 c 56.000000
tx 77 r 19.000000 c 57.000000
tx 78 r 19.000000 c 58.000000
tx 79 r 19.000000 c 59.000000
tx 80 r 20.000000 c 56.000000
tx 81 r 20.000000 c 57.000000
tx 82 r 20.000000 c 58.000000
tx 83 r 20.000000 c 59.000000
tx 84 r 21.000000 c 56.000000
tx 85 r 21.000000 c 57.000000
tx 86 r 21.000000 c 58.000000
tx 87 r 21.000000 c 59.000000
tx 88 r 22.000000 c 56.000000
tx 89 r 22.000000 c 57.000000
tx 90 r 22.000000 c 58.000000
tx 91 r 22.000000 c 59.000000
tx 92 r 23.000000 c 56.000000
tx 93 r 23.000000 c 57.000000
tx 94 r 23.000000 c 58.000000
tx 95 r 23.000000 c 59.000000
tx 0 r 16.000000 c 56.000000
tx 1 r 16.000000 c 57.000000
tx 2 r 16.000000 c 58.000000
tx 3 r 16.000000 c 59.000000
tx 4 r 17.000000 c 56.000000
tx 5 r 17.000000 c 57.000000
tx 6 r 17.000000 c 58.000000
tx 7 r 17.000000 c 59.000000
tx 8 r 18.000000 c 56.000000
tx 9 r 18.000000 c 57.000000
tx 10 r 18.000000 c 58.000000
tx 11 r 18.000000 c 59.000000
tx 12 r 19.000000 c 56.000000
tx 13 r 19.000000 c 57.000000
tx 14 r 19.000000 c 58.000000
tx 15 r 19.000000 c 59.000000
tx 16 r 20.000000 c 56.000000
tx 17 r 20.000000 c 57.000000
tx 18 r 20.000000 c 58.000000
tx 19 r 20.000000 c 59.000000
tx 20 r 21.000000 c 56.000000
tx 21 r 21.000000 c 57.000000
tx 22 r 21.000000 c 58.000000
tx 23 r 21.000000 c 59.000000
tx 24 r 22.000000 c 56.000000
tx 25 r 22.000000 c 57.000000
tx 26 r 22.000000 c 58.000000
tx 27 r 22.000000 c 59.000000
tx 28 r 23.000000 c 56.000000
tx 29 r 23.000000 c 57.000000
tx 30 r 23.000000 c 58.000000
tx 31 r 23.000000 c 59.000000
tx 32 r 48.000000 c 56.000000
tx 33 r 48.000000 c 57.000000
tx 34 r 48.000000 c 58.000000
tx 35 r 48.000000 c 59.000000
tx 36 r 49.000000 c 56.000000
tx 37 r 49.000000 c 57.000000
tx 38 r 49.000000 c 58.000000
tx 39 r 49.000000 c 59.000000
tx 40 r 50.000000 c 56.000000
tx 41 r 50.000000 c 57.000000
tx 42 r 50.000000 c 58.000000
tx 43 r 50.000000 c 59.000000
tx 44 r 51.000000 c 56.000000
tx 45 r 51.000000 c 57.000000
tx 46 r 51.000000 c 58.000000
tx 47 r 51.000000 c 59.000000
tx 48 r 52.000000 c 56.000000
tx 49 r 52.000000 c 57.000000
tx 50 r 52.000000 c 58.000000
tx 51 r 52.000000 c 59.000000
tx 52 r 53.000000 c 56.000000
tx 53 r 53.000000 c 57.000000
tx 54 r 53.000000 c 58.000000
tx 55 r 53.000000 c 59.000000
tx 56 r 54.000000 c 56.000000
tx 57 r 54.000000 c 57.000000
tx 58 r 54.000000 c 58.000000
tx 59 r 54.000000 c 59.000000
tx 60 r 55.000000 c 56.000000
tx 61 r 55.000000 c 57.000000
tx 62 r 55.000000 c 58.000000
tx 63 r 55.000000 c 59.000000
tx 224 r 48.000000 c 56.000000
tx 225 r 48.000000 c 57.000000
tx 226 r 48.000000 c 58.000000
tx 227 r 48.000000 c 59.000000
tx 228 r 49.000000 c 56.000000
tx 229 r 49.000000 c 57.000000
tx 230 r 49.000000 c 58.000000
tx 231 r 49.000000 c 59.000000
tx 232 r 50.000000 c 56.000000
tx 233 r 50.000000 c 57.000000
tx 234 r 50.000000 c 58.000000
tx 235 r 50.000000 c 59.000000
tx 236 r 51.000000 c 56.000000
tx 237 r 51.000000 c 57.000000
tx 238 r 51.000000 c 58.000000
tx 239 r 51.000000 c 59.000000
tx 240 r 52.000000 c 56.000000
tx 241 r 52.000000 c 57.000000
tx 242 r 52.000000 c 58.000000
tx 243 r 52.000000 c 59.000000
tx 244 r 53.000000 c 56.000000
tx 245 r 53.000000 c 57.000000
tx 246 r 53.000000 c 58.000000
tx 247 r 53.000000 c 59.000000
tx 248 r 54.000000 c 56.000000
tx 249 r 54.000000 c 57.000000
tx 250 r 54.000000 c 58.000000
tx 251 r 54.000000 c 59.000000
tx 252 r 55.000000 c 56.000000
tx 253 r 55.000000 c 57.000000
tx 254 r 55.000000 c 58.000000
tx 255 r 55.000000 c 59.000000
tx 160 r 48.000000 c 56.000000
tx 161 r 48.000000 c 57.000000
tx 162 r 48.000000 c 58.000000
tx 163 r 48.000000 c 59.000000
tx 164 r 49.000000 c 56.000000
tx 165 r 49.000000 c 57.000000
tx 166 r 49.000000 c 58.000000
tx 167 r 49.000000 c 59.000000
tx 168 r 50.000000 c 56.000000
tx 169 r 50.000000 c 57.000000
tx 170 r 50.000000 c 58.000000
tx 171 r 50.000000 c 59.000000
tx 172 r 51.000000 c 56.000000
tx 173 r 51.000000 c 57.000000
tx 174 r 51.000000 c 58.000000
tx 175 r 51.000000 c 59.000000
tx 176 r 52.000000 c 56.000000
tx 177 r 52.000000 c 57.000000
tx 178 r 52.000000 c 58.000000
tx 179 r 52.000000 c 59.000000
tx 180 r 53.000000 c 56.000000
tx 181 r 53.000000 c 57.000000
tx 182 r 53.000000 c 58.000000
tx 183 r 53.000000 c 59.000000
tx 184 r 54.000000 c 56.000000
tx 185 r 54.000000 c 57.000000
tx 186 r 54.000000 c 58.000000
tx 187 r 54.000000 c 59.000000
tx 188 r 55.000000 c 56.000000
tx 189 r 55.000000 c 57.000000
tx 190 r 55.000000 c 58.000000
tx 191 r 55.000000 c 59.000000
tx 96 r 48.000000 c 56.000000
tx 97 r 48.000000 c 57.000000
tx 98 r 48.000000 c 58.000000
tx 99 r 48.000000 c 59.000000
tx 100 r 49.000000 c 56.000000
tx 101 r 49.000000 c 57.000000
tx 102 r 49.000000 c 58.000000
tx 103 r 49.000000 c 59.000000
tx 104 r 50.000000 c 56.000000
tx 105 r 50.000000 c 57.000000
tx 106 r 50.000000 c 58.000000
tx 107 r 50.000000 c 59.000000
tx 108 r 51.000000 c 56.000000
tx 109 r 51.000000 c 57.000000
tx 110 r 51.000000 c 58.000000
tx 111 r 51.000000 c 59.000000
tx 112 r 52.000000 c 56.000000
tx 113 r 52.000000 c 57.000000
tx 114 r 52.000000 c 58.000000
tx 115 r 52.000000 c 59.000000
tx 116 r 53.000000 c 56.000000
tx 117 r 53.000000 c 57.000000
tx 118 r 53.000000 c 58.000000
tx 119 r 53.000000 c 59.000000
tx 120 r 54.000000 c 56.000000
tx 121 r 54.000000 c 57.000000
tx 122 r 54.000000 c 58.000000
tx 123 r 54.000000 c 59.000000
tx 124 r 55.000000 c 56.000000
tx 125 r 55.000000 c 57.000000
tx 126 r 55.000000 c 58.000000
tx 127 r 55.000000 c 59.000000
tx 128 r 16.000000 c 56.000000
tx 129 r 16.000000 c 57.000000
tx 130 r 16.000000 c 58.000000
tx 131 r 16.000000 c 59.000000
tx 132 r 17.000000 c 56.000000
tx 133 r 17.000000 c 57.000000
tx 134 r 17.000000 c 58.000000
tx 135 r 17.000000 c 59.000000
tx 136 r 18.000000 c 56.000000
tx 137 r 18.000000 c 57.000000
tx 138 r 18.000000 c 58.000000
tx 139 r 18.000000 c 59.000000
tx 140 r 19.000000 c 56.000000
tx 141 r 19.000000 c 57.000000
tx 142 r 19.000000 c 58.000000
tx 143 r 19.000000 c 59.000000
tx 144 r 20.000000 c 56.000000
tx 145 r 20.000000 c 57.000000
tx 146 r 20.000000 c 58.000000
tx 147 r 20.000000 c 59.000000
tx 148 r 21.000000 c 56.000000
tx 149 r 21.000000 c 57.000000
tx 150 r 21.000000 c 58.000000
tx 151 r 21.000000 c 59.000000
tx 152 r 22.000000 c 56.000000
tx 153 r 22.000000 c 57.000000
tx 154 r 22.000000 c 58.000000
tx 155 r 22.000000 c 59.000000
tx 156 r 23.000000 c 56.000000
tx 157 r 23.000000 c 57.000000
tx 158 r 23.000000 c 58.000000
tx 159 r 23.000000 c 59.000000
tx 192 r 24.000000 c 56.000000
tx 193 r 24.000000 c 57.000000
tx 194 r 24.000000 c 58.000000
tx 195 r 24.000000 c 59.000000
tx 196 r 25.000000 c 56.000000
tx 197 r 25.000000 c 57.000000
tx 198 r 25.000000 c 58.000000
tx 199 r 25.000000 c 59.000000
tx 200 r 26.000000 c 56.000000
tx 201 r 26.000000 c 57.000000
tx 202 r 26.000000 c 58.000000
tx 203 r 26.000000 c 59.000000
tx 204 r 27.000000 c 56.000000
tx 205 r 27.000000 c 57.000000
tx 206 r 27.000000 c 58.000000
tx 207 r 27.000000 c 59.000000
tx 208 r 28.000000 c 56.000000
tx 209 r 28.000000 c 57.000000
tx 210 r 28.000000 c 58.000000
tx 211 r 28.000000 c 59.000000
tx 212 r 29.000000 c 56.000000
tx 213 r 29.000000 c 57.000000
tx 214 r 29.000000 c 58.000000
tx 215 r 29.000000 c 59.000000
tx 216 r 30.000000 c 56.000000
tx 217 r 30.000000 c 57.000000
tx 218 r 30.000000 c 58.000000
tx 219 r 30.000000 c 59.000000
tx 220 r 31.000000 c 56.000000
tx 221 r 31.000000 c 57.000000
tx 222 r 31.000000 c 58.000000
tx 223 r 31.000000 c 59.000000
tx 64 r 24.000000 c 56.000000
tx 65 r 24.000000 c 57.000000
tx 66 r 24.000000 c 58.000000
tx 67 r 24.000000 c 59.000000
tx 68 r 25.000000 c 56.000000
tx 69 r 25.000000 c 57.000000
tx 70 r 25.000000 c 58.000000
tx 71 r 25.000000 c 59.000000
tx 72 r 26.000000 c 56.000000
tx 73 r 26.000000 c 57.000000
tx 74 r 26.000000 c 58.000000
tx 75 r 26.000000 c 59.000000
tx 76 r 27.000000 c 56.000000
tx 77 r 27.000000 c 57.000000
tx 78 r 27.000000 c 58.000000
tx 79 r 27.000000 c 59.000000
tx 80 r 28.000000 c 56.000000
tx 81 r 28.000000 c 57.000000
tx 82 r 28.000000 c 58.000000
tx 83 r 28.000000 c 59.000000
tx 84 r 29.000000 c 56.000000
tx 85 r 29.000000 c 57.000000
tx 86 r 29.000000 c 58.000000
tx 87 r 29.000000 c 59.000000
tx 88 r 30.000000 c 56.000000
tx 89 r 30.000000 c 57.000000
tx 90 r 30.000000 c 58.000000
tx 91 r 30.000000 c 59.000000
tx 92 r 31.000000 c 56.000000
tx 93 r 31.000000 c 57.000000
tx 94 r 31.000000 c 58.000000
tx 95 r 31.000000 c 59.000000
tx 160 r 56.000000 c 56.000000
tx 161 r 56.000000 c 57.000000
tx 162 r 56.000000 c 58.000000
tx 163 r 56.000000 c 59.000000
tx 164 r 57.000000 c 56.000000
tx 165 r 57.000000 c 57.000000
tx 166 r 57.000000 c 58.000000
tx 167 r 57.000000 c 59.000000
tx 168 r 58.000000 c 56.000000
tx 169 r 58.000000 c 57.000000
tx 170 r 58.000000 c 58.000000
tx 171 r 58.000000 c 59.000000
tx 172 r 59.000000 c 56.000000
tx 173 r 59.000000 c 57.000000
tx 174 r 59.000000 c 58.000000
tx 175 r 59.000000 c 59.000000
tx 176 r 60.000000 c 56.000000
tx 177 r 60.000000 c 57.000000
tx 178 r 60.000000 c 58.000000
tx 179 r 60.000000 c 59.000000
tx 180 r 61.000000 c 56.000000
tx 181 r 61.000000 c 57.000000
tx 182 r 61.000000 c 58.000000
tx 183 r 61.000000 c 59.000000
tx 184 r 62.000000 c 56.000000
tx 185 r 62.000000 c 57.000000
tx 186 r 62.000000 c 58.000000
tx 187 r 62.000000 c 59.000000
tx 188 r 63.000000 c 56.000000
tx 189 r 63.000000 c 57.000000
tx 190 r 63.000000 c 58.000000
tx 191 r 63.000000 c 59.000000
tx 224 r 56.000000 c 56.000000
tx 225 r 56.000000 c 57.000000
tx 226 r 56.000000 c 58.000000
tx 227 r 56.000000 c 59.000000
tx 228 r 57.000000 c 56.000000
tx 229 r 57.000000 c 57.000000
tx 230 r 57.000000 c 58.000000
tx 231 r 57.000000 c 59.000000
tx 232 r 58.000000 c 56.000000
tx 233 r 58.000000 c 57.000000
tx 234 r 58.000000 c 58.000000
tx 235 r 58.000000 c 59.000000
tx 236 r 59.000000 c 56.000000
tx 237 r 59.000000 c 57.000000
tx 238 r 59.000000 c 58.000000
tx 239 r 59.000000 c 59.000000
tx 240 r 60.000000 c 56.000000
tx 241 r 60.000000 c 57.000000
tx 242 r 60.000000 c 58.000000
tx 243 r 60.000000 c 59.000000
tx 244 r 61.000000 c 56.000000
tx 245 r 61.000000 c 57.000000
tx 246 r 61.000000 c 58.000000
tx 247 r 61.000000 c 59.000000
tx 248 r 62.000000 c 56.000000
tx 249 r 62.000000 c 57.000000
tx 250 r 62.000000 c 58.000000
tx 251 r 62.000000 c 59.000000
tx 252 r 63.000000 c 56.000000
tx 253 r 63.000000 c 57.000000
tx 254 r 63.000000 c 58.000000
tx 255 r 63.000000 c 59.000000
tx 32 r 56.000000 c 56.000000
tx 33 r 56.000000 c 57.000000
tx 34 r 56.000000 c 58.000000
tx 35 r 56.000000 c 59.000000
tx 36 r 57.000000 c 56.000000
tx 37 r 57.000000 c 57.000000
tx 38 r 57.000000 c 58.000000
tx 39 r 57.000000 c 59.000000
tx 40 r 58.000000 c 56.000000
tx 41 r 58.000000 c 57.000000
tx 42 r 58.000000 c 58.000000
tx 43 r 58.000000 c 59.000000
tx 44 r 59.000000 c 56.000000
tx 45 r 59.000000 c 57.000000
tx 46 r 59.000000 c 58.000000
tx 47 r 59.000000 c 59.000000
tx 48 r 60.000000 c 56.000000
tx 49 r 60.000000 c 57.000000
tx 50 r 60.000000 c 58.000000
tx 51 r 60.000000 c 59.000000
tx 52 r 61.000000 c 56.000000
tx 53 r 61.000000 c 57.000000
tx 54 r 61.000000 c 58.000000
tx 55 r 61.000000 c 59.000000
tx 56 r 62.000000 c 56.000000
tx 57 r 62.000000 c 57.000000
tx 58 r 62.000000 c 58.000000
tx 59 r 62.000000 c 59.000000
tx 60 r 63.000000 c 56.000000
tx 61 r 63.000000 c 57.000000
tx 62 r 63.000000 c 58.000000
tx 63 r 63.000000 c 59.000000
tx 96 r 56.000000 c 56.000000
tx 97 r 56.000000 c 57.000000
tx 98 r 56.000000 c 58.000000
tx 99 r 56.000000 c 59.000000
tx 100 r 57.000000 c 56.000000
tx 101 r 57.000000 c 57.000000
tx 102 r 57.000000 c 58.000000
tx 103 r 57.000000 c 59.000000
tx 104 r 58.000000 c 56.000000
tx 105 r 58.000000 c 57.000000
tx 106 r 58.000000 c 58.000000
tx 107 r 58.000000 c 59.000000
tx 108 r 59.000000 c 56.000000
tx 109 r 59.000000 c 57.000000
tx 110 r 59.000000 c 58.000000
tx 111 r 59.000000 c 59.000000
tx 112 r 60.000000 c 56.000000
tx 113 r 60.000000 c 57.000000
tx 114 r 60.000000 c 58.000000
tx 115 r 60.000000 c 59.000000
tx 116 r 61.000000 c 56.000000
tx 117 r 61.000000 c 57.000000
tx 118 r 61.000000 c 58.000000
tx 119 r 61.000000 c 59.000000
tx 120 r 62.000000 c 56.000000
tx 121 r 62.000000 c 57.000000
tx 122 r 62.000000 c 58.000000
tx 123 r 62.000000 c 59.000000
tx 124 r 63.000000 c 56.000000
tx 125 r 63.000000 c 57.000000
tx 126 r 63.000000 c 58.000000
tx 127 r 63.000000 c 59.000000
tx 128 r 24.000000 c 56.000000
tx 129 r 24.000000 c 57.000000
tx 130 r 24.000000 c 58.000000
tx 131 r 24.000000 c 59.000000
tx 132 r 25.000000 c 56.000000
tx 133 r 25.000000 c 57.000000
tx 134 r 25.000000 c 58.000000
tx 135 r 25.000000 c 59.000000
tx 136 r 26.000000 c 56.000000
tx 137 r 26.000000 c 57.000000
tx 138 r 26.000000 c 58.000000
tx 139 r 26.000000 c 59.000000
tx 140 r 27.000000 c 56.000000
tx 141 r 27.000000 c 57.000000
tx 142 r 27.000000 c 58.000000
tx 143 r 27.000000 c 59.000000
tx 144 r 28.000000 c 56.000000
tx 145 r 28.000000 c 57.000000
tx 146 r 28.000000 c 58.000000
tx 147 r 28.000000 c 59.000000
tx 148 r 29.000000 c 56.000000
tx 149 r 29.000000 c 57.000000
tx 150 r 29.000000 c 58.000000
tx 151 r 29.000000 c 59.000000
tx 152 r 30.000000 c 56.000000
tx 153 r 30.000000 c 57.000000
tx 154 r 30.000000 c 58.000000
tx 155 r 30.000000 c 59.000000
tx 156 r 31.000000 c 56.000000
tx 157 r 31.000000 c 57.000000
tx 158 r 31.000000 c 58.000000
tx 159 r 31.000000 c 59.000000
tx 0 r 24.000000 c 56.000000
tx 1 r 24.000000 c 57.000000
tx 2 r 24.000000 c 58.000000
tx 3 r 24.000000 c 59.000000
tx 4 r 25.000000 c 56.000000
tx 5 r 25.000000 c 57.000000
tx 6 r 25.000000 c 58.000000
tx 7 r 25.000000 c 59.000000
tx 8 r 26.000000 c 56.000000
tx 9 r 26.000000 c 57.000000
tx 10 r 26.000000 c 58.000000
tx 11 r 26.000000 c 59.000000
tx 12 r 27.000000 c 56.000000
tx 13 r 27.000000 c 57.000000
tx 14 r 27.000000 c 58.000000
tx 15 r 27.000000 c 59.000000
tx 16 r 28.000000 c 56.000000
tx 17 r 28.000000 c 57.000000
tx 18 r 28.000000 c 58.000000
tx 19 r 28.000000 c 59.000000
tx 20 r 29.000000 c 56.000000
tx 21 r 29.000000 c 57.000000
tx 22 r 29.000000 c 58.000000
tx 23 r 29.000000 c 59.000000
tx 24 r 30.000000 c 56.000000
tx 25 r 30.000000 c 57.000000
tx 26 r 30.000000 c 58.000000
tx 27 r 30.000000 c 59.000000
tx 28 r 31.000000 c 56.000000
tx 29 r 31.000000 c 57.000000
tx 30 r 31.000000 c 58.000000
tx 31 r 31.000000 c 59.000000
tx 32 r 32.000000 c 60.000000
tx 33 r 32.000000 c 61.000000
tx 34 r 32.000000 c 62.000000
tx 35 r 32.000000 c 63.000000
tx 36 r 33.000000 c 60.000000
tx 37 r 33.000000 c 61.000000
tx 38 r 33.000000 c 62.000000
tx 39 r 33.000000 c 63.000000
tx 40 r 34.000000 c 60.000000
tx 41 r 34.000000 c 61.000000
tx 42 r 34.000000 c 62.000000
tx 43 r 34.000000 c 63.000000
tx 44 r 35.000000 c 60.000000
tx 45 r 35.000000 c 61.000000
tx 46 r 35.000000 c 62.000000
tx 47 r 35.000000 c 63.000000
tx 48 r 36.000000 c 60.000000
tx 49 r 36.000000 c 61.000000
tx 50 r 36.000000 c 62.000000
tx 51 r 36.000000 c 63.000000
tx 52 r 37.000000 c 60.000000
tx 53 r 37.000000 c 61.000000
tx 54 r 37.000000 c 62.000000
tx 55 r 37.000000 c 63.000000
tx 56 r 38.000000 c 60.000000
tx 57 r 38.000000 c 61.000000
tx 58 r 38.000000 c 62.000000
tx 59 r 38.000000 c 63.000000
tx 60 r 39.000000 c 60.000000
tx 61 r 39.000000 c 61.000000
tx 62 r 39.000000 c 62.000000
tx 63 r 39.000000 c 63.000000
tx 192 r 0.000000 c 60.000000
tx 193 r 0.000000 c 61.000000
tx 194 r 0.000000 c 62.000000
tx 195 r 0.000000 c 63.000000
tx 196 r 1.000000 c 60.000000
tx 197 r 1.000000 c 61.000000
tx 198 r 1.000000 c 62.000000
tx 199 r 1.000000 c 63.000000
tx 200 r 2.000000 c 60.000000
tx 201 r 2.000000 c 61.000000
tx 202 r 2.000000 c 62.000000
tx 203 r 2.000000 c 63.000000
tx 204 r 3.000000 c 60.000000
tx 205 r 3.000000 c 61.000000
tx 206 r 3.000000 c 62.000000
tx 207 r 3.000000 c 63.000000
tx 208 r 4.000000 c 60.000000
tx 209 r 4.000000 c 61.000000
tx 210 r 4.000000 c 62.000000
tx 211 r 4.000000 c 63.000000
tx 212 r 5.000000 c 60.000000
tx 213 r 5.000000 c 61.000000
tx 214 r 5.000000 c 62.000000
tx 215 r 5.000000 c 63.000000
tx 216 r 6.000000 c 60.000000
tx 217 r 6.000000 c 61.000000
tx 218 r 6.000000 c 62.000000
tx 219 r 6.000000 c 63.000000
tx 220 r 7.000000 c 60.000000
tx 221 r 7.000000 c 61.000000
tx 222 r 7.000000 c 62.000000
tx 223 r 7.000000 c 63.000000
tx 224 r 32.000000 c 60.000000
tx 225 r 32.000000 c 61.000000
tx 226 r 32.000000 c 62.000000
tx 227 r 32.000000 c 63.000000
tx 228 r 33.000000 c 60.000000
tx 229 r 33.000000 c 61.000000
tx 230 r 33.000000 c 62.000000
tx 231 r 33.000000 c 63.000000
tx 232 r 34.000000 c 60.000000
tx 233 r 34.000000 c 61.000000
tx 234 r 34.000000 c 62.000000
tx 235 r 34.000000 c 63.000000
tx 236 r 35.000000 c 60.000000
tx 237 r 35.000000 c 61.000000
tx 238 r 35.000000 c 62.000000
tx 239 r 35.000000 c 63.000000
tx 240 r 36.000000 c 60.000000
tx 241 r 36.000000 c 61.000000
tx 242 r 36.000000 c 62.000000
tx 243 r 36.000000 c 63.000000
tx 244 r 37.000000 c 60.000000
tx 245 r 37.000000 c 61.000000
tx 246 r 37.000000 c 62.000000
tx 247 r 37.000000 c 63.000000
tx 248 r 38.000000 c 60.000000
tx 249 r 38.000000 c 61.000000
tx 250 r 38.000000 c 62.000000
tx 251 r 38.000000 c 63.000000
tx 252 r 39.000000 c 60.000000
tx 253 r 39.000000 c 61.000000
tx 254 r 39.000000 c 62.000000
tx 255 r 39.000000 c 63.000000
tx 128 r 0.000000 c 60.000000
tx 129 r 0.000000 c 61.000000
tx 130 r 0.000000 c 62.000000
tx 131 r 0.000000 c 63.000000
tx 132 r 1.000000 c 60.000000
tx 133 r 1.000000 c 61.000000
tx 134 r 1.000000 c 62.000000
tx 135 r 1.000000 c 63.000000
tx 136 r 2.000000 c 60.000000
tx 137 r 2.000000 c 61.000000
tx 138 r 2.000000 c 62.000000
tx 139 r 2.000000 c 63.000000
tx 140 r 3.000000 c 60.000000
tx 141 r 3.000000 c 61.000000
tx 142 r 3.000000 c 62.000000
tx 143 r 3.000000 c 63.000000
tx 144 r 4.000000 c 60.000000
tx 145 r 4.000000 c 61.000000
tx 146 r 4.000000 c 62.000000
tx 147 r 4.000000 c 63.000000
tx 148 r 5.000000 c 60.000000
tx 149 r 5.000000 c 61.000000
tx 150 r 5.000000 c 62.000000
tx 151 r 5.000000 c 63.000000
tx 152 r 6.000000 c 60.000000
tx 153 r 6.000000 c 61.000000
tx 154 r 6.000000 c 62.000000
tx 155 r 6.000000 c 63.000000
tx 156 r 7.000000 c 60.000000
tx 157 r 7.000000 c 61.000000
tx 158 r 7.000000 c 62.000000
tx 159 r 7.000000 c 63.000000
tx 64 r 0.000000 c 60.000000
tx 65 r 0.000000 c 61.000000
tx 66 r 0.000000 c 62.000000
tx 67 r 0.000000 c 63.000000
tx 68 r 1.000000 c 60.000000
tx 69 r 1.000000 c 61.000000
tx 70 r 1.000000 c 62.000000
tx 71 r 1.000000 c 63.000000
tx 72 r 2.000000 c 60.000000
tx 73 r 2.000000 c 61.000000
tx 74 r 2.000000 c 62.000000
tx 75 r 2.000000 c 63.000000
tx 76 r 3.000000 c 60.000000
tx 77 r 3.000000 c 61.000000
tx 78 r 3.000000 c 62.000000
tx 79 r 3.000000 c 63.000000
tx 80 r 4.000000 c 60.000000
tx 81 r 4.000000 c 61.000000
tx 82 r 4.000000 c 62.000000
tx 83 r 4.000000 c 63.000000
tx 84 r 5.000000 c 60.000000
tx 85 r 5.000000 c 61.000000
tx 86 r 5.000000 c 62.000000
tx 87 r 5.000000 c 63.000000
tx 88 r 6.000000 c 60.000000
tx 89 r 6.000000 c 61.000000
tx 90 r 6.000000 c 62.000000
tx 91 r 6.000000 c 63.000000
tx 92 r 7.000000 c 60.000000
tx 93 r 7.000000 c 61.000000
tx 94 r 7.000000 c 62.000000
tx 95 r 7.000000 c 63.000000
tx 96 r 32.000000 c 60.000000
tx 97 r 32.000000 c 61.000000
tx 98 r 32.000000 c 62.000000
tx 99 r 32.000000 c 63.000000
tx 100 r 33.000000 c 60.000000
tx 101 r 33.000000 c 61.000000
tx 102 r 33.000000 c 62.000000
tx 103 r 33.000000 c 63.000000
tx 104 r 34.000000 c 60.000000
tx 105 r 34.000000 c 61.000000
tx 106 r 34.000000 c 62.000000
tx 107 r 34.000000 c 63.000000
tx 108 r 35.000000 c 60.000000
tx 109 r 35.000000 c 61.000000
tx 110 r 35.000000 c 62.000000
tx 111 r 35.000000 c 63.000000
tx 112 r 36.000000 c 60.000000
tx 113 r 36.000000 c 61.000000
tx 114 r 36.000000 c 62.000000
tx 115 r 36.000000 c 63.000000
tx 116 r 37.000000 c 60.000000
tx 117 r 37.000000 c 61.000000
tx 118 r 37.000000 c 62.000000
tx 119 r 37.000000 c 63.000000
tx 120 r 38.000000 c 60.000000
tx 121 r 38.000000 c 61.000000
tx 122 r 38.000000 c 62.000000
tx 123 r 38.000000 c 63.000000
tx 124 r 39.000000 c 60.000000
tx 125 r 39.000000 c 61.000000
tx 126 r 39.000000 c 62.000000
tx 127 r 39.000000 c 63.000000
tx 0 r 0.000000 c 60.000000
tx 1 r 0.000000 c 61.000000
tx 2 r 0.000000 c 62.000000
tx 3 r 0.000000 c 63.000000
tx 4 r 1.000000 c 60.000000
tx 5 r 1.000000 c 61.000000
tx 6 r 1.000000 c 62.000000
tx 7 r 1.000000 c 63.000000
tx 8 r 2.000000 c 60.000000
tx 9 r 2.000000 c 61.000000
tx 10 r 2.000000 c 62.000000
tx 11 r 2.000000 c 63.000000
tx 12 r 3.000000 c 60.000000
tx 13 r 3.000000 c 61.000000
tx 14 r 3.000000 c 62.000000
tx 15 r 3.000000 c 63.000000
tx 16 r 4.000000 c 60.000000
tx 17 r 4.000000 c 61.000000
tx 18 r 4.000000 c 62.000000
tx 19 r 4.000000 c 63.000000
tx 20 r 5.000000 c 60.000000
tx 21 r 5.000000 c 61.000000
tx 22 r 5.000000 c 62.000000
tx 23 r 5.000000 c 63.000000
tx 24 r 6.000000 c 60.000000
tx 25 r 6.000000 c 61.000000
tx 26 r 6.000000 c 62.000000
tx 27 r 6.000000 c 63.000000
tx 28 r 7.000000 c 60.000000
tx 29 r 7.000000 c 61.000000
tx 30 r 7.000000 c 62.000000
tx 31 r 7.000000 c 63.000000
tx 160 r 32.000000 c 60.000000
tx 161 r 32.000000 c 61.000000
tx 162 r 32.000000 c 62.000000
tx 163 r 32.000000 c 63.000000
tx 164 r 33.000000 c 60.000000
tx 165 r 33.000000 c 61.000000
tx 166 r 33.000000 c 62.000000
tx 167 r 33.000000 c 63.000000
tx 168 r 34.000000 c 60.000000
tx 169 r 34.000000 c 61.000000
tx 170 r 34.000000 c 62.000000
tx 171 r 34.000000 c 63.000000
tx 172 r 35.000000 c 60.000000
tx 173 r 35.000000 c 61.000000
tx 174 r 35.000000 c 62.000000
tx 175 r 35.000000 c 63.000000
tx 176 r 36.000000 c 60.000000
tx 177 r 36.000000 c 61.000000
tx 178 r 36.000000 c 62.000000
tx 179 r 36.000000 c 63.000000
tx 180 r 37.000000 c 60.000000
tx 181 r 37.000000 c 61.000000
tx 182 r 37.000000 c 62.000000
tx 183 r 37.000000 c 63.000000
tx 184 r 38.000000 c 60.000000
tx 185 r 38.000000 c 61.000000
tx 186 r 38.000000 c 62.000000
tx 187 r 38.000000 c 63.000000
tx 188 r 39.000000 c 60.000000
tx 189 r 39.000000 c 61.000000
tx 190 r 39.000000 c 62.000000
tx 191 r 39.000000 c 63.000000
tx 32 r 40.000000 c 60.000000
tx 33 r 40.000000 c 61.000000
tx 34 r 40.000000 c 62.000000
tx 35 r 40.000000 c 63.000000
tx 36 r 41.000000 c 60.000000
tx 37 r 41.000000 c 61.000000
tx 38 r 41.000000 c 62.000000
tx 39 r 41.000000 c 63.000000
tx 40 r 42.000000 c 60.000000
tx 41 r 42.000000 c 61.000000
tx 42 r 42.000000 c 62.000000
tx 43 r 42.000000 c 63.000000
tx 44 r 43.000000 c 60.000000
tx 45 r 43.000000 c 61.000000
tx 46 r 43.000000 c 62.000000
tx 47 r 43.000000 c 63.000000
tx 48 r 44.000000 c 60.000000
tx 49 r 44.000000 c 61.000000
tx 50 r 44.000000 c 62.000000
tx 51 r 44.000000 c 63.000000
tx 52 r 45.000000 c 60.000000
tx 53 r 45.000000 c 61.000000
tx 54 r 45.000000 c 62.000000
tx 55 r 45.000000 c 63.000000
tx 56 r 46.000000 c 60.000000
tx 57 r 46.000000 c 61.000000
tx 58 r 46.000000 c 62.000000
tx 59 r 46.000000 c 63.000000
tx 60 r 47.000000 c 60.000000
tx 61 r 47.000000 c 61.000000
tx 62 r 47.000000 c 62.000000
tx 63 r 47.000000 c 63.000000
tx 160 r 40.000000 c 60.000000
tx 161 r 40.000000 c 61.000000
tx 162 r 40.000000 c 62.000000
tx 163 r 40.000000 c 63.000000
tx 164 r 41.000000 c 60.000000
tx 165 r 41.000000 c 61.000000
tx 166 r 41.000000 c 62.000000
tx 167 r 41.000000 c 63.000000
tx 168 r 42.000000 c 60.000000
tx 169 r 42.000000 c 61.000000
tx 170 r 42.000000 c 62.000000
tx 171 r 42.000000 c 63.000000
tx 172 r 43.000000 c 60.000000
tx 173 r 43.000000 c 61.000000
tx 174 r 43.000000 c 62.000000
tx 175 r 43.000000 c 63.000000
tx 176 r 44.000000 c 60.000000
tx 177 r 44.000000 c 61.000000
tx 178 r 44.000000 c 62.000000
tx 179 r 44.000000 c 63.000000
tx 180 r 45.000000 c 60.000000
tx 181 r 45.000000 c 61.000000
tx 182 r 45.000000 c 62.000000
tx 183 r 45.000000 c 63.000000
tx 184 r 46.000000 c 60.000000
tx 185 r 46.000000 c 61.000000
tx 186 r 46.000000 c 62.000000
tx 187 r 46.000000 c 63.000000
tx 188 r 47.000000 c 60.000000
tx 189 r 47.000000 c 61.000000
tx 190 r 47.000000 c 62.000000
tx 191 r 47.000000 c 63.000000
tx 64 r 8.000000 c 60.000000
tx 65 r 8.000000 c 61.000000
tx 66 r 8.000000 c 62.000000
tx 67 r 8.000000 c 63.000000
tx 68 r 9.000000 c 60.000000
tx 69 r 9.000000 c 61.000000
tx 70 r 9.000000 c 62.000000
tx 71 r 9.000000 c 63.000000
tx 72 r 10.000000 c 60.000000
tx 73 r 10.000000 c 61.000000
tx 74 r 10.000000 c 62.000000
tx 75 r 10.000000 c 63.000000
tx 76 r 11.000000 c 60.000000
tx 77 r 11.000000 c 61.000000
tx 78 r 11.000000 c 62.000000
tx 79 r 11.000000 c 63.000000
tx 80 r 12.000000 c 60.000000
tx 81 r 12.000000 c 61.000000
tx 82 r 12.000000 c 62.000000
tx 83 r 12.000000 c 63.000000
tx 84 r 13.000000 c 60.000000
tx 85 r 13.000000 c 61.000000
tx 86 r 13.000000 c 62.000000
tx 87 r 13.000000 c 63.000000
tx 88 r 14.000000 c 60.000000
tx 89 r 14.000000 c 61.000000
tx 90 r 14.000000 c 62.000000
tx 91 r 14.000000 c 63.000000
tx 92 r 15.000000 c 60.000000
tx 93 r 15.000000 c 61.000000
tx 94 r 15.000000 c 62.000000
tx 95 r 15.000000 c 63.000000
tx 224 r 40.000000 c 60.000000
tx 225 r 40.000000 c 61.000000
tx 226 r 40.000000 c 62.000000
tx 227 r 40.000000 c 63.000000
tx 228 r 41.000000 c 60.000000
tx 229 r 41.000000 c 61.000000
tx 230 r 41.000000 c 62.000000
tx 231 r 41.000000 c 63.000000
tx 232 r 42.000000 c 60.000000
tx 233 r 42.000000 c 61.000000
tx 234 r 42.000000 c 62.000000
tx 235 r 42.000000 c 63.000000
tx 236 r 43.000000 c 60.000000
tx 237 r 43.000000 c 61.000000
tx 238 r 43.000000 c 62.000000
tx 239 r 43.000000 c 63.000000
tx 240 r 44.000000 c 60.000000
tx 241 r 44.000000 c 61.000000
tx 242 r 44.000000 c 62.000000
tx 243 r 44.000000 c 63.000000
tx 244 r 45.000000 c 60.000000
tx 245 r 45.000000 c 61.000000
tx 246 r 45.000000 c 62.000000
tx 247 r 45.000000 c 63.000000
tx 248 r 46.000000 c 60.000000
tx 249 r 46.000000 c 61.000000
tx 250 r 46.000000 c 62.000000
tx 251 r 46.000000 c 63.000000
tx 252 r 47.000000 c 60.000000
tx 253 r 47.000000 c 61.000000
tx 254 r 47.000000 c 62.000000
tx 255 r 47.000000 c 63.000000
tx 192 r 8.000000 c 60.000000
tx 193 r 8.000000 c 61.000000
tx 194 r 8.000000 c 62.000000
tx 195 r 8.000000 c 63.000000
tx 196 r 9.000000 c 60.000000
tx 197 r 9.000000 c 61.000000
tx 198 r 9.000000 c 62.000000
tx 199 r 9.000000 c 63.000000
tx 200 r 10.000000 c 60.000000
tx 201 r 10.000000 c 61.000000
tx 202 r 10.000000 c 62.000000
tx 203 r 10.000000 c 63.000000
tx 204 r 11.000000 c 60.000000
tx 205 r 11.000000 c 61.000000
tx 206 r 11.000000 c 62.000000
tx 207 r 11.000000 c 63.000000
tx 208 r 12.000000 c 60.000000
tx 209 r 12.000000 c 61.000000
tx 210 r 12.000000 c 62.000000
tx 211 r 12.000000 c 63.000000
tx 212 r 13.000000 c 60.000000
tx 213 r 13.000000 c 61.000000
tx 214 r 13.000000 c 62.000000
tx 215 r 13.000000 c 63.000000
tx 216 r 14.000000 c 60.000000
tx 217 r 14.000000 c 61.000000
tx 218 r 14.000000 c 62.000000
tx 219 r 14.000000 c 63.000000
tx 220 r 15.000000 c 60.000000
tx 221 r 15.000000 c 61.000000
tx 222 r 15.000000 c 62.000000
tx 223 r 15.000000 c 63.000000
tx 96 r 40.000000 c 60.000000
tx 97 r 40.000000 c 61.000000
tx 98 r 40.000000 c 62.000000
tx 99 r 40.000000 c 63.000000
tx 100 r 41.000000 c 60.000000
tx 101 r 41.000000 c 61.000000
tx 102 r 41.000000 c 62.000000
tx 103 r 41.000000 c 63.000000
tx 104 r 42.000000 c 60.000000
tx 105 r 42.000000 c 61.000000
tx 106 r 42.000000 c 62.000000
tx 107 r 42.000000 c 63.000000
tx 108 r 43.000000 c 60.000000
tx 109 r 43.000000 c 61.000000
tx 110 r 43.000000 c 62.000000
tx 111 r 43.000000 c 63.000000
tx 112 r 44.000000 c 60.000000
tx 113 r 44.000000 c 61.000000
tx 114 r 44.000000 c 62.000000
tx 115 r 44.000000 c 63.000000
tx 116 r 45.000000 c 60.000000
tx 117 r 45.000000 c 61.000000
tx 118 r 45.000000 c 62.000000
tx 119 r 45.000000 c 63.000000
tx 120 r 46.000000 c 60.000000
tx 121 r 46.000000 c 61.000000
tx 122 r 46.000000 c 62.000000
tx 123 r 46.000000 c 63.000000
tx 124 r 47.000000 c 60.000000
tx 125 r 47.000000 c 61.000000
tx 126 r 47.000000 c 62.000000
tx 127 r 47.000000 c 63.000000
tx 0 r 8.000000 c 60.000000
tx 1 r 8.000000 c 61.000000
tx 2 r 8.000000 c 62.000000
tx 3 r 8.000000 c 63.000000
tx 4 r 9.000000 c 60.000000
tx 5 r 9.000000 c 61.000000
tx 6 r 9.000000 c 62.000000
tx 7 r 9.000000 c 63.000000
tx 8 r 10.000000 c 60.000000
tx 9 r 10.000000 c 61.000000
tx 10 r 10.000000 c 62.000000
tx 11 r 10.000000 c 63.000000
tx 12 r 11.000000 c 60.000000
tx 13 r 11.000000 c 61.000000
tx 14 r 11.000000 c 62.000000
tx 15 r 11.000000 c 63.000000
tx 16 r 12.000000 c 60.000000
tx 17 r 12.000000 c 61.000000
tx 18 r 12.000000 c 62.000000
tx 19 r 12.000000 c 63.000000
tx 20 r 13.000000 c 60.000000
tx 21 r 13.000000 c 61.000000
tx 22 r 13.000000 c 62.000000
tx 23 r 13.000000 c 63.000000
tx 24 r 14.000000 c 60.000000
tx 25 r 14.000000 c 61.000000
tx 26 r 14.000000 c 62.000000
tx 27 r 14.000000 c 63.000000
tx 28 r 15.000000 c 60.000000
tx 29 r 15.000000 c 61.000000
tx 30 r 15.000000 c 62.000000
tx 31 r 15.000000 c 63.000000
tx 128 r 8.000000 c 60.000000
tx 129 r 8.000000 c 61.000000
tx 130 r 8.000000 c 62.000000
tx 131 r 8.000000 c 63.000000
tx 132 r 9.000000 c 60.000000
tx 133 r 9.000000 c 61.000000
tx 134 r 9.000000 c 62.000000
tx 135 r 9.000000 c 63.000000
tx 136 r 10.000000 c 60.000000
tx 137 r 10.000000 c 61.000000
tx 138 r 10.000000 c 62.000000
tx 139 r 10.000000 c 63.000000
tx 140 r 11.000000 c 60.000000
tx 141 r 11.000000 c 61.000000
tx 142 r 11.000000 c 62.000000
tx 143 r 11.000000 c 63.000000
tx 144 r 12.000000 c 60.000000
tx 145 r 12.000000 c 61.000000
tx 146 r 12.000000 c 62.000000
tx 147 r 12.000000 c 63.000000
tx 148 r 13.000000 c 60.000000
tx 149 r 13.000000 c 61.000000
tx 150 r 13.000000 c 62.000000
tx 151 r 13.000000 c 63.000000
tx 152 r 14.000000 c 60.000000
tx 153 r 14.000000 c 61.000000
tx 154 r 14.000000 c 62.000000
tx 155 r 14.000000 c 63.000000
tx 156 r 15.000000 c 60.000000
tx 157 r 15.000000 c 61.000000
tx 158 r 15.000000 c 62.000000
tx 159 r 15.000000 c 63.000000
tx 32 r 48.000000 c 60.000000
tx 33 r 48.000000 c 61.000000
tx 34 r 48.000000 c 62.000000
tx 35 r 48.000000 c 63.000000
tx 36 r 49.000000 c 60.000000
tx 37 r 49.000000 c 61.000000
tx 38 r 49.000000 c 62.000000
tx 39 r 49.000000 c 63.000000
tx 40 r 50.000000 c 60.000000
tx 41 r 50.000000 c 61.000000
tx 42 r 50.000000 c 62.000000
tx 43 r 50.000000 c 63.000000
tx 44 r 51.000000 c 60.000000
tx 45 r 51.000000 c 61.000000
tx 46 r 51.000000 c 62.000000
tx 47 r 51.000000 c 63.000000
tx 48 r 52.000000 c 60.000000
tx 49 r 52.000000 c 61.000000
tx 50 r 52.000000 c 62.000000
tx 51 r 52.000000 c 63.000000
tx 52 r 53.000000 c 60.000000
tx 53 r 53.000000 c 61.000000
tx 54 r 53.000000 c 62.000000
tx 55 r 53.000000 c 63.000000
tx 56 r 54.000000 c 60.000000
tx 57 r 54.000000 c 61.000000
tx 58 r 54.000000 c 62.000000
tx 59 r 54.000000 c 63.000000
tx 60 r 55.000000 c 60.000000
tx 61 r 55.000000 c 61.000000
tx 62 r 55.000000 c 62.000000
tx 63 r 55.000000 c 63.000000
tx 0 r 16.000000 c 60.000000
tx 1 r 16.000000 c 61.000000
tx 2 r 16.000000 c 62.000000
tx 3 r 16.000000 c 63.000000
tx 4 r 17.000000 c 60.000000
tx 5 r 17.000000 c 61.000000
tx 6 r 17.000000 c 62.000000
tx 7 r 17.000000 c 63.000000
tx 8 r 18.000000 c 60.000000
tx 9 r 18.000000 c 61.000000
tx 10 r 18.000000 c 62.000000
tx 11 r 18.000000 c 63.000000
tx 12 r 19.000000 c 60.000000
tx 13 r 19.000000 c 61.000000
tx 14 r 19.000000 c 62.000000
tx 15 r 19.000000 c 63.000000
tx 16 r 20.000000 c 60.000000
tx 17 r 20.000000 c 61.000000
tx 18 r 20.000000 c 62.000000
tx 19 r 20.000000 c 63.000000
tx 20 r 21.000000 c 60.000000
tx 21 r 21.000000 c 61.000000
tx 22 r 21.000000 c 62.000000
tx 23 r 21.000000 c 63.000000
tx 24 r 22.000000 c 60.000000
tx 25 r 22.000000 c 61.000000
tx 26 r 22.000000 c 62.000000
tx 27 r 22.000000 c 63.000000
tx 28 r 23.000000 c 60.000000
tx 29 r 23.000000 c 61.000000
tx 30 r 23.000000 c 62.000000
tx 31 r 23.000000 c 63.000000
tx 160 r 48.000000 c 60.000000
tx 161 r 48.000000 c 61.000000
tx 162 r 48.000000 c 62.000000
tx 163 r 48.000000 c 63.000000
tx 164 r 49.000000 c 60.000000
tx 165 r 49.000000 c 61.000000
tx 166 r 49.000000 c 62.000000
tx 167 r 49.000000 c 63.000000
tx 168 r 50.000000 c 60.000000
tx 169 r 50.000000 c 61.000000
tx 170 r 50.000000 c 62.000000
tx 171 r 50.000000 c 63.000000
tx 172 r 51.000000 c 60.000000
tx 173 r 51.000000 c 61.000000
tx 174 r 51.000000 c 62.000000
tx 175 r 51.000000 c 63.000000
tx 176 r 52.000000 c 60.000000
tx 177 r 52.000000 c 61.000000
tx 178 r 52.000000 c 62.000000
tx 179 r 52.000000 c 63.000000
tx 180 r 53.000000 c 60.000000
tx 181 r 53.000000 c 61.000000
tx 182 r 53.000000 c 62.000000
tx 183 r 53.000000 c 63.000000
tx 184 r 54.000000 c 60.000000
tx 185 r 54.000000 c 61.000000
tx 186 r 54.000000 c 62.000000
tx 187 r 54.000000 c 63.000000
tx 188 r 55.000000 c 60.000000
tx 189 r 55.000000 c 61.000000
tx 190 r 55.000000 c 62.000000
tx 191 r 55.000000 c 63.000000
tx 64 r 16.000000 c 60.000000
tx 65 r 16.000000 c 61.000000
tx 66 r 16.000000 c 62.000000
tx 67 r 16.000000 c 63.000000
tx 68 r 17.000000 c 60.000000
tx 69 r 17.000000 c 61.000000
tx 70 r 17.000000 c 62.000000
tx 71 r 17.000000 c 63.000000
tx 72 r 18.000000 c 60.000000
tx 73 r 18.000000 c 61.000000
tx 74 r 18.000000 c 62.000000
tx 75 r 18.000000 c 63.000000
tx 76 r 19.000000 c 60.000000
tx 77 r 19.000000 c 61.000000
tx 78 r 19.000000 c 62.000000
tx 79 r 19.000000 c 63.000000
tx 80 r 20.000000 c 60.000000
tx 81 r 20.000000 c 61.000000
tx 82 r 20.000000 c 62.000000
tx 83 r 20.000000 c 63.000000
tx 84 r 21.000000 c 60.000000
tx 85 r 21.000000 c 61.000000
tx 86 r 21.000000 c 62.000000
tx 87 r 21.000000 c 63.000000
tx 88 r 22.000000 c 60.000000
tx 89 r 22.000000 c 61.000000
tx 90 r 22.000000 c 62.000000
tx 91 r 22.000000 c 63.000000
tx 92 r 23.000000 c 60.000000
tx 93 r 23.000000 c 61.000000
tx 94 r 23.000000 c 62.000000
tx 95 r 23.000000 c 63.000000
tx 192 r 16.000000 c 60.000000
tx 193 r 16.000000 c 61.000000
tx 194 r 16.000000 c 62.000000
tx 195 r 16.000000 c 63.000000
tx 196 r 17.000000 c 60.000000
tx 197 r 17.000000 c 61.000000
tx 198 r 17.000000 c 62.000000
tx 199 r 17.000000 c 63.000000
tx 200 r 18.000000 c 60.000000
tx 201 r 18.000000 c 61.000000
tx 202 r 18.000000 c 62.000000
tx 203 r 18.000000 c 63.000000
tx 204 r 19.000000 c 60.000000
tx 205 r 19.000000 c 61.000000
tx 206 r 19.000000 c 62.000000
tx 207 r 19.000000 c 63.000000
tx 208 r 20.000000 c 60.000000
tx 209 r 20.000000 c 61.000000
tx 210 r 20.000000 c 62.000000
tx 211 r 20.000000 c 63.000000
tx 212 r 21.000000 c 60.000000
tx 213 r 21.000000 c 61.000000
tx 214 r 21.000000 c 62.000000
tx 215 r 21.000000 c 63.000000
tx 216 r 22.000000 c 60.000000
tx 217 r 22.000000 c 61.000000
tx 218 r 22.000000 c 62.000000
tx 219 r 22.000000 c 63.000000
tx 220 r 23.000000 c 60.000000
tx 221 r 23.000000 c 61.000000
tx 222 r 23.000000 c 62.000000
tx 223 r 23.000000 c 63.000000
tx 224 r 48.000000 c 60.000000
tx 225 r 48.000000 c 61.000000
tx 226 r 48.000000 c 62.000000
tx 227 r 48.000000 c 63.000000
tx 228 r 49.000000 c 60.000000
tx 229 r 49.000000 c 61.000000
tx 230 r 49.000000 c 62.000000
tx 231 r 49.000000 c 63.000000
tx 232 r 50.000000 c 60.000000
tx 233 r 50.000000 c 61.000000
tx 234 r 50.000000 c 62.000000
tx 235 r 50.000000 c 63.000000
tx 236 r 51.000000 c 60.000000
tx 237 r 51.000000 c 61.000000
tx 238 r 51.000000 c 62.000000
tx 239 r 51.000000 c 63.000000
tx 240 r 52.000000 c 60.000000
tx 241 r 52.000000 c 61.000000
tx 242 r 52.000000 c 62.000000
tx 243 r 52.000000 c 63.000000
tx 244 r 53.000000 c 60.000000
tx 245 r 53.000000 c 61.000000
tx 246 r 53.000000 c 62.000000
tx 247 r 53.000000 c 63.000000
tx 248 r 54.000000 c 60.000000
tx 249 r 54.000000 c 61.000000
tx 250 r 54.000000 c 62.000000
tx 251 r 54.000000 c 63.000000
tx 252 r 55.000000 c 60.000000
tx 253 r 55.000000 c 61.000000
tx 254 r 55.000000 c 62.000000
tx 255 r 55.000000 c 63.000000
tx 96 r 48.000000 c 60.000000
tx 97 r 48.000000 c 61.000000
tx 98 r 48.000000 c 62.000000
tx 99 r 48.000000 c 63.000000
tx 100 r 49.000000 c 60.000000
tx 101 r 49.000000 c 61.000000
tx 102 r 49.000000 c 62.000000
tx 103 r 49.000000 c 63.000000
tx 104 r 50.000000 c 60.000000
tx 105 r 50.000000 c 61.000000
tx 106 r 50.000000 c 62.000000
tx 107 r 50.000000 c 63.000000
tx 108 r 51.000000 c 60.000000
tx 109 r 51.000000 c 61.000000
tx 110 r 51.000000 c 62.000000
tx 111 r 51.000000 c 63.000000
tx 112 r 52.000000 c 60.000000
tx 113 r 52.000000 c 61.000000
tx 114 r 52.000000 c 62.000000
tx 115 r 52.000000 c 63.000000
tx 116 r 53.000000 c 60.000000
tx 117 r 53.000000 c 61.000000
tx 118 r 53.000000 c 62.000000
tx 119 r 53.000000 c 63.000000
tx 120 r 54.000000 c 60.000000
tx 121 r 54.000000 c 61.000000
tx 122 r 54.000000 c 62.000000
tx 123 r 54.000000 c 63.000000
tx 124 r 55.000000 c 60.000000
tx 125 r 55.000000 c 61.000000
tx 126 r 55.000000 c 62.000000
tx 127 r 55.000000 c 63.000000
tx 128 r 16.000000 c 60.000000
tx 129 r 16.000000 c 61.000000
tx 130 r 16.000000 c 62.000000
tx 131 r 16.000000 c 63.000000
tx 132 r 17.000000 c 60.000000
tx 133 r 17.000000 c 61.000000
tx 134 r 17.000000 c 62.000000
tx 135 r 17.000000 c 63.000000
tx 136 r 18.000000 c 60.000000
tx 137 r 18.000000 c 61.000000
tx 138 r 18.000000 c 62.000000
tx 139 r 18.000000 c 63.000000
tx 140 r 19.000000 c 60.000000
tx 141 r 19.000000 c 61.000000
tx 142 r 19.000000 c 62.000000
tx 143 r 19.000000 c 63.000000
tx 144 r 20.000000 c 60.000000
tx 145 r 20.000000 c 61.000000
tx 146 r 20.000000 c 62.000000
tx 147 r 20.000000 c 63.000000
tx 148 r 21.000000 c 60.000000
tx 149 r 21.000000 c 61.000000
tx 150 r 21.000000 c 62.000000
tx 151 r 21.000000 c 63.000000
tx 152 r 22.000000 c 60.000000
tx 153 r 22.000000 c 61.000000
tx 154 r 22.000000 c 62.000000
tx 155 r 22.000000 c 63.000000
tx 156 r 23.000000 c 60.000000
tx 157 r 23.000000 c 61.000000
tx 158 r 23.000000 c 62.000000
tx 159 r 23.000000 c 63.000000
tx 32 r 56.000000 c 60.000000
tx 33 r 56.000000 c 61.000000
tx 34 r 56.000000 c 62.000000
tx 35 r 56.000000 c 63.000000
tx 36 r 57.000000 c 60.000000
tx 37 r 57.000000 c 61.000000
tx 38 r 57.000000 c 62.000000
tx 39 r 57.000000 c 63.000000
tx 40 r 58.000000 c 60.000000
tx 41 r 58.000000 c 61.000000
tx 42 r 58.000000 c 62.000000
tx 43 r 58.000000 c 63.000000
tx 44 r 59.000000 c 60.000000
tx 45 r 59.000000 c 61.000000
tx 46 r 59.000000 c 62.000000
tx 47 r 59.000000 c 63.000000
tx 48 r 60.000000 c 60.000000
tx 49 r 60.000000 c 61.000000
tx 50 r 60.000000 c 62.000000
tx 51 r 60.000000 c 63.000000
tx 52 r 61.000000 c 60.000000
tx 53 r 61.000000 c 61.000000
tx 54 r 61.000000 c 62.000000
tx 55 r 61.000000 c 63.000000
tx 56 r 62.000000 c 60.000000
tx 57 r 62.000000 c 61.000000
tx 58 r 62.000000 c 62.000000
tx 59 r 62.000000 c 63.000000
tx 60 r 63.000000 c 60.000000
tx 61 r 63.000000 c 61.000000
tx 62 r 63.000000 c 62.000000
tx 63 r 63.000000 c 63.000000
tx 0 r 24.000000 c 60.000000
tx 1 r 24.000000 c 61.000000
tx 2 r 24.000000 c 62.000000
tx 3 r 24.000000 c 63.000000
tx 4 r 25.000000 c 60.000000
tx 5 r 25.000000 c 61.000000
tx 6 r 25.000000 c 62.000000
tx 7 r 25.000000 c 63.000000
tx 8 r 26.000000 c 60.000000
tx 9 r 26.000000 c 61.000000
tx 10 r 26.000000 c 62.000000
tx 11 r 26.000000 c 63.000000
tx 12 r 27.000000 c 60.000000
tx 13 r 27.000000 c 61.000000
tx 14 r 27.000000 c 62.000000
tx 15 r 27.000000 c 63.000000
tx 16 r 28.000000 c 60.000000
tx 17 r 28.000000 c 61.000000
tx 18 r 28.000000 c 62.000000
tx 19 r 28.000000 c 63.000000
tx 20 r 29.000000 c 60.000000
tx 21 r 29.000000 c 61.000000
tx 22 r 29.000000 c 62.000000
tx 23 r 29.000000 c 63.000000
tx 24 r 30.000000 c 60.000000
tx 25 r 30.000000 c 61.000000
tx 26 r 30.000000 c 62.000000
tx 27 r 30.000000 c 63.000000
tx 28 r 31.000000 c 60.000000
tx 29 r 31.000000 c 61.000000
tx 30 r 31.000000 c 62.000000
tx 31 r 31.000000 c 63.000000
tx 160 r 56.000000 c 60.000000
tx 161 r 56.000000 c 61.000000
tx 162 r 56.000000 c 62.000000
tx 163 r 56.000000 c 63.000000
tx 164 r 57.000000 c 60.000000
tx 165 r 57.000000 c 61.000000
tx 166 r 57.000000 c 62.000000
tx 167 r 57.000000 c 63.000000
tx 168 r 58.000000 c 60.000000
tx 169 r 58.000000 c 61.000000
tx 170 r 58.000000 c 62.000000
tx 171 r 58.000000 c 63.000000
tx 172 r 59.000000 c 60.000000
tx 173 r 59.000000 c 61.000000
tx 174 r 59.000000 c 62.000000
tx 175 r 59.000000 c 63.000000
tx 176 r 60.000000 c 60.000000
tx 177 r 60.000000 c 61.000000
tx 178 r 60.000000 c 62.000000
tx 179 r 60.000000 c 63.000000
tx 180 r 61.000000 c 60.000000
tx 181 r 61.000000 c 61.000000
tx 182 r 61.000000 c 62.000000
tx 183 r 61.000000 c 63.000000
tx 184 r 62.000000 c 60.000000
tx 185 r 62.000000 c 61.000000
tx 186 r 62.000000 c 62.000000
tx 187 r 62.000000 c 63.000000
tx 188 r 63.000000 c 60.000000
tx 189 r 63.000000 c 61.000000
tx 190 r 63.000000 c 62.000000
tx 191 r 63.000000 c 63.000000
tx 64 r 24.000000 c 60.000000
tx 65 r 24.000000 c 61.000000
tx 66 r 24.000000 c 62.000000
tx 67 r 24.000000 c 63.000000
tx 68 r 25.000000 c 60.000000
tx 69 r 25.000000 c 61.000000
tx 70 r 25.000000 c 62.000000
tx 71 r 25.000000 c 63.000000
tx 72 r 26.000000 c 60.000000
tx 73 r 26.000000 c 61.000000
tx 74 r 26.000000 c 62.000000
tx 75 r 26.000000 c 63.000000
tx 76 r 27.000000 c 60.000000
tx 77 r 27.000000 c 61.000000
tx 78 r 27.000000 c 62.000000
tx 79 r 27.000000 c 63.000000
tx 80 r 28.000000 c 60.000000
tx 81 r 28.000000 c 61.000000
tx 82 r 28.000000 c 62.000000
tx 83 r 28.000000 c 63.000000
tx 84 r 29.000000 c 60.000000
tx 85 r 29.000000 c 61.000000
tx 86 r 29.000000 c 62.000000
tx 87 r 29.000000 c 63.000000
tx 88 r 30.000000 c 60.000000
tx 89 r 30.000000 c 61.000000
tx 90 r 30.000000 c 62.000000
tx 91 r 30.000000 c 63.000000
tx 92 r 31.000000 c 60.000000
tx 93 r 31.000000 c 61.000000
tx 94 r 31.000000 c 62.000000
tx 95 r 31.000000 c 63.000000
tx 192 r 24.000000 c 60.000000
tx 193 r 24.000000 c 61.000000
tx 194 r 24.000000 c 62.000000
tx 195 r 24.000000 c 63.000000
tx 196 r 25.000000 c 60.000000
tx 197 r 25.000000 c 61.000000
tx 198 r 25.000000 c 62.000000
tx 199 r 25.000000 c 63.000000
tx 200 r 26.000000 c 60.000000
tx 201 r 26.000000 c 61.000000
tx 202 r 26.000000 c 62.000000
tx 203 r 26.000000 c 63.000000
tx 204 r 27.000000 c 60.000000
tx 205 r 27.000000 c 61.000000
tx 206 r 27.000000 c 62.000000
tx 207 r 27.000000 c 63.000000
tx 208 r 28.000000 c 60.000000
tx 209 r 28.000000 c 61.000000
tx 210 r 28.000000 c 62.000000
tx 211 r 28.000000 c 63.000000
tx 212 r 29.000000 c 60.000000
tx 213 r 29.000000 c 61.000000
tx 214 r 29.000000 c 62.000000
tx 215 r 29.000000 c 63.000000
tx 216 r 30.000000 c 60.000000
tx 217 r 30.000000 c 61.000000
tx 218 r 30.000000 c 62.000000
tx 219 r 30.000000 c 63.000000
tx 220 r 31.000000 c 60.000000
tx 221 r 31.000000 c 61.000000
tx 222 r 31.000000 c 62.000000
tx 223 r 31.000000 c 63.000000
tx 224 r 56.000000 c 60.000000
tx 225 r 56.000000 c 61.000000
tx 226 r 56.000000 c 62.000000
tx 227 r 56.000000 c 63.000000
tx 228 r 57.000000 c 60.000000
tx 229 r 57.000000 c 61.000000
tx 230 r 57.000000 c 62.000000
tx 231 r 57.000000 c 63.000000
tx 232 r 58.000000 c 60.000000
tx 233 r 58.000000 c 61.000000
tx 234 r 58.000000 c 62.000000
tx 235 r 58.000000 c 63.000000
tx 236 r 59.000000 c 60.000000
tx 237 r 59.000000 c 61.000000
tx 238 r 59.000000 c 62.000000
tx 239 r 59.000000 c 63.000000
tx 240 r 60.000000 c 60.000000
tx 241 r 60.000000 c 61.000000
tx 242 r 60.000000 c 62.000000
tx 243 r 60.000000 c 63.000000
tx 244 r 61.000000 c 60.000000
tx 245 r 61.000000 c 61.000000
tx 246 r 61.000000 c 62.000000
tx 247 r 61.000000 c 63.000000
tx 248 r 62.000000 c 60.000000
tx 249 r 62.000000 c 61.000000
tx 250 r 62.000000 c 62.000000
tx 251 r 62.000000 c 63.000000
tx 252 r 63.000000 c 60.000000
tx 253 r 63.000000 c 61.000000
tx 254 r 63.000000 c 62.000000
tx 255 r 63.000000 c 63.000000
tx 96 r 56.000000 c 60.000000
tx 97 r 56.000000 c 61.000000
tx 98 r 56.000000 c 62.000000
tx 99 r 56.000000 c 63.000000
tx 100 r 57.000000 c 60.000000
tx 101 r 57.000000 c 61.000000
tx 102 r 57.000000 c 62.000000
tx 103 r 57.000000 c 63.000000
tx 104 r 58.000000 c 60.000000
tx 105 r 58.000000 c 61.000000
tx 106 r 58.000000 c 62.000000
tx 107 r 58.000000 c 63.000000
tx 108 r 59.000000 c 60.000000
tx 109 r 59.000000 c 61.000000
tx 110 r 59.000000 c 62.000000
tx 111 r 59.000000 c 63.000000
tx 112 r 60.000000 c 60.000000
tx 113 r 60.000000 c 61.000000
tx 114 r 60.000000 c 62.000000
tx 115 r 60.000000 c 63.000000
tx 116 r 61.000000 c 60.000000
tx 117 r 61.000000 c 61.000000
tx 118 r 61.000000 c 62.000000
tx 119 r 61.000000 c 63.000000
tx 120 r 62.000000 c 60.000000
tx 121 r 62.000000 c 61.000000
tx 122 r 62.000000 c 62.000000
tx 123 r 62.000000 c 63.000000
tx 124 r 63.000000 c 60.000000
tx 125 r 63.000000 c 61.000000
tx 126 r 63.000000 c 62.000000
tx 127 r 63.000000 c 63.000000
tx 128 r 24.000000 c 60.000000
tx 129 r 24.000000 c 61.000000
tx 130 r 24.000000 c 62.000000
tx 131 r 24.000000 c 63.000000
tx 132 r 25.000000 c 60.000000
tx 133 r 25.000000 c 61.000000
tx 134 r 25.000000 c 62.000000
tx 135 r 25.000000 c 63.000000
tx 136 r 26.000000 c 60.000000
tx 137 r 26.000000 c 61.000000
tx 138 r 26.000000 c 62.000000
tx 139 r 26.000000 c 63.000000
tx 140 r 27.000000 c 60.000000
tx 141 r 27.000000 c 61.000000
tx 142 r 27.000000 c 62.000000
tx 143 r 27.000000 c 63.000000
tx 144 r 28.000000 c 60.000000
tx 145 r 28.000000 c 61.000000
tx 146 r 28.000000 c 62.000000
tx 147 r 28.000000 c 63.000000
tx 148 r 29.000000 c 60.000000
tx 149 r 29.000000 c 61.000000
tx 150 r 29.000000 c 62.000000
tx 151 r 29.000000 c 63.000000
tx 152 r 30.000000 c 60.000000
tx 153 r 30.000000 c 61.000000
tx 154 r 30.000000 c 62.000000
tx 155 r 30.000000 c 63.000000
tx 156 r 31.000000 c 60.000000
tx 157 r 31.000000 c 61.000000
tx 158 r 31.000000 c 62.000000
tx 159 r 31.000000 c 63.000000
tx 32 r 32.000000 c 60.000000
tx 33 r 32.000000 c 61.000000
tx 34 r 32.000000 c 62.000000
tx 35 r 32.000000 c 63.000000
tx 36 r 33.000000 c 60.000000
tx 37 r 33.000000 c 61.000000
tx 38 r 33.000000 c 62.000000
tx 39 r 33.000000 c 63.000000
tx 40 r 34.000000 c 60.000000
tx 41 r 34.000000 c 61.000000
tx 42 r 34.000000 c 62.000000
tx 43 r 34.000000 c 63.000000
tx 44 r 35.000000 c 60.000000
tx 45 r 35.000000 c 61.000000
tx 46 r 35.000000 c 62.000000
tx 47 r 35.000000 c 63.000000
tx 48 r 36.000000 c 60.000000
tx 49 r 36.000000 c 61.000000
tx 50 r 36.000000 c 62.000000
tx 51 r 36.000000 c 63.000000
tx 52 r 37.000000 c 60.000000
tx 53 r 37.000000 c 61.000000
tx 54 r 37.000000 c 62.000000
tx 55 r 37.000000 c 63.000000
tx 56 r 38.000000 c 60.000000
tx 57 r 38.000000 c 61.000000
tx 58 r 38.000000 c 62.000000
tx 59 r 38.000000 c 63.000000
tx 60 r 39.000000 c 60.000000
tx 61 r 39.000000 c 61.000000
tx 62 r 39.000000 c 62.000000
tx 63 r 39.000000 c 63.000000
tx 160 r 32.000000 c 60.000000
tx 161 r 32.000000 c 61.000000
tx 162 r 32.000000 c 62.000000
tx 163 r 32.000000 c 63.000000
tx 164 r 33.000000 c 60.000000
tx 165 r 33.000000 c 61.000000
tx 166 r 33.000000 c 62.000000
tx 167 r 33.000000 c 63.000000
tx 168 r 34.000000 c 60.000000
tx 169 r 34.000000 c 61.000000
tx 170 r 34.000000 c 62.000000
tx 171 r 34.000000 c 63.000000
tx 172 r 35.000000 c 60.000000
tx 173 r 35.000000 c 61.000000
tx 174 r 35.000000 c 62.000000
tx 175 r 35.000000 c 63.000000
tx 176 r 36.000000 c 60.000000
tx 177 r 36.000000 c 61.000000
tx 178 r 36.000000 c 62.000000
tx 179 r 36.000000 c 63.000000
tx 180 r 37.000000 c 60.000000
tx 181 r 37.000000 c 61.000000
tx 182 r 37.000000 c 62.000000
tx 183 r 37.000000 c 63.000000
tx 184 r 38.000000 c 60.000000
tx 185 r 38.000000 c 61.000000
tx 186 r 38.000000 c 62.000000
tx 187 r 38.000000 c 63.000000
tx 188 r 39.000000 c 60.000000
tx 189 r 39.000000 c 61.000000
tx 190 r 39.000000 c 62.000000
tx 191 r 39.000000 c 63.000000
tx 0 r 0.000000 c 60.000000
tx 1 r 0.000000 c 61.000000
tx 2 r 0.000000 c 62.000000
tx 3 r 0.000000 c 63.000000
tx 4 r 1.000000 c 60.000000
tx 5 r 1.000000 c 61.000000
tx 6 r 1.000000 c 62.000000
tx 7 r 1.000000 c 63.000000
tx 8 r 2.000000 c 60.000000
tx 9 r 2.000000 c 61.000000
tx 10 r 2.000000 c 62.000000
tx 11 r 2.000000 c 63.000000
tx 12 r 3.000000 c 60.000000
tx 13 r 3.000000 c 61.000000
tx 14 r 3.000000 c 62.000000
tx 15 r 3.000000 c 63.000000
tx 16 r 4.000000 c 60.000000
tx 17 r 4.000000 c 61.000000
tx 18 r 4.000000 c 62.000000
tx 19 r 4.000000 c 63.000000
tx 20 r 5.000000 c 60.000000
tx 21 r 5.000000 c 61.000000
tx 22 r 5.000000 c 62.000000
tx 23 r 5.000000 c 63.000000
tx 24 r 6.000000 c 60.000000
tx 25 r 6.000000 c 61.000000
tx 26 r 6.000000 c 62.000000
tx 27 r 6.000000 c 63.000000
tx 28 r 7.000000 c 60.000000
tx 29 r 7.000000 c 61.000000
tx 30 r 7.000000 c 62.000000
tx 31 r 7.000000 c 63.000000
tx 64 r 0.000000 c 60.000000
tx 65 r 0.000000 c 61.000000
tx 66 r 0.000000 c 62.000000
tx 67 r 0.000000 c 63.000000
tx 68 r 1.000000 c 60.000000
tx 69 r 1.000000 c 61.000000
tx 70 r 1.000000 c 62.000000
tx 71 r 1.000000 c 63.000000
tx 72 r 2.000000 c 60.000000
tx 73 r 2.000000 c 61.000000
tx 74 r 2.000000 c 62.000000
tx 75 r 2.000000 c 63.000000
tx 76 r 3.000000 c 60.000000
tx 77 r 3.000000 c 61.000000
tx 78 r 3.000000 c 62.000000
tx 79 r 3.000000 c 63.000000
tx 80 r 4.000000 c 60.000000
tx 81 r 4.000000 c 61.000000
tx 82 r 4.000000 c 62.000000
tx 83 r 4.000000 c 63.000000
tx 84 r 5.000000 c 60.000000
tx 85 r 5.000000 c 61.000000
tx 86 r 5.000000 c 62.000000
tx 87 r 5.000000 c 63.000000
tx 88 r 6.000000 c 60.000000
tx 89 r 6.000000 c 61.000000
tx 90 r 6.000000 c 62.000000
tx 91 r 6.000000 c 63.000000
tx 92 r 7.000000 c 60.000000
tx 93 r 7.000000 c 61.000000
tx 94 r 7.000000 c 62.000000
tx 95 r 7.000000 c 63.000000
tx 224 r 32.000000 c 60.000000
tx 225 r 32.000000 c 61.000000
tx 226 r 32.000000 c 62.000000
tx 227 r 32.000000 c 63.000000
tx 228 r 33.000000 c 60.000000
tx 229 r 33.000000 c 61.000000
tx 230 r 33.000000 c 62.000000
tx 231 r 33.000000 c 63.000000
tx 232 r 34.000000 c 60.000000
tx 233 r 34.000000 c 61.000000
tx 234 r 34.000000 c 62.000000
tx 235 r 34.000000 c 63.000000
tx 236 r 35.000000 c 60.000000
tx 237 r 35.000000 c 61.000000
tx 238 r 35.000000 c 62.000000
tx 239 r 35.000000 c 63.000000
tx 240 r 36.000000 c 60.000000
tx 241 r 36.000000 c 61.000000
tx 242 r 36.000000 c 62.000000
tx 243 r 36.000000 c 63.000000
tx 244 r 37.000000 c 60.000000
tx 245 r 37.000000 c 61.000000
tx 246 r 37.000000 c 62.000000
tx 247 r 37.000000 c 63.000000
tx 248 r 38.000000 c 60.000000
tx 249 r 38.000000 c 61.000000
tx 250 r 38.000000 c 62.000000
tx 251 r 38.000000 c 63.000000
tx 252 r 39.000000 c 60.000000
tx 253 r 39.000000 c 61.000000
tx 254 r 39.000000 c 62.000000
tx 255 r 39.000000 c 63.000000
tx 192 r 0.000000 c 60.000000
tx 193 r 0.000000 c 61.000000
tx 194 r 0.000000 c 62.000000
tx 195 r 0.000000 c 63.000000
tx 196 r 1.000000 c 60.000000
tx 197 r 1.000000 c 61.000000
tx 198 r 1.000000 c 62.000000
tx 199 r 1.000000 c 63.000000
tx 200 r 2.000000 c 60.000000
tx 201 r 2.000000 c 61.000000
tx 202 r 2.000000 c 62.000000
tx 203 r 2.000000 c 63.000000
tx 204 r 3.000000 c 60.000000
tx 205 r 3.000000 c 61.000000
tx 206 r 3.000000 c 62.000000
tx 207 r 3.000000 c 63.000000
tx 208 r 4.000000 c 60.000000
tx 209 r 4.000000 c 61.000000
tx 210 r 4.000000 c 62.000000
tx 211 r 4.000000 c 63.000000
tx 212 r 5.000000 c 60.000000
tx 213 r 5.000000 c 61.000000
tx 214 r 5.000000 c 62.000000
tx 215 r 5.000000 c 63.000000
tx 216 r 6.000000 c 60.000000
tx 217 r 6.000000 c 61.000000
tx 218 r 6.000000 c 62.000000
tx 219 r 6.000000 c 63.000000
tx 220 r 7.000000 c 60.000000
tx 221 r 7.000000 c 61.000000
tx 222 r 7.000000 c 62.000000
tx 223 r 7.000000 c 63.000000
tx 96 r 32.000000 c 60.000000
tx 97 r 32.000000 c 61.000000
tx 98 r 32.000000 c 62.000000
tx 99 r 32.000000 c 63.000000
tx 100 r 33.000000 c 60.000000
tx 101 r 33.000000 c 61.000000
tx 102 r 33.000000 c 62.000000
tx 103 r 33.000000 c 63.000000
tx 104 r 34.000000 c 60.000000
tx 105 r 34.000000 c 61.000000
tx 106 r 34.000000 c 62.000000
tx 107 r 34.000000 c 63.000000
tx 108 r 35.000000 c 60.000000
tx 109 r 35.000000 c 61.000000
tx 110 r 35.000000 c 62.000000
tx 111 r 35.000000 c 63.000000
tx 112 r 36.000000 c 60.000000
tx 113 r 36.000000 c 61.000000
tx 114 r 36.000000 c 62.000000
tx 115 r 36.000000 c 63.000000
tx 116 r 37.000000 c 60.000000
tx 117 r 37.000000 c 61.000000
tx 118 r 37.000000 c 62.000000
tx 119 r 37.000000 c 63.000000
tx 120 r 38.000000 c 60.000000
tx 121 r 38.000000 c 61.000000
tx 122 r 38.000000 c 62.000000
tx 123 r 38.000000 c 63.000000
tx 124 r 39.000000 c 60.000000
tx 125 r 39.000000 c 61.000000
tx 126 r 39.000000 c 62.000000
tx 127 r 39.000000 c 63.000000
tx 128 r 0.000000 c 60.000000
tx 129 r 0.000000 c 61.000000
tx 130 r 0.000000 c 62.000000
tx 131 r 0.000000 c 63.000000
tx 132 r 1.000000 c 60.000000
tx 133 r 1.000000 c 61.000000
tx 134 r 1.000000 c 62.000000
tx 135 r 1.000000 c 63.000000
tx 136 r 2.000000 c 60.000000
tx 137 r 2.000000 c 61.000000
tx 138 r 2.000000 c 62.000000
tx 139 r 2.000000 c 63.000000
tx 140 r 3.000000 c 60.000000
tx 141 r 3.000000 c 61.000000
tx 142 r 3.000000 c 62.000000
tx 143 r 3.000000 c 63.000000
tx 144 r 4.000000 c 60.000000
tx 145 r 4.000000 c 61.000000
tx 146 r 4.000000 c 62.000000
tx 147 r 4.000000 c 63.000000
tx 148 r 5.000000 c 60.000000
tx 149 r 5.000000 c 61.000000
tx 150 r 5.000000 c 62.000000
tx 151 r 5.000000 c 63.000000
tx 152 r 6.000000 c 60.000000
tx 153 r 6.000000 c 61.000000
tx 154 r 6.000000 c 62.000000
tx 155 r 6.000000 c 63.000000
tx 156 r 7.000000 c 60.000000
tx 157 r 7.000000 c 61.000000
tx 158 r 7.000000 c 62.000000
tx 159 r 7.000000 c 63.000000
tx 32 r 40.000000 c 60.000000
tx 33 r 40.000000 c 61.000000
tx 34 r 40.000000 c 62.000000
tx 35 r 40.000000 c 63.000000
tx 36 r 41.000000 c 60.000000
tx 37 r 41.000000 c 61.000000
tx 38 r 41.000000 c 62.000000
tx 39 r 41.000000 c 63.000000
tx 40 r 42.000000 c 60.000000
tx 41 r 42.000000 c 61.000000
tx 42 r 42.000000 c 62.000000
tx 43 r 42.000000 c 63.000000
tx 44 r 43.000000 c 60.000000
tx 45 r 43.000000 c 61.000000
tx 46 r 43.000000 c 62.000000
tx 47 r 43.000000 c 63.000000
tx 48 r 44.000000 c 60.000000
tx 49 r 44.000000 c 61.000000
tx 50 r 44.000000 c 62.000000
tx 51 r 44.000000 c 63.000000
tx 52 r 45.000000 c 60.000000
tx 53 r 45.000000 c 61.000000
tx 54 r 45.000000 c 62.000000
tx 55 r 45.000000 c 63.000000
tx 56 r 46.000000 c 60.000000
tx 57 r 46.000000 c 61.000000
tx 58 r 46.000000 c 62.000000
tx 59 r 46.000000 c 63.000000
tx 60 r 47.000000 c 60.000000
tx 61 r 47.000000 c 61.000000
tx 62 r 47.000000 c 62.000000
tx 63 r 47.000000 c 63.000000
tx 0 r 8.000000 c 60.000000
tx 1 r 8.000000 c 61.000000
tx 2 r 8.000000 c 62.000000
tx 3 r 8.000000 c 63.000000
tx 4 r 9.000000 c 60.000000
tx 5 r 9.000000 c 61.000000
tx 6 r 9.000000 c 62.000000
tx 7 r 9.000000 c 63.000000
tx 8 r 10.000000 c 60.000000
tx 9 r 10.000000 c 61.000000
tx 10 r 10.000000 c 62.000000
tx 11 r 10.000000 c 63.000000
tx 12 r 11.000000 c 60.000000
tx 13 r 11.000000 c 61.000000
tx 14 r 11.000000 c 62.000000
tx 15 r 11.000000 c 63.000000
tx 16 r 12.000000 c 60.000000
tx 17 r 12.000000 c 61.000000
tx 18 r 12.000000 c 62.000000
tx 19 r 12.000000 c 63.000000
tx 20 r 13.000000 c 60.000000
tx 21 r 13.000000 c 61.000000
tx 22 r 13.000000 c 62.000000
tx 23 r 13.000000 c 63.000000
tx 24 r 14.000000 c 60.000000
tx 25 r 14.000000 c 61.000000
tx 26 r 14.000000 c 62.000000
tx 27 r 14.000000 c 63.000000
tx 28 r 15.000000 c 60.000000
tx 29 r 15.000000 c 61.000000
tx 30 r 15.000000 c 62.000000
tx 31 r 15.000000 c 63.000000
tx 160 r 40.000000 c 60.000000
tx 161 r 40.000000 c 61.000000
tx 162 r 40.000000 c 62.000000
tx 163 r 40.000000 c 63.000000
tx 164 r 41.000000 c 60.000000
tx 165 r 41.000000 c 61.000000
tx 166 r 41.000000 c 62.000000
tx 167 r 41.000000 c 63.000000
tx 168 r 42.000000 c 60.000000
tx 169 r 42.000000 c 61.000000
tx 170 r 42.000000 c 62.000000
tx 171 r 42.000000 c 63.000000
tx 172 r 43.000000 c 60.000000
tx 173 r 43.000000 c 61.000000
tx 174 r 43.000000 c 62.000000
tx 175 r 43.000000 c 63.000000
tx 176 r 44.000000 c 60.000000
tx 177 r 44.000000 c 61.000000
tx 178 r 44.000000 c 62.000000
tx 179 r 44.000000 c 63.000000
tx 180 r 45.000000 c 60.000000
tx 181 r 45.000000 c 61.000000
tx 182 r 45.000000 c 62.000000
tx 183 r 45.000000 c 63.000000
tx 184 r 46.000000 c 60.000000
tx 185 r 46.000000 c 61.000000
tx 186 r 46.000000 c 62.000000
tx 187 r 46.000000 c 63.000000
tx 188 r 47.000000 c 60.000000
tx 189 r 47.000000 c 61.000000
tx 190 r 47.000000 c 62.000000
tx 191 r 47.000000 c 63.000000
tx 64 r 8.000000 c 60.000000
tx 65 r 8.000000 c 61.000000
tx 66 r 8.000000 c 62.000000
tx 67 r 8.000000 c 63.000000
tx 68 r 9.000000 c 60.000000
tx 69 r 9.000000 c 61.000000
tx 70 r 9.000000 c 62.000000
tx 71 r 9.000000 c 63.000000
tx 72 r 10.000000 c 60.000000
tx 73 r 10.000000 c 61.000000
tx 74 r 10.000000 c 62.000000
tx 75 r 10.000000 c 63.000000
tx 76 r 11.000000 c 60.000000
tx 77 r 11.000000 c 61.000000
tx 78 r 11.000000 c 62.000000
tx 79 r 11.000000 c 63.000000
tx 80 r 12.000000 c 60.000000
tx 81 r 12.000000 c 61.000000
tx 82 r 12.000000 c 62.000000
tx 83 r 12.000000 c 63.000000
tx 84 r 13.000000 c 60.000000
tx 85 r 13.000000 c 61.000000
tx 86 r 13.000000 c 62.000000
tx 87 r 13.000000 c 63.000000
tx 88 r 14.000000 c 60.000000
tx 89 r 14.000000 c 61.000000
tx 90 r 14.000000 c 62.000000
tx 91 r 14.000000 c 63.000000
tx 92 r 15.000000 c 60.000000
tx 93 r 15.000000 c 61.000000
tx 94 r 15.000000 c 62.000000
tx 95 r 15.000000 c 63.000000
tx 224 r 40.000000 c 60.000000
tx 225 r 40.000000 c 61.000000
tx 226 r 40.000000 c 62.000000
tx 227 r 40.000000 c 63.000000
tx 228 r 41.000000 c 60.000000
tx 229 r 41.000000 c 61.000000
tx 230 r 41.000000 c 62.000000
tx 231 r 41.000000 c 63.000000
tx 232 r 42.000000 c 60.000000
tx 233 r 42.000000 c 61.000000
tx 234 r 42.000000 c 62.000000
tx 235 r 42.000000 c 63.000000
tx 236 r 43.000000 c 60.000000
tx 237 r 43.000000 c 61.000000
tx 238 r 43.000000 c 62.000000
tx 239 r 43.000000 c 63.000000
tx 240 r 44.000000 c 60.000000
tx 241 r 44.000000 c 61.000000
tx 242 r 44.000000 c 62.000000
tx 243 r 44.000000 c 63.000000
tx 244 r 45.000000 c 60.000000
tx 245 r 45.000000 c 61.000000
tx 246 r 45.000000 c 62.000000
tx 247 r 45.000000 c 63.000000
tx 248 r 46.000000 c 60.000000
tx 249 r 46.000000 c 61.000000
tx 250 r 46.000000 c 62.000000
tx 251 r 46.000000 c 63.000000
tx 252 r 47.000000 c 60.000000
tx 253 r 47.000000 c 61.000000
tx 254 r 47.000000 c 62.000000
tx 255 r 47.000000 c 63.000000
tx 192 r 8.000000 c 60.000000
tx 193 r 8.000000 c 61.000000
tx 194 r 8.000000 c 62.000000
tx 195 r 8.000000 c 63.000000
tx 196 r 9.000000 c 60.000000
tx 197 r 9.000000 c 61.000000
tx 198 r 9.000000 c 62.000000
tx 199 r 9.000000 c 63.000000
tx 200 r 10.000000 c 60.000000
tx 201 r 10.000000 c 61.000000
tx 202 r 10.000000 c 62.000000
tx 203 r 10.000000 c 63.000000
tx 204 r 11.000000 c 60.000000
tx 205 r 11.000000 c 61.000000
tx 206 r 11.000000 c 62.000000
tx 207 r 11.000000 c 63.000000
tx 208 r 12.000000 c 60.000000
tx 209 r 12.000000 c 61.000000
tx 210 r 12.000000 c 62.000000
tx 211 r 12.000000 c 63.000000
tx 212 r 13.000000 c 60.000000
tx 213 r 13.000000 c 61.000000
tx 214 r 13.000000 c 62.000000
tx 215 r 13.000000 c 63.000000
tx 216 r 14.000000 c 60.000000
tx 217 r 14.000000 c 61.000000
tx 218 r 14.000000 c 62.000000
tx 219 r 14.000000 c 63.000000
tx 220 r 15.000000 c 60.000000
tx 221 r 15.000000 c 61.000000
tx 222 r 15.000000 c 62.000000
tx 223 r 15.000000 c 63.000000
tx 96 r 40.000000 c 60.000000
tx 97 r 40.000000 c 61.000000
tx 98 r 40.000000 c 62.000000
tx 99 r 40.000000 c 63.000000
tx 100 r 41.000000 c 60.000000
tx 101 r 41.000000 c 61.000000
tx 102 r 41.000000 c 62.000000
tx 103 r 41.000000 c 63.000000
tx 104 r 42.000000 c 60.000000
tx 105 r 42.000000 c 61.000000
tx 106 r 42.000000 c 62.000000
tx 107 r 42.000000 c 63.000000
tx 108 r 43.000000 c 60.000000
tx 109 r 43.000000 c 61.000000
tx 110 r 43.000000 c 62.000000
tx 111 r 43.000000 c 63.000000
tx 112 r 44.000000 c 60.000000
tx 113 r 44.000000 c 61.000000
tx 114 r 44.000000 c 62.000000
tx 115 r 44.000000 c 63.000000
tx 116 r 45.000000 c 60.000000
tx 117 r 45.000000 c 61.000000
tx 118 r 45.000000 c 62.000000
tx 119 r 45.000000 c 63.000000
tx 120 r 46.000000 c 60.000000
tx 121 r 46.000000 c 61.000000
tx 122 r 46.000000 c 62.000000
tx 123 r 46.000000 c 63.000000
tx 124 r 47.000000 c 60.000000
tx 125 r 47.000000 c 61.000000
tx 126 r 47.000000 c 62.000000
tx 127 r 47.000000 c 63.000000
tx 128 r 8.000000 c 60.000000
tx 129 r 8.000000 c 61.000000
tx 130 r 8.000000 c 62.000000
tx 131 r 8.000000 c 63.000000
tx 132 r 9.000000 c 60.000000
tx 133 r 9.000000 c 61.000000
tx 134 r 9.000000 c 62.000000
tx 135 r 9.000000 c 63.000000
tx 136 r 10.000000 c 60.000000
tx 137 r 10.000000 c 61.000000
tx 138 r 10.000000 c 62.000000
tx 139 r 10.000000 c 63.000000
tx 140 r 11.000000 c 60.000000
tx 141 r 11.000000 c 61.000000
tx 142 r 11.000000 c 62.000000
tx 143 r 11.000000 c 63.000000
tx 144 r 12.000000 c 60.000000
tx 145 r 12.000000 c 61.000000
tx 146 r 12.000000 c 62.000000
tx 147 r 12.000000 c 63.000000
tx 148 r 13.000000 c 60.000000
tx 149 r 13.000000 c 61.000000
tx 150 r 13.000000 c 62.000000
tx 151 r 13.000000 c 63.000000
tx 152 r 14.000000 c 60.000000
tx 153 r 14.000000 c 61.000000
tx 154 r 14.000000 c 62.000000
tx 155 r 14.000000 c 63.000000
tx 156 r 15.000000 c 60.000000
tx 157 r 15.000000 c 61.000000
tx 158 r 15.000000 c 62.000000
tx 159 r 15.000000 c 63.000000
tx 32 r 48.000000 c 60.000000
tx 33 r 48.000000 c 61.000000
tx 34 r 48.000000 c 62.000000
tx 35 r 48.000000 c 63.000000
tx 36 r 49.000000 c 60.000000
tx 37 r 49.000000 c 61.000000
tx 38 r 49.000000 c 62.000000
tx 39 r 49.000000 c 63.000000
tx 40 r 50.000000 c 60.000000
tx 41 r 50.000000 c 61.000000
tx 42 r 50.000000 c 62.000000
tx 43 r 50.000000 c 63.000000
tx 44 r 51.000000 c 60.000000
tx 45 r 51.000000 c 61.000000
tx 46 r 51.000000 c 62.000000
tx 47 r 51.000000 c 63.000000
tx 48 r 52.000000 c 60.000000
tx 49 r 52.000000 c 61.000000
tx 50 r 52.000000 c 62.000000
tx 51 r 52.000000 c 63.000000
tx 52 r 53.000000 c 60.000000
tx 53 r 53.000000 c 61.000000
tx 54 r 53.000000 c 62.000000
tx 55 r 53.000000 c 63.000000
tx 56 r 54.000000 c 60.000000
tx 57 r 54.000000 c 61.000000
tx 58 r 54.000000 c 62.000000
tx 59 r 54.000000 c 63.000000
tx 60 r 55.000000 c 60.000000
tx 61 r 55.000000 c 61.000000
tx 62 r 55.000000 c 62.000000
tx 63 r 55.000000 c 63.000000
tx 0 r 16.000000 c 60.000000
tx 1 r 16.000000 c 61.000000
tx 2 r 16.000000 c 62.000000
tx 3 r 16.000000 c 63.000000
tx 4 r 17.000000 c 60.000000
tx 5 r 17.000000 c 61.000000
tx 6 r 17.000000 c 62.000000
tx 7 r 17.000000 c 63.000000
tx 8 r 18.000000 c 60.000000
tx 9 r 18.000000 c 61.000000
tx 10 r 18.000000 c 62.000000
tx 11 r 18.000000 c 63.000000
tx 12 r 19.000000 c 60.000000
tx 13 r 19.000000 c 61.000000
tx 14 r 19.000000 c 62.000000
tx 15 r 19.000000 c 63.000000
tx 16 r 20.000000 c 60.000000
tx 17 r 20.000000 c 61.000000
tx 18 r 20.000000 c 62.000000
tx 19 r 20.000000 c 63.000000
tx 20 r 21.000000 c 60.000000
tx 21 r 21.000000 c 61.000000
tx 22 r 21.000000 c 62.000000
tx 23 r 21.000000 c 63.000000
tx 24 r 22.000000 c 60.000000
tx 25 r 22.000000 c 61.000000
tx 26 r 22.000000 c 62.000000
tx 27 r 22.000000 c 63.000000
tx 28 r 23.000000 c 60.000000
tx 29 r 23.000000 c 61.000000
tx 30 r 23.000000 c 62.000000
tx 31 r 23.000000 c 63.000000
tx 160 r 48.000000 c 60.000000
tx 161 r 48.000000 c 61.000000
tx 162 r 48.000000 c 62.000000
tx 163 r 48.000000 c 63.000000
tx 164 r 49.000000 c 60.000000
tx 165 r 49.000000 c 61.000000
tx 166 r 49.000000 c 62.000000
tx 167 r 49.000000 c 63.000000
tx 168 r 50.000000 c 60.000000
tx 169 r 50.000000 c 61.000000
tx 170 r 50.000000 c 62.000000
tx 171 r 50.000000 c 63.000000
tx 172 r 51.000000 c 60.000000
tx 173 r 51.000000 c 61.000000
tx 174 r 51.000000 c 62.000000
tx 175 r 51.000000 c 63.000000
tx 176 r 52.000000 c 60.000000
tx 177 r 52.000000 c 61.000000
tx 178 r 52.000000 c 62.000000
tx 179 r 52.000000 c 63.000000
tx 180 r 53.000000 c 60.000000
tx 181 r 53.000000 c 61.000000
tx 182 r 53.000000 c 62.000000
tx 183 r 53.000000 c 63.000000
tx 184 r 54.000000 c 60.000000
tx 185 r 54.000000 c 61.000000
tx 186 r 54.000000 c 62.000000
tx 187 r 54.000000 c 63.000000
tx 188 r 55.000000 c 60.000000
tx 189 r 55.000000 c 61.000000
tx 190 r 55.000000 c 62.000000
tx 191 r 55.000000 c 63.000000
tx 224 r 48.000000 c 60.000000
tx 225 r 48.000000 c 61.000000
tx 226 r 48.000000 c 62.000000
tx 227 r 48.000000 c 63.000000
tx 228 r 49.000000 c 60.000000
tx 229 r 49.000000 c 61.000000
tx 230 r 49.000000 c 62.000000
tx 231 r 49.000000 c 63.000000
tx 232 r 50.000000 c 60.000000
tx 233 r 50.000000 c 61.000000
tx 234 r 50.000000 c 62.000000
tx 235 r 50.000000 c 63.000000
tx 236 r 51.000000 c 60.000000
tx 237 r 51.000000 c 61.000000
tx 238 r 51.000000 c 62.000000
tx 239 r 51.000000 c 63.000000
tx 240 r 52.000000 c 60.000000
tx 241 r 52.000000 c 61.000000
tx 242 r 52.000000 c 62.000000
tx 243 r 52.000000 c 63.000000
tx 244 r 53.000000 c 60.000000
tx 245 r 53.000000 c 61.000000
tx 246 r 53.000000 c 62.000000
tx 247 r 53.000000 c 63.000000
tx 248 r 54.000000 c 60.000000
tx 249 r 54.000000 c 61.000000
tx 250 r 54.000000 c 62.000000
tx 251 r 54.000000 c 63.000000
tx 252 r 55.000000 c 60.000000
tx 253 r 55.000000 c 61.000000
tx 254 r 55.000000 c 62.000000
tx 255 r 55.000000 c 63.000000
tx 64 r 16.000000 c 60.000000
tx 65 r 16.000000 c 61.000000
tx 66 r 16.000000 c 62.000000
tx 67 r 16.000000 c 63.000000
tx 68 r 17.000000 c 60.000000
tx 69 r 17.000000 c 61.000000
tx 70 r 17.000000 c 62.000000
tx 71 r 17.000000 c 63.000000
tx 72 r 18.000000 c 60.000000
tx 73 r 18.000000 c 61.000000
tx 74 r 18.000000 c 62.000000
tx 75 r 18.000000 c 63.000000
tx 76 r 19.000000 c 60.000000
tx 77 r 19.000000 c 61.000000
tx 78 r 19.000000 c 62.000000
tx 79 r 19.000000 c 63.000000
tx 80 r 20.000000 c 60.000000
tx 81 r 20.000000 c 61.000000
tx 82 r 20.000000 c 62.000000
tx 83 r 20.000000 c 63.000000
tx 84 r 21.000000 c 60.000000
tx 85 r 21.000000 c 61.000000
tx 86 r 21.000000 c 62.000000
tx 87 r 21.000000 c 63.000000
tx 88 r 22.000000 c 60.000000
tx 89 r 22.000000 c 61.000000
tx 90 r 22.000000 c 62.000000
tx 91 r 22.000000 c 63.000000
tx 92 r 23.000000 c 60.000000
tx 93 r 23.000000 c 61.000000
tx 94 r 23.000000 c 62.000000
tx 95 r 23.000000 c 63.000000
tx 192 r 16.000000 c 60.000000
tx 193 r 16.000000 c 61.000000
tx 194 r 16.000000 c 62.000000
tx 195 r 16.000000 c 63.000000
tx 196 r 17.000000 c 60.000000
tx 197 r 17.000000 c 61.000000
tx 198 r 17.000000 c 62.000000
tx 199 r 17.000000 c 63.000000
tx 200 r 18.000000 c 60.000000
tx 201 r 18.000000 c 61.000000
tx 202 r 18.000000 c 62.000000
tx 203 r 18.000000 c 63.000000
tx 204 r 19.000000 c 60.000000
tx 205 r 19.000000 c 61.000000
tx 206 r 19.000000 c 62.000000
tx 207 r 19.000000 c 63.000000
tx 208 r 20.000000 c 60.000000
tx 209 r 20.000000 c 61.000000
tx 210 r 20.000000 c 62.000000
tx 211 r 20.000000 c 63.000000
tx 212 r 21.000000 c 60.000000
tx 213 r 21.000000 c 61.000000
tx 214 r 21.000000 c 62.000000
tx 215 r 21.000000 c 63.000000
tx 216 r 22.000000 c 60.000000
tx 217 r 22.000000 c 61.000000
tx 218 r 22.000000 c 62.000000
tx 219 r 22.000000 c 63.000000
tx 220 r 23.000000 c 60.000000
tx 221 r 23.000000 c 61.000000
tx 222 r 23.000000 c 62.000000
tx 223 r 23.000000 c 63.000000
tx 96 r 48.000000 c 60.000000
tx 97 r 48.000000 c 61.000000
tx 98 r 48.000000 c 62.000000
tx 99 r 48.000000 c 63.000000
tx 100 r 49.000000 c 60.000000
tx 101 r 49.000000 c 61.000000
tx 102 r 49.000000 c 62.000000
tx 103 r 49.000000 c 63.000000
tx 104 r 50.000000 c 60.000000
tx 105 r 50.000000 c 61.000000
tx 106 r 50.000000 c 62.000000
tx 107 r 50.000000 c 63.000000
tx 108 r 51.000000 c 60.000000
tx 109 r 51.000000 c 61.000000
tx 110 r 51.000000 c 62.000000
tx 111 r 51.000000 c 63.000000
tx 112 r 52.000000 c 60.000000
tx 113 r 52.000000 c 61.000000
tx 114 r 52.000000 c 62.000000
tx 115 r 52.000000 c 63.000000
tx 116 r 53.000000 c 60.000000
tx 117 r 53.000000 c 61.000000
tx 118 r 53.000000 c 62.000000
tx 119 r 53.000000 c 63.000000
tx 120 r 54.000000 c 60.000000
tx 121 r 54.000000 c 61.000000
tx 122 r 54.000000 c 62.000000
tx 123 r 54.000000 c 63.000000
tx 124 r 55.000000 c 60.000000
tx 125 r 55.000000 c 61.000000
tx 126 r 55.000000 c 62.000000
tx 127 r 55.000000 c 63.000000
tx 128 r 16.000000 c 60.000000
tx 129 r 16.000000 c 61.000000
tx 130 r 16.000000 c 62.000000
tx 131 r 16.000000 c 63.000000
tx 132 r 17.000000 c 60.000000
tx 133 r 17.000000 c 61.000000
tx 134 r 17.000000 c 62.000000
tx 135 r 17.000000 c 63.000000
tx 136 r 18.000000 c 60.000000
tx 137 r 18.000000 c 61.000000
tx 138 r 18.000000 c 62.000000
tx 139 r 18.000000 c 63.000000
tx 140 r 19.000000 c 60.000000
tx 141 r 19.000000 c 61.000000
tx 142 r 19.000000 c 62.000000
tx 143 r 19.000000 c 63.000000
tx 144 r 20.000000 c 60.000000
tx 145 r 20.000000 c 61.000000
tx 146 r 20.000000 c 62.000000
tx 147 r 20.000000 c 63.000000
tx 148 r 21.000000 c 60.000000
tx 149 r 21.000000 c 61.000000
tx 150 r 21.000000 c 62.000000
tx 151 r 21.000000 c 63.000000
tx 152 r 22.000000 c 60.000000
tx 153 r 22.000000 c 61.000000
tx 154 r 22.000000 c 62.000000
tx 155 r 22.000000 c 63.000000
tx 156 r 23.000000 c 60.000000
tx 157 r 23.000000 c 61.000000
tx 158 r 23.000000 c 62.000000
tx 159 r 23.000000 c 63.000000
tx 32 r 56.000000 c 60.000000
tx 33 r 56.000000 c 61.000000
tx 34 r 56.000000 c 62.000000
tx 35 r 56.000000 c 63.000000
tx 36 r 57.000000 c 60.000000
tx 37 r 57.000000 c 61.000000
tx 38 r 57.000000 c 62.000000
tx 39 r 57.000000 c 63.000000
tx 40 r 58.000000 c 60.000000
tx 41 r 58.000000 c 61.000000
tx 42 r 58.000000 c 62.000000
tx 43 r 58.000000 c 63.000000
tx 44 r 59.000000 c 60.000000
tx 45 r 59.000000 c 61.000000
tx 46 r 59.000000 c 62.000000
tx 47 r 59.000000 c 63.000000
tx 48 r 60.000000 c 60.000000
tx 49 r 60.000000 c 61.000000
tx 50 r 60.000000 c 62.000000
tx 51 r 60.000000 c 63.000000
tx 52 r 61.000000 c 60.000000
tx 53 r 61.000000 c 61.000000
tx 54 r 61.000000 c 62.000000
tx 55 r 61.000000 c 63.000000
tx 56 r 62.000000 c 60.000000
tx 57 r 62.000000 c 61.000000
tx 58 r 62.000000 c 62.000000
tx 59 r 62.000000 c 63.000000
tx 60 r 63.000000 c 60.000000
tx 61 r 63.000000 c 61.000000
tx 62 r 63.000000 c 62.000000
tx 63 r 63.000000 c 63.000000
tx 160 r 56.000000 c 60.000000
tx 161 r 56.000000 c 61.000000
tx 162 r 56.000000 c 62.000000
tx 163 r 56.000000 c 63.000000
tx 164 r 57.000000 c 60.000000
tx 165 r 57.000000 c 61.000000
tx 166 r 57.000000 c 62.000000
tx 167 r 57.000000 c 63.000000
tx 168 r 58.000000 c 60.000000
tx 169 r 58.000000 c 61.000000
tx 170 r 58.000000 c 62.000000
tx 171 r 58.000000 c 63.000000
tx 172 r 59.000000 c 60.000000
tx 173 r 59.000000 c 61.000000
tx 174 r 59.000000 c 62.000000
tx 175 r 59.000000 c 63.000000
tx 176 r 60.000000 c 60.000000
tx 177 r 60.000000 c 61.000000
tx 178 r 60.000000 c 62.000000
tx 179 r 60.000000 c 63.000000
tx 180 r 61.000000 c 60.000000
tx 181 r 61.000000 c 61.000000
tx 182 r 61.000000 c 62.000000
tx 183 r 61.000000 c 63.000000
tx 184 r 62.000000 c 60.000000
tx 185 r 62.000000 c 61.000000
tx 186 r 62.000000 c 62.000000
tx 187 r 62.000000 c 63.000000
tx 188 r 63.000000 c 60.000000
tx 189 r 63.000000 c 61.000000
tx 190 r 63.000000 c 62.000000
tx 191 r 63.000000 c 63.000000
tx 224 r 56.000000 c 60.000000
tx 225 r 56.000000 c 61.000000
tx 226 r 56.000000 c 62.000000
tx 227 r 56.000000 c 63.000000
tx 228 r 57.000000 c 60.000000
tx 229 r 57.000000 c 61.000000
tx 230 r 57.000000 c 62.000000
tx 231 r 57.000000 c 63.000000
tx 232 r 58.000000 c 60.000000
tx 233 r 58.000000 c 61.000000
tx 234 r 58.000000 c 62.000000
tx 235 r 58.000000 c 63.000000
tx 236 r 59.000000 c 60.000000
tx 237 r 59.000000 c 61.000000
tx 238 r 59.000000 c 62.000000
tx 239 r 59.000000 c 63.000000
tx 240 r 60.000000 c 60.000000
tx 241 r 60.000000 c 61.000000
tx 242 r 60.000000 c 62.000000
tx 243 r 60.000000 c 63.000000
tx 244 r 61.000000 c 60.000000
tx 245 r 61.000000 c 61.000000
tx 246 r 61.000000 c 62.000000
tx 247 r 61.000000 c 63.000000
tx 248 r 62.000000 c 60.000000
tx 249 r 62.000000 c 61.000000
tx 250 r 62.000000 c 62.000000
tx 251 r 62.000000 c 63.000000
tx 252 r 63.000000 c 60.000000
tx 253 r 63.000000 c 61.000000
tx 254 r 63.000000 c 62.000000
tx 255 r 63.000000 c 63.000000
tx 192 r 24.000000 c 60.000000
tx 193 r 24.000000 c 61.000000
tx 194 r 24.000000 c 62.000000
tx 195 r 24.000000 c 63.000000
tx 196 r 25.000000 c 60.000000
tx 197 r 25.000000 c 61.000000
tx 198 r 25.000000 c 62.000000
tx 199 r 25.000000 c 63.000000
tx 200 r 26.000000 c 60.000000
tx 201 r 26.000000 c 61.000000
tx 202 r 26.000000 c 62.000000
tx 203 r 26.000000 c 63.000000
tx 204 r 27.000000 c 60.000000
tx 205 r 27.000000 c 61.000000
tx 206 r 27.000000 c 62.000000
tx 207 r 27.000000 c 63.000000
tx 208 r 28.000000 c 60.000000
tx 209 r 28.000000 c 61.000000
tx 210 r 28.000000 c 62.000000
tx 211 r 28.000000 c 63.000000
tx 212 r 29.000000 c 60.000000
tx 213 r 29.000000 c 61.000000
tx 214 r 29.000000 c 62.000000
tx 215 r 29.000000 c 63.000000
tx 216 r 30.000000 c 60.000000
tx 217 r 30.000000 c 61.000000
tx 218 r 30.000000 c 62.000000
tx 219 r 30.000000 c 63.000000
tx 220 r 31.000000 c 60.000000
tx 221 r 31.000000 c 61.000000
tx 222 r 31.000000 c 62.000000
tx 223 r 31.000000 c 63.000000
tx 64 r 24.000000 c 60.000000
tx 65 r 24.000000 c 61.000000
tx 66 r 24.000000 c 62.000000
tx 67 r 24.000000 c 63.000000
tx 68 r 25.000000 c 60.000000
tx 69 r 25.000000 c 61.000000
tx 70 r 25.000000 c 62.000000
tx 71 r 25.000000 c 63.000000
tx 72 r 26.000000 c 60.000000
tx 73 r 26.000000 c 61.000000
tx 74 r 26.000000 c 62.000000
tx 75 r 26.000000 c 63.000000
tx 76 r 27.000000 c 60.000000
tx 77 r 27.000000 c 61.000000
tx 78 r 27.000000 c 62.000000
tx 79 r 27.000000 c 63.000000
tx 80 r 28.000000 c 60.000000
tx 81 r 28.000000 c 61.000000
tx 82 r 28.000000 c 62.000000
tx 83 r 28.000000 c 63.000000
tx 84 r 29.000000 c 60.000000
tx 85 r 29.000000 c 61.000000
tx 86 r 29.000000 c 62.000000
tx 87 r 29.000000 c 63.000000
tx 88 r 30.000000 c 60.000000
tx 89 r 30.000000 c 61.000000
tx 90 r 30.000000 c 62.000000
tx 91 r 30.000000 c 63.000000
tx 92 r 31.000000 c 60.000000
tx 93 r 31.000000 c 61.000000
tx 94 r 31.000000 c 62.000000
tx 95 r 31.000000 c 63.000000
tx 0 r 24.000000 c 60.000000
tx 1 r 24.000000 c 61.000000
tx 2 r 24.000000 c 62.000000
tx 3 r 24.000000 c 63.000000
tx 4 r 25.000000 c 60.000000
tx 5 r 25.000000 c 61.000000
tx 6 r 25.000000 c 62.000000
tx 7 r 25.000000 c 63.000000
tx 8 r 26.000000 c 60.000000
tx 9 r 26.000000 c 61.000000
tx 10 r 26.000000 c 62.000000
tx 11 r 26.000000 c 63.000000
tx 12 r 27.000000 c 60.000000
tx 13 r 27.000000 c 61.000000
tx 14 r 27.000000 c 62.000000
tx 15 r 27.000000 c 63.000000
tx 16 r 28.000000 c 60.000000
tx 17 r 28.000000 c 61.000000
tx 18 r 28.000000 c 62.000000
tx 19 r 28.000000 c 63.000000
tx 20 r 29.000000 c 60.000000
tx 21 r 29.000000 c 61.000000
tx 22 r 29.000000 c 62.000000
tx 23 r 29.000000 c 63.000000
tx 24 r 30.000000 c 60.000000
tx 25 r 30.000000 c 61.000000
tx 26 r 30.000000 c 62.000000
tx 27 r 30.000000 c 63.000000
tx 28 r 31.000000 c 60.000000
tx 29 r 31.000000 c 61.000000
tx 30 r 31.000000 c 62.000000
tx 31 r 31.000000 c 63.000000
tx 128 r 24.000000 c 60.000000
tx 129 r 24.000000 c 61.000000
tx 130 r 24.000000 c 62.000000
tx 131 r 24.000000 c 63.000000
tx 132 r 25.000000 c 60.000000
tx 133 r 25.000000 c 61.000000
tx 134 r 25.000000 c 62.000000
tx 135 r 25.000000 c 63.000000
tx 136 r 26.000000 c 60.000000
tx 137 r 26.000000 c 61.000000
tx 138 r 26.000000 c 62.000000
tx 139 r 26.000000 c 63.000000
tx 140 r 27.000000 c 60.000000
tx 141 r 27.000000 c 61.000000
tx 142 r 27.000000 c 62.000000
tx 143 r 27.000000 c 63.000000
tx 144 r 28.000000 c 60.000000
tx 145 r 28.000000 c 61.000000
tx 146 r 28.000000 c 62.000000
tx 147 r 28.000000 c 63.000000
tx 148 r 29.000000 c 60.000000
tx 149 r 29.000000 c 61.000000
tx 150 r 29.000000 c 62.000000
tx 151 r 29.000000 c 63.000000
tx 152 r 30.000000 c 60.000000
tx 153 r 30.000000 c 61.000000
tx 154 r 30.000000 c 62.000000
tx 155 r 30.000000 c 63.000000
tx 156 r 31.000000 c 60.000000
tx 157 r 31.000000 c 61.000000
tx 158 r 31.000000 c 62.000000
tx 159 r 31.000000 c 63.000000
tx 96 r 56.000000 c 60.000000
tx 97 r 56.000000 c 61.000000
tx 98 r 56.000000 c 62.000000
tx 99 r 56.000000 c 63.000000
tx 100 r 57.000000 c 60.000000
tx 101 r 57.000000 c 61.000000
tx 102 r 57.000000 c 62.000000
tx 103 r 57.000000 c 63.000000
tx 104 r 58.000000 c 60.000000
tx 105 r 58.000000 c 61.000000
tx 106 r 58.000000 c 62.000000
tx 107 r 58.000000 c 63.000000
tx 108 r 59.000000 c 60.000000
tx 109 r 59.000000 c 61.000000
tx 110 r 59.000000 c 62.000000
tx 111 r 59.000000 c 63.000000
tx 112 r 60.000000 c 60.000000
tx 113 r 60.000000 c 61.000000
tx 114 r 60.000000 c 62.000000
tx 115 r 60.000000 c 63.000000
tx 116 r 61.000000 c 60.000000
tx 117 r 61.000000 c 61.000000
tx 118 r 61.000000 c 62.000000
tx 119 r 61.000000 c 63.000000
tx 120 r 62.000000 c 60.000000
tx 121 r 62.000000 c 61.000000
tx 122 r 62.000000 c 62.000000
tx 123 r 62.000000 c 63.000000
tx 124 r 63.000000 c 60.000000
tx 125 r 63.000000 c 61.000000
tx 126 r 63.000000 c 62.000000
tx 127 r 63.000000 c 63.000000
error is 85330.00000, relateive error is 6095.00000,  -14.00000,-85344.00000. row: 0, col: 0, real or imag: 0
Failed to pass the correctness verification against NVIDIA cuBLAS. Exited.
