input successed!
output_ref successed!
input_ref successed!
error 0.000000 detected at 0
ref[0]: 265760512.000 + 265747296.000 i
res[0]: 265760512.000 + 265747296.000 i

error 0.000001 detected at 500000
ref[500000]: 17167.689 + -11107.350 i
res[500000]: 17167.689 + -11107.339 i

error 0.000001 detected at 1000000
ref[1000000]: 2085.473 + -1240.185 i
res[1000000]: 2085.475 + -1240.183 i

error 0.000001 detected at 1500000
ref[1500000]: -2185.467 + -8472.459 i
res[1500000]: -2185.460 + -8472.456 i

error 0.000001 detected at 2000000
ref[2000000]: 6665.058 + -7367.992 i
res[2000000]: 6665.059 + -7367.987 i

error 0.000001 detected at 2500000
ref[2500000]: -6184.736 + -3133.946 i
res[2500000]: -6184.735 + -3133.954 i

error 0.000000 detected at 3000000
ref[3000000]: 1690.406 + 8983.310 i
res[3000000]: 1690.405 + 8983.311 i

error 0.000000 detected at 3500000
ref[3500000]: 10137.364 + 3975.963 i
res[3500000]: 10137.359 + 3975.969 i

error 0.000001 detected at 4000000
ref[4000000]: -1906.664 + -4796.545 i
res[4000000]: -1906.658 + -4796.549 i

error 0.000000 detected at 4500000
ref[4500000]: 7153.551 + 4171.248 i
res[4500000]: 7153.549 + 4171.248 i

error 0.000001 detected at 5000000
ref[5000000]: 2665.592 + -12356.688 i
res[5000000]: 2665.597 + -12356.681 i

error 0.000000 detected at 5500000
ref[5500000]: -6870.195 + -5381.769 i
res[5500000]: -6870.194 + -5381.768 i

error 0.000001 detected at 6000000
ref[6000000]: -6985.745 + -796.797 i
res[6000000]: -6985.748 + -796.793 i

error 0.000000 detected at 6500000
ref[6500000]: -4503.405 + -7697.312 i
res[6500000]: -4503.398 + -7697.317 i

error 0.000002 detected at 7000000
ref[7000000]: 556.387 + -4281.471 i
res[7000000]: 556.387 + -4281.475 i

error 0.000000 detected at 7500000
ref[7500000]: 113.312 + -10074.708 i
res[7500000]: 113.315 + -10074.706 i

error 0.000000 detected at 8000000
ref[8000000]: -2262.219 + 85.105 i
res[8000000]: -2262.219 + 85.099 i

error 0.000000 detected at 8500000
ref[8500000]: 5309.514 + -9765.294 i
res[8500000]: 5309.514 + -9765.291 i

error 0.000004 detected at 9000000
ref[9000000]: 3984.497 + -1068.264 i
res[9000000]: 3984.490 + -1068.259 i

error 0.000001 detected at 9500000
ref[9500000]: 2386.705 + 2601.137 i
res[9500000]: 2386.709 + 2601.134 i

error 0.000001 detected at 10000000
ref[10000000]: -15033.753 + 854.638 i
res[10000000]: -15033.747 + 854.631 i

error 0.000000 detected at 10500000
ref[10500000]: -14619.421 + 3557.589 i
res[10500000]: -14619.418 + 3557.585 i

error 0.000001 detected at 11000000
ref[11000000]: -6012.958 + -3646.432 i
res[11000000]: -6012.953 + -3646.433 i

error 0.000001 detected at 11500000
ref[11500000]: 3210.951 + -9573.094 i
res[11500000]: 3210.951 + -9573.090 i

error 0.000001 detected at 12000000
ref[12000000]: 4294.678 + 15370.312 i
res[12000000]: 4294.674 + 15370.309 i

error 0.000002 detected at 12500000
ref[12500000]: 508.006 + -3155.484 i
res[12500000]: 508.015 + -3155.486 i

error 0.000001 detected at 13000000
ref[13000000]: -7925.297 + 5470.651 i
res[13000000]: -7925.297 + 5470.646 i

error 0.000003 detected at 13500000
ref[13500000]: -5995.925 + 3735.919 i
res[13500000]: -5995.913 + 3735.921 i

error 0.000001 detected at 14000000
ref[14000000]: 7277.608 + 10937.637 i
res[14000000]: 7277.599 + 10937.637 i

error 0.000001 detected at 14500000
ref[14500000]: 6932.695 + 2886.028 i
res[14500000]: 6932.696 + 2886.033 i

error 0.000000 detected at 15000000
ref[15000000]: -4592.950 + 10690.235 i
res[15000000]: -4592.950 + 10690.234 i

error 0.000000 detected at 15500000
ref[15500000]: 5925.020 + -13234.398 i
res[15500000]: 5925.024 + -13234.395 i

error 0.000001 detected at 16000000
ref[16000000]: -4311.930 + 9945.805 i
res[16000000]: -4311.935 + 9945.799 i

error 0.000000 detected at 16500000
ref[16500000]: 5980.560 + -8403.366 i
res[16500000]: 5980.567 + -8403.359 i

error 0.000000 detected at 17000000
ref[17000000]: 1664.551 + -983.640 i
res[17000000]: 1664.550 + -983.641 i

error 0.000000 detected at 17500000
ref[17500000]: -4836.434 + -7235.528 i
res[17500000]: -4836.425 + -7235.534 i

error 0.000001 detected at 18000000
ref[18000000]: 3827.736 + 280.027 i
res[18000000]: 3827.737 + 280.030 i

error 0.000001 detected at 18500000
ref[18500000]: -16325.426 + -3327.821 i
res[18500000]: -16325.420 + -3327.827 i

error 0.000001 detected at 19000000
ref[19000000]: -1888.743 + 7968.885 i
res[19000000]: -1888.746 + 7968.882 i

error 0.000001 detected at 19500000
ref[19500000]: 472.075 + 6458.241 i
res[19500000]: 472.070 + 6458.244 i

error 0.000000 detected at 20000000
ref[20000000]: 7193.622 + 8523.140 i
res[20000000]: 7193.621 + 8523.139 i

error 0.000000 detected at 20500000
ref[20500000]: -541.755 + -9840.953 i
res[20500000]: -541.748 + -9840.955 i

error 0.000002 detected at 21000000
ref[21000000]: 164.285 + -1124.985 i
res[21000000]: 164.279 + -1124.984 i

error 0.000000 detected at 21500000
ref[21500000]: -95.112 + 10829.637 i
res[21500000]: -95.115 + 10829.637 i

error 0.000000 detected at 22000000
ref[22000000]: 1113.999 + -1377.752 i
res[22000000]: 1114.002 + -1377.750 i

error 0.000001 detected at 22500000
ref[22500000]: -12212.640 + -5719.113 i
res[22500000]: -12212.633 + -5719.117 i

error 0.000001 detected at 23000000
ref[23000000]: 2199.427 + -3655.127 i
res[23000000]: 2199.423 + -3655.127 i

error 0.000003 detected at 23500000
ref[23500000]: 852.354 + -1902.932 i
res[23500000]: 852.359 + -1902.934 i

error 0.000000 detected at 24000000
ref[24000000]: 4601.356 + 13544.088 i
res[24000000]: 4601.351 + 13544.089 i

error 0.000000 detected at 24500000
ref[24500000]: -8470.428 + -17034.816 i
res[24500000]: -8470.423 + -17034.820 i

error 0.000002 detected at 25000000
ref[25000000]: -2343.421 + 1066.377 i
res[25000000]: -2343.424 + 1066.377 i

error 0.000000 detected at 25500000
ref[25500000]: -2558.505 + -8134.817 i
res[25500000]: -2558.502 + -8134.816 i

error 0.000000 detected at 26000000
ref[26000000]: -12760.124 + -11437.078 i
res[26000000]: -12760.115 + -11437.083 i

error 0.000000 detected at 26500000
ref[26500000]: 7566.095 + 10915.913 i
res[26500000]: 7566.088 + 10915.916 i

error 0.000003 detected at 27000000
ref[27000000]: -4236.495 + 3939.032 i
res[27000000]: -4236.487 + 3939.029 i

error 0.000000 detected at 27500000
ref[27500000]: -6195.313 + 11831.416 i
res[27500000]: -6195.313 + 11831.416 i

error 0.000000 detected at 28000000
ref[28000000]: 6631.353 + -448.854 i
res[28000000]: 6631.354 + -448.859 i

error 0.000000 detected at 28500000
ref[28500000]: 13102.531 + -5812.360 i
res[28500000]: 13102.533 + -5812.352 i

error 0.000000 detected at 29000000
ref[29000000]: 6080.762 + 3779.468 i
res[29000000]: 6080.760 + 3779.472 i

error 0.000000 detected at 29500000
ref[29500000]: 5744.401 + -4464.500 i
res[29500000]: 5744.401 + -4464.498 i

error 0.000001 detected at 30000000
ref[30000000]: -1285.361 + 4214.380 i
res[30000000]: -1285.365 + 4214.380 i

error 0.000001 detected at 30500000
ref[30500000]: -11346.045 + -3005.146 i
res[30500000]: -11346.041 + -3005.145 i

error 0.000002 detected at 31000000
ref[31000000]: 4878.534 + -1027.276 i
res[31000000]: 4878.529 + -1027.275 i

error 0.000000 detected at 31500000
ref[31500000]: 6983.496 + 424.530 i
res[31500000]: 6983.496 + 424.537 i

error 0.000000 detected at 32000000
ref[32000000]: 501.035 + 7985.935 i
res[32000000]: 501.036 + 7985.935 i

error 0.000005 detected at 32500000
ref[32500000]: 3511.451 + -1532.053 i
res[32500000]: 3511.460 + -1532.057 i

error 0.000003 detected at 33000000
ref[33000000]: 6913.170 + -5559.854 i
res[33000000]: 6913.162 + -5559.846 i

error 0.000001 detected at 33500000
ref[33500000]: -4806.167 + 1450.979 i
res[33500000]: -4806.164 + 1450.975 i

error 0.000000 detected at 34000000
ref[34000000]: -12414.100 + -3618.212 i
res[34000000]: -12414.099 + -3618.216 i

error 0.000001 detected at 34500000
ref[34500000]: -3349.781 + -2151.908 i
res[34500000]: -3349.781 + -2151.905 i

error 0.000000 detected at 35000000
ref[35000000]: -16480.662 + -5761.516 i
res[35000000]: -16480.658 + -5761.519 i

error 0.000000 detected at 35500000
ref[35500000]: -6199.520 + 5371.266 i
res[35500000]: -6199.522 + 5371.263 i

error 0.000000 detected at 36000000
ref[36000000]: 7590.829 + -3641.105 i
res[36000000]: 7590.830 + -3641.105 i

error 0.000000 detected at 36500000
ref[36500000]: 2406.492 + 6946.845 i
res[36500000]: 2406.492 + 6946.843 i

error 0.000000 detected at 37000000
ref[37000000]: 13995.764 + -9663.599 i
res[37000000]: 13995.770 + -9663.592 i

error 0.000000 detected at 37500000
ref[37500000]: 8854.714 + -6282.540 i
res[37500000]: 8854.719 + -6282.529 i

error 0.000000 detected at 38000000
ref[38000000]: 8498.359 + 2741.207 i
res[38000000]: 8498.359 + 2741.207 i

error 0.000000 detected at 38500000
ref[38500000]: -756.321 + 7015.504 i
res[38500000]: -756.326 + 7015.505 i

error 0.000000 detected at 39000000
ref[39000000]: 11384.285 + 7542.333 i
res[39000000]: 11384.284 + 7542.340 i

error 0.000004 detected at 39500000
ref[39500000]: -641.120 + -2998.492 i
res[39500000]: -641.113 + -2998.487 i

error 0.000001 detected at 40000000
ref[40000000]: -13650.109 + -8714.107 i
res[40000000]: -13650.100 + -8714.106 i

error 0.000001 detected at 40500000
ref[40500000]: -16541.820 + -5503.846 i
res[40500000]: -16541.820 + -5503.860 i

error 0.000000 detected at 41000000
ref[41000000]: 292.975 + -9772.078 i
res[41000000]: 292.982 + -9772.077 i

error 0.000000 detected at 41500000
ref[41500000]: -14535.235 + 3698.121 i
res[41500000]: -14535.234 + 3698.112 i

error 0.000000 detected at 42000000
ref[42000000]: -9299.671 + -8263.140 i
res[42000000]: -9299.666 + -8263.141 i

error 0.000000 detected at 42500000
ref[42500000]: 10450.053 + -5085.758 i
res[42500000]: 10450.053 + -5085.756 i

error 0.000000 detected at 43000000
ref[43000000]: 3437.165 + 1987.479 i
res[43000000]: 3437.164 + 1987.482 i

error 0.000000 detected at 43500000
ref[43500000]: 1650.201 + -13872.785 i
res[43500000]: 1650.209 + -13872.782 i

error 0.000000 detected at 44000000
ref[44000000]: -3346.802 + -5294.515 i
res[44000000]: -3346.801 + -5294.517 i

error 0.000002 detected at 44500000
ref[44500000]: -4283.128 + -7221.220 i
res[44500000]: -4283.118 + -7221.216 i

error 0.000002 detected at 45000000
ref[45000000]: 5703.484 + -1665.466 i
res[45000000]: 5703.480 + -1665.463 i

error 0.000002 detected at 45500000
ref[45500000]: 6566.433 + -2531.045 i
res[45500000]: 6566.428 + -2531.041 i

error 0.000002 detected at 46000000
ref[46000000]: 10276.214 + 752.462 i
res[46000000]: 10276.201 + 752.465 i

error 0.000000 detected at 46500000
ref[46500000]: 6804.155 + 6500.075 i
res[46500000]: 6804.156 + 6500.076 i

error 0.000004 detected at 47000000
ref[47000000]: 2483.048 + 3252.500 i
res[47000000]: 2483.037 + 3252.499 i

error 0.000000 detected at 47500000
ref[47500000]: 6176.174 + -6161.394 i
res[47500000]: 6176.177 + -6161.389 i

error 0.000003 detected at 48000000
ref[48000000]: 4623.732 + 5343.285 i
res[48000000]: 4623.722 + 5343.282 i

error 0.000002 detected at 48500000
ref[48500000]: -2818.781 + -4033.120 i
res[48500000]: -2818.774 + -4033.119 i

error 0.000003 detected at 49000000
ref[49000000]: -1624.897 + 3349.125 i
res[49000000]: -1624.904 + 3349.127 i

error 0.000001 detected at 49500000
ref[49500000]: -4830.599 + -3756.068 i
res[49500000]: -4830.591 + -3756.073 i

error 0.000006 detected at 50000000
ref[50000000]: -889.774 + -2934.923 i
res[50000000]: -889.779 + -2934.931 i

error 0.000000 detected at 50500000
ref[50500000]: -7145.665 + 3003.709 i
res[50500000]: -7145.665 + 3003.707 i

error 0.000000 detected at 51000000
ref[51000000]: 6227.466 + -5066.112 i
res[51000000]: 6227.468 + -5066.109 i

error 0.000000 detected at 51500000
ref[51500000]: 455.516 + -8299.144 i
res[51500000]: 455.517 + -8299.143 i

error 0.000002 detected at 52000000
ref[52000000]: -1226.718 + 1347.820 i
res[52000000]: -1226.720 + 1347.815 i

error 0.000001 detected at 52500000
ref[52500000]: 4811.301 + 252.079 i
res[52500000]: 4811.305 + 252.083 i

error 0.000003 detected at 53000000
ref[53000000]: 2621.788 + 4875.814 i
res[53000000]: 2621.783 + 4875.809 i

error 0.000000 detected at 53500000
ref[53500000]: 4085.695 + -9084.874 i
res[53500000]: 4085.698 + -9084.871 i

error 0.000000 detected at 54000000
ref[54000000]: 1536.179 + 7999.467 i
res[54000000]: 1536.176 + 7999.469 i

error 0.000003 detected at 54500000
ref[54500000]: 2583.499 + 3515.321 i
res[54500000]: 2583.497 + 3515.316 i

error 0.000000 detected at 55000000
ref[55000000]: -3548.741 + 12703.816 i
res[55000000]: -3548.745 + 12703.814 i

error 0.000000 detected at 55500000
ref[55500000]: 5132.871 + -1456.136 i
res[55500000]: 5132.870 + -1456.134 i

error 0.000001 detected at 56000000
ref[56000000]: 274.723 + -9211.222 i
res[56000000]: 274.724 + -9211.219 i

error 0.000000 detected at 56500000
ref[56500000]: 9853.648 + 2026.726 i
res[56500000]: 9853.645 + 2026.730 i

error 0.000000 detected at 57000000
ref[57000000]: -10644.703 + -2977.410 i
res[57000000]: -10644.699 + -2977.416 i

error 0.000000 detected at 57500000
ref[57500000]: 6025.329 + 7964.600 i
res[57500000]: 6025.329 + 7964.598 i

error 0.000001 detected at 58000000
ref[58000000]: 8896.650 + 1691.126 i
res[58000000]: 8896.648 + 1691.124 i

error 0.000001 detected at 58500000
ref[58500000]: 5593.002 + -5410.006 i
res[58500000]: 5593.001 + -5410.000 i

error 0.000001 detected at 59000000
ref[59000000]: -9027.370 + 14463.250 i
res[59000000]: -9027.371 + 14463.238 i

error 0.000002 detected at 59500000
ref[59500000]: -3388.300 + 2345.588 i
res[59500000]: -3388.301 + 2345.580 i

error 0.000000 detected at 60000000
ref[60000000]: 1713.210 + 10828.266 i
res[60000000]: 1713.204 + 10828.264 i

error 0.000000 detected at 60500000
ref[60500000]: 6951.835 + -11591.828 i
res[60500000]: 6951.841 + -11591.822 i

error 0.000001 detected at 61000000
ref[61000000]: 269.088 + 9505.129 i
res[61000000]: 269.088 + 9505.123 i

error 0.000001 detected at 61500000
ref[61500000]: -18.150 + 3874.486 i
res[61500000]: -18.151 + 3874.488 i

error 0.000001 detected at 62000000
ref[62000000]: -1447.865 + 3589.836 i
res[62000000]: -1447.868 + 3589.833 i

error 0.000001 detected at 62500000
ref[62500000]: -1801.057 + -6516.887 i
res[62500000]: -1801.056 + -6516.889 i

error 0.000001 detected at 63000000
ref[63000000]: -2668.474 + 6210.023 i
res[63000000]: -2668.481 + 6210.025 i

error 0.000000 detected at 63500000
ref[63500000]: -6733.557 + 2211.783 i
res[63500000]: -6733.555 + 2211.784 i

error 0.000000 detected at 64000000
ref[64000000]: 4531.248 + 17556.377 i
res[64000000]: 4531.247 + 17556.375 i

error 0.000002 detected at 64500000
ref[64500000]: 2423.471 + 6518.136 i
res[64500000]: 2423.472 + 6518.143 i

error 0.000001 detected at 65000000
ref[65000000]: -2567.713 + -455.865 i
res[65000000]: -2567.712 + -455.869 i

error 0.000000 detected at 65500000
ref[65500000]: 10502.521 + 7126.993 i
res[65500000]: 10502.516 + 7127.001 i

error 0.000005 detected at 66000000
ref[66000000]: 2803.277 + -728.283 i
res[66000000]: 2803.285 + -728.282 i

error 0.000000 detected at 66500000
ref[66500000]: 2633.413 + -3047.582 i
res[66500000]: 2633.412 + -3047.583 i

error 0.000000 detected at 67000000
ref[67000000]: 4604.082 + -9544.170 i
res[67000000]: 4604.090 + -9544.167 i

error 0.000001 detected at 67500000
ref[67500000]: 3515.518 + -17082.918 i
res[67500000]: 3515.534 + -17082.910 i

error 0.000001 detected at 68000000
ref[68000000]: -1062.598 + 7801.867 i
res[68000000]: -1062.601 + 7801.861 i

error 0.000002 detected at 68500000
ref[68500000]: -1828.813 + 8060.640 i
res[68500000]: -1828.819 + 8060.645 i

error 0.000000 detected at 69000000
ref[69000000]: -2037.209 + 16018.775 i
res[69000000]: -2037.212 + 16018.773 i

error 0.000000 detected at 69500000
ref[69500000]: 10961.273 + -405.601 i
res[69500000]: 10961.274 + -405.596 i

error 0.000004 detected at 70000000
ref[70000000]: -5337.553 + 951.312 i
res[70000000]: -5337.543 + 951.310 i

error 0.000000 detected at 70500000
ref[70500000]: 17.517 + -12252.957 i
res[70500000]: 17.522 + -12252.960 i

error 0.000002 detected at 71000000
ref[71000000]: -665.275 + -3371.165 i
res[71000000]: -665.272 + -3371.162 i

error 0.000001 detected at 71500000
ref[71500000]: -119.108 + 8217.523 i
res[71500000]: -119.112 + 8217.527 i

error 0.000001 detected at 72000000
ref[72000000]: 6458.319 + -284.772 i
res[72000000]: 6458.322 + -284.767 i

error 0.000001 detected at 72500000
ref[72500000]: -10210.135 + -828.457 i
res[72500000]: -10210.130 + -828.462 i

error 0.000001 detected at 73000000
ref[73000000]: 11633.913 + -3945.091 i
res[73000000]: 11633.920 + -3945.083 i

error 0.000000 detected at 73500000
ref[73500000]: -10522.147 + 9216.145 i
res[73500000]: -10522.150 + 9216.135 i

error 0.000000 detected at 74000000
ref[74000000]: -4868.670 + -3792.741 i
res[74000000]: -4868.670 + -3792.744 i

error 0.000000 detected at 74500000
ref[74500000]: 7259.062 + 584.303 i
res[74500000]: 7259.062 + 584.299 i

error 0.000000 detected at 75000000
ref[75000000]: 8383.600 + 918.920 i
res[75000000]: 8383.600 + 918.922 i

error 0.000000 detected at 75500000
ref[75500000]: -3330.548 + -6238.567 i
res[75500000]: -3330.550 + -6238.566 i

error 0.000001 detected at 76000000
ref[76000000]: -14094.842 + -6710.460 i
res[76000000]: -14094.832 + -6710.462 i

error 0.000005 detected at 76500000
ref[76500000]: -2104.348 + -385.108 i
res[76500000]: -2104.352 + -385.117 i

error 0.000001 detected at 77000000
ref[77000000]: -9762.930 + -3559.455 i
res[77000000]: -9762.923 + -3559.459 i

error 0.000002 detected at 77500000
ref[77500000]: 5593.105 + -6460.315 i
res[77500000]: 5593.113 + -6460.319 i

error 0.000002 detected at 78000000
ref[78000000]: 1065.406 + -4265.870 i
res[78000000]: 1065.404 + -4265.866 i

error 0.000001 detected at 78500000
ref[78500000]: -9596.135 + 5246.078 i
res[78500000]: -9596.135 + 5246.071 i

error 0.000002 detected at 79000000
ref[79000000]: -8156.849 + 9033.312 i
res[79000000]: -8156.845 + 9033.301 i

error 0.000001 detected at 79500000
ref[79500000]: 11816.139 + -527.124 i
res[79500000]: 11816.146 + -527.120 i

error 0.000000 detected at 80000000
ref[80000000]: 686.725 + -3904.779 i
res[80000000]: 686.725 + -3904.779 i

error 0.000003 detected at 80500000
ref[80500000]: -2313.826 + -3908.245 i
res[80500000]: -2313.817 + -3908.243 i

error 0.000002 detected at 81000000
ref[81000000]: -2868.952 + 4030.792 i
res[81000000]: -2868.948 + 4030.787 i

error 0.000000 detected at 81500000
ref[81500000]: 7465.020 + 1844.648 i
res[81500000]: 7465.021 + 1844.649 i

error 0.000006 detected at 82000000
ref[82000000]: 373.176 + 270.232 i
res[82000000]: 373.175 + 270.230 i

error 0.000000 detected at 82500000
ref[82500000]: 7327.477 + -7730.729 i
res[82500000]: 7327.476 + -7730.729 i

error 0.000003 detected at 83000000
ref[83000000]: 1392.992 + 2698.725 i
res[83000000]: 1392.993 + 2698.729 i

error 0.000001 detected at 83500000
ref[83500000]: 7925.532 + 5277.569 i
res[83500000]: 7925.521 + 5277.576 i

error 0.000001 detected at 84000000
ref[84000000]: -3682.193 + -713.395 i
res[84000000]: -3682.191 + -713.393 i

error 0.000000 detected at 84500000
ref[84500000]: 2189.012 + 7520.454 i
res[84500000]: 2189.011 + 7520.455 i

error 0.000001 detected at 85000000
ref[85000000]: 5461.308 + 3689.780 i
res[85000000]: 5461.302 + 3689.781 i

error 0.000001 detected at 85500000
ref[85500000]: -2391.153 + 2225.108 i
res[85500000]: -2391.149 + 2225.110 i

error 0.000000 detected at 86000000
ref[86000000]: 695.149 + 8462.923 i
res[86000000]: 695.149 + 8462.923 i

error 0.000003 detected at 86500000
ref[86500000]: -2877.832 + -1228.917 i
res[86500000]: -2877.830 + -1228.912 i

error 0.000000 detected at 87000000
ref[87000000]: -8325.131 + -5240.012 i
res[87000000]: -8325.129 + -5240.011 i

error 0.000001 detected at 87500000
ref[87500000]: -2668.461 + 8331.793 i
res[87500000]: -2668.465 + 8331.788 i

error 0.000002 detected at 88000000
ref[88000000]: -6991.515 + 3148.848 i
res[88000000]: -6991.509 + 3148.846 i

error 0.000001 detected at 88500000
ref[88500000]: -2599.890 + 13998.588 i
res[88500000]: -2599.892 + 13998.580 i

error 0.000001 detected at 89000000
ref[89000000]: 3371.681 + -5112.735 i
res[89000000]: 3371.685 + -5112.737 i

error 0.000000 detected at 89500000
ref[89500000]: -1938.117 + -1704.936 i
res[89500000]: -1938.113 + -1704.939 i

error 0.000000 detected at 90000000
ref[90000000]: -5339.747 + 3046.638 i
res[90000000]: -5339.751 + 3046.631 i

error 0.000000 detected at 90500000
ref[90500000]: -5711.387 + -999.757 i
res[90500000]: -5711.386 + -999.767 i

error 0.000000 detected at 91000000
ref[91000000]: 9130.344 + 10414.325 i
res[91000000]: 9130.336 + 10414.330 i

error 0.000001 detected at 91500000
ref[91500000]: 6387.172 + -5760.720 i
res[91500000]: 6387.177 + -5760.720 i

error 0.000002 detected at 92000000
ref[92000000]: 5139.210 + -3853.823 i
res[92000000]: 5139.216 + -3853.828 i

error 0.000000 detected at 92500000
ref[92500000]: -8226.454 + 7528.209 i
res[92500000]: -8226.461 + 7528.205 i

error 0.000000 detected at 93000000
ref[93000000]: 7094.994 + -9585.264 i
res[93000000]: 7094.995 + -9585.261 i

error 0.000000 detected at 93500000
ref[93500000]: -2815.249 + 2792.975 i
res[93500000]: -2815.249 + 2792.976 i

error 0.000001 detected at 94000000
ref[94000000]: -3600.399 + 1335.955 i
res[94000000]: -3600.402 + 1335.955 i

error 0.000002 detected at 94500000
ref[94500000]: 9752.124 + -879.233 i
res[94500000]: 9752.116 + -879.232 i

error 0.000000 detected at 95000000
ref[95000000]: -2820.520 + -5269.183 i
res[95000000]: -2820.519 + -5269.185 i

error 0.000001 detected at 95500000
ref[95500000]: -10961.573 + -2917.730 i
res[95500000]: -10961.570 + -2917.727 i

error 0.000001 detected at 96000000
ref[96000000]: 3708.386 + -8193.847 i
res[96000000]: 3708.396 + -8193.849 i

error 0.000002 detected at 96500000
ref[96500000]: -117.410 + -8983.694 i
res[96500000]: -117.409 + -8983.686 i

error 0.000000 detected at 97000000
ref[97000000]: -1539.303 + 6403.246 i
res[97000000]: -1539.306 + 6403.246 i

error 0.000002 detected at 97500000
ref[97500000]: 5487.481 + -1159.074 i
res[97500000]: 5487.477 + -1159.075 i

error 0.000000 detected at 98000000
ref[98000000]: -4052.818 + 626.291 i
res[98000000]: -4052.819 + 626.291 i

error 0.000004 detected at 98500000
ref[98500000]: -385.817 + -1636.426 i
res[98500000]: -385.817 + -1636.423 i

error 0.000000 detected at 99000000
ref[99000000]: -69.696 + -6559.573 i
res[99000000]: -69.696 + -6559.573 i

error 0.000002 detected at 99500000
ref[99500000]: -4069.115 + 9217.697 i
res[99500000]: -4069.118 + 9217.687 i

error 0.000001 detected at 100000000
ref[100000000]: -9482.444 + -6031.066 i
res[100000000]: -9482.435 + -6031.075 i

error 0.000002 detected at 100500000
ref[100500000]: 1177.417 + 577.985 i
res[100500000]: 1177.416 + 577.985 i

error 0.000001 detected at 101000000
ref[101000000]: -7127.474 + 6955.031 i
res[101000000]: -7127.474 + 6955.025 i

error 0.000001 detected at 101500000
ref[101500000]: -6569.367 + 6833.462 i
res[101500000]: -6569.371 + 6833.454 i

error 0.000001 detected at 102000000
ref[102000000]: -1595.578 + -5960.017 i
res[102000000]: -1595.572 + -5960.017 i

error 0.000000 detected at 102500000
ref[102500000]: 377.358 + 13397.998 i
res[102500000]: 377.358 + 13397.996 i

error 0.000002 detected at 103000000
ref[103000000]: -2178.098 + 7487.541 i
res[103000000]: -2178.094 + 7487.532 i

error 0.000001 detected at 103500000
ref[103500000]: 10675.817 + 4940.204 i
res[103500000]: 10675.812 + 4940.200 i

error 0.000001 detected at 104000000
ref[104000000]: 2394.222 + -2579.843 i
res[104000000]: 2394.224 + -2579.843 i

error 0.000000 detected at 104500000
ref[104500000]: -2658.995 + 3765.223 i
res[104500000]: -2658.995 + 3765.223 i

error 0.000000 detected at 105000000
ref[105000000]: -14109.572 + 14556.367 i
res[105000000]: -14109.576 + 14556.364 i

error 0.000000 detected at 105500000
ref[105500000]: -8535.765 + -10002.363 i
res[105500000]: -8535.765 + -10002.365 i

error 0.000000 detected at 106000000
ref[106000000]: 5906.631 + 4379.310 i
res[106000000]: 5906.629 + 4379.312 i

error 0.000001 detected at 106500000
ref[106500000]: -3956.115 + -6435.226 i
res[106500000]: -3956.113 + -6435.230 i

error 0.000000 detected at 107000000
ref[107000000]: 2939.204 + -2609.399 i
res[107000000]: 2939.208 + -2609.396 i

error 0.000003 detected at 107500000
ref[107500000]: -4337.913 + -4584.585 i
res[107500000]: -4337.907 + -4584.577 i

error 0.000002 detected at 108000000
ref[108000000]: -112.296 + -6067.272 i
res[108000000]: -112.298 + -6067.267 i

error 0.000001 detected at 108500000
ref[108500000]: -8595.682 + -6118.003 i
res[108500000]: -8595.678 + -6117.999 i

error 0.000000 detected at 109000000
ref[109000000]: 1585.163 + -6547.457 i
res[109000000]: 1585.161 + -6547.457 i

error 0.000002 detected at 109500000
ref[109500000]: -1453.699 + -4713.508 i
res[109500000]: -1453.695 + -4713.514 i

error 0.000014 detected at 110000000
ref[110000000]: 427.612 + 398.203 i
res[110000000]: 427.610 + 398.200 i

error 0.000000 detected at 110500000
ref[110500000]: 4477.024 + 2572.569 i
res[110500000]: 4477.020 + 2572.575 i

error 0.000004 detected at 111000000
ref[111000000]: -1800.975 + 181.455 i
res[111000000]: -1800.973 + 181.448 i

error 0.000000 detected at 111500000
ref[111500000]: 12088.219 + 8598.127 i
res[111500000]: 12088.218 + 8598.125 i

error 0.000000 detected at 112000000
ref[112000000]: -12116.465 + -4304.974 i
res[112000000]: -12116.464 + -4304.980 i

error 0.000000 detected at 112500000
ref[112500000]: -9371.373 + 9487.184 i
res[112500000]: -9371.375 + 9487.180 i

error 0.000008 detected at 113000000
ref[113000000]: -733.030 + 584.754 i
res[113000000]: -733.036 + 584.753 i

error 0.000004 detected at 113500000
ref[113500000]: 674.414 + 590.113 i
res[113500000]: 674.409 + 590.115 i

error 0.000001 detected at 114000000
ref[114000000]: 5548.473 + -6103.305 i
res[114000000]: 5548.474 + -6103.308 i

error 0.000001 detected at 114500000
ref[114500000]: -8110.587 + -1076.103 i
res[114500000]: -8110.590 + -1076.106 i

error 0.000001 detected at 115000000
ref[115000000]: 930.634 + -3652.983 i
res[115000000]: 930.630 + -3652.986 i

error 0.000001 detected at 115500000
ref[115500000]: -1135.162 + 5501.715 i
res[115500000]: -1135.162 + 5501.712 i

error 0.000016 detected at 116000000
ref[116000000]: -216.502 + -758.769 i
res[116000000]: -216.503 + -758.776 i

error 0.000000 detected at 116500000
ref[116500000]: 2938.953 + 8764.129 i
res[116500000]: 2938.952 + 8764.128 i

error 0.000000 detected at 117000000
ref[117000000]: 16633.508 + -1682.735 i
res[117000000]: 16633.508 + -1682.735 i

error 0.000000 detected at 117500000
ref[117500000]: 8160.718 + 2917.131 i
res[117500000]: 8160.718 + 2917.130 i

error 0.000001 detected at 118000000
ref[118000000]: 6167.123 + -5839.858 i
res[118000000]: 6167.118 + -5839.860 i

error 0.000002 detected at 118500000
ref[118500000]: -1587.276 + 511.894 i
res[118500000]: -1587.275 + 511.892 i

error 0.000000 detected at 119000000
ref[119000000]: 15547.572 + 7675.200 i
res[119000000]: 15547.570 + 7675.207 i

error 0.000001 detected at 119500000
ref[119500000]: -5399.324 + 13762.989 i
res[119500000]: -5399.320 + 13762.984 i

error 0.000004 detected at 120000000
ref[120000000]: -613.397 + -1309.712 i
res[120000000]: -613.389 + -1309.712 i

error 0.000000 detected at 120500000
ref[120500000]: 1771.658 + 7885.968 i
res[120500000]: 1771.656 + 7885.968 i

error 0.000001 detected at 121000000
ref[121000000]: -2647.591 + 3436.697 i
res[121000000]: -2647.591 + 3436.694 i

error 0.000001 detected at 121500000
ref[121500000]: 12873.764 + -2511.649 i
res[121500000]: 12873.775 + -2511.634 i

error 0.000000 detected at 122000000
ref[122000000]: -2530.572 + 3545.583 i
res[122000000]: -2530.573 + 3545.580 i

error 0.000001 detected at 122500000
ref[122500000]: 5011.955 + 6703.413 i
res[122500000]: 5011.943 + 6703.419 i

error 0.000000 detected at 123000000
ref[123000000]: -4822.394 + 4891.585 i
res[123000000]: -4822.390 + 4891.588 i

error 0.000000 detected at 123500000
ref[123500000]: -7631.446 + -5279.543 i
res[123500000]: -7631.439 + -5279.550 i

error 0.000001 detected at 124000000
ref[124000000]: 3411.113 + -8988.043 i
res[124000000]: 3411.116 + -8988.037 i

error 0.000000 detected at 124500000
ref[124500000]: -7330.999 + -13812.957 i
res[124500000]: -7330.991 + -13812.963 i

error 0.000000 detected at 125000000
ref[125000000]: -461.542 + 15112.299 i
res[125000000]: -461.543 + 15112.295 i

error 0.000003 detected at 125500000
ref[125500000]: 777.629 + -1692.503 i
res[125500000]: 777.632 + -1692.500 i

error 0.000002 detected at 126000000
ref[126000000]: -1612.736 + 10794.396 i
res[126000000]: -1612.742 + 10794.387 i

error 0.000001 detected at 126500000
ref[126500000]: 3668.678 + -5901.186 i
res[126500000]: 3668.673 + -5901.184 i

error 0.000001 detected at 127000000
ref[127000000]: -2473.519 + 5780.394 i
res[127000000]: -2473.524 + 5780.393 i

error 0.000003 detected at 127500000
ref[127500000]: 5259.093 + 677.113 i
res[127500000]: 5259.085 + 677.120 i

error 0.000001 detected at 128000000
ref[128000000]: 9974.023 + 752.811 i
res[128000000]: 9974.018 + 752.810 i

error 0.000000 detected at 128500000
ref[128500000]: -10296.663 + -5184.109 i
res[128500000]: -10296.660 + -5184.111 i

error 0.000001 detected at 129000000
ref[129000000]: -1161.140 + 11835.919 i
res[129000000]: -1161.142 + 11835.914 i

error 0.000003 detected at 129500000
ref[129500000]: -1787.429 + 2273.090 i
res[129500000]: -1787.429 + 2273.084 i

error 0.000000 detected at 130000000
ref[130000000]: 11728.029 + 5728.857 i
res[130000000]: 11728.031 + 5728.859 i

error 0.000012 detected at 130500000
ref[130500000]: 461.408 + -195.918 i
res[130500000]: 461.411 + -195.920 i

error 0.000001 detected at 131000000
ref[131000000]: -11007.010 + 17448.631 i
res[131000000]: -11007.014 + 17448.623 i

error 0.000000 detected at 131500000
ref[131500000]: 11722.363 + -5170.142 i
res[131500000]: 11722.367 + -5170.139 i

error 0.000000 detected at 132000000
ref[132000000]: 702.091 + 16292.450 i
res[132000000]: 702.089 + 16292.447 i

error 0.000001 detected at 132500000
ref[132500000]: -5877.893 + -7502.341 i
res[132500000]: -5877.886 + -7502.343 i

error 0.000000 detected at 133000000
ref[133000000]: -1562.496 + 4221.673 i
res[133000000]: -1562.488 + 4221.677 i

error 0.000009 detected at 133500000
ref[133500000]: 693.168 + 740.447 i
res[133500000]: 693.158 + 740.450 i

error 0.000000 detected at 134000000
ref[134000000]: 11508.078 + 1435.119 i
res[134000000]: 11508.076 + 1435.131 i

error 0.000001 detected at 134500000
ref[134500000]: -3567.284 + 4524.570 i
res[134500000]: -3567.282 + 4524.570 i

error 0.000001 detected at 135000000
ref[135000000]: 5972.251 + -6037.331 i
res[135000000]: 5972.252 + -6037.327 i

error 0.000001 detected at 135500000
ref[135500000]: 2023.157 + -1814.649 i
res[135500000]: 2023.161 + -1814.646 i

error 0.000000 detected at 136000000
ref[136000000]: -3668.555 + -5907.298 i
res[136000000]: -3668.557 + -5907.296 i

error 0.000001 detected at 136500000
ref[136500000]: -2706.467 + 8759.197 i
res[136500000]: -2706.466 + 8759.192 i

error 0.000000 detected at 137000000
ref[137000000]: 7291.440 + -7636.102 i
res[137000000]: 7291.446 + -7636.097 i

error 0.000000 detected at 137500000
ref[137500000]: 9973.245 + 3319.448 i
res[137500000]: 9973.242 + 3319.449 i

error 0.000000 detected at 138000000
ref[138000000]: 8278.580 + 5379.075 i
res[138000000]: 8278.577 + 5379.075 i

error 0.000001 detected at 138500000
ref[138500000]: -5532.448 + -4176.093 i
res[138500000]: -5532.443 + -4176.094 i

error 0.000001 detected at 139000000
ref[139000000]: -6164.816 + 3089.498 i
res[139000000]: -6164.820 + 3089.497 i

error 0.000000 detected at 139500000
ref[139500000]: 7366.087 + 1449.186 i
res[139500000]: 7366.088 + 1449.181 i

error 0.000001 detected at 140000000
ref[140000000]: 1014.454 + 5263.361 i
res[140000000]: 1014.448 + 5263.360 i

error 0.000001 detected at 140500000
ref[140500000]: -828.163 + 1658.374 i
res[140500000]: -828.160 + 1658.375 i

error 0.000002 detected at 141000000
ref[141000000]: -2036.723 + 999.879 i
res[141000000]: -2036.726 + 999.878 i

error 0.000003 detected at 141500000
ref[141500000]: -2436.028 + -1885.105 i
res[141500000]: -2436.033 + -1885.107 i

error 0.000001 detected at 142000000
ref[142000000]: 5333.226 + -3759.489 i
res[142000000]: 5333.225 + -3759.485 i

error 0.000001 detected at 142500000
ref[142500000]: -15163.091 + -9704.021 i
res[142500000]: -15163.083 + -9704.024 i

error 0.000000 detected at 143000000
ref[143000000]: -12411.850 + 2772.776 i
res[143000000]: -12411.848 + 2772.771 i

error 0.000001 detected at 143500000
ref[143500000]: -1397.185 + 1787.598 i
res[143500000]: -1397.184 + 1787.598 i

error 0.000001 detected at 144000000
ref[144000000]: -3996.195 + 7932.615 i
res[144000000]: -3996.200 + 7932.617 i

error 0.000002 detected at 144500000
ref[144500000]: 6072.880 + -527.913 i
res[144500000]: 6072.876 + -527.910 i

error 0.000002 detected at 145000000
ref[145000000]: -3829.209 + 9301.208 i
res[145000000]: -3829.208 + 9301.199 i

error 0.000000 detected at 145500000
ref[145500000]: 3584.889 + -6569.098 i
res[145500000]: 3584.895 + -6569.093 i

error 0.000001 detected at 146000000
ref[146000000]: -10906.410 + 9400.473 i
res[146000000]: -10906.406 + 9400.470 i

error 0.000000 detected at 146500000
ref[146500000]: -4616.905 + -7253.115 i
res[146500000]: -4616.901 + -7253.116 i

error 0.000001 detected at 147000000
ref[147000000]: 193.762 + 832.001 i
res[147000000]: 193.760 + 832.001 i

error 0.000001 detected at 147500000
ref[147500000]: 4637.410 + -4266.908 i
res[147500000]: 4637.417 + -4266.905 i

error 0.000000 detected at 148000000
ref[148000000]: -5408.134 + 3754.523 i
res[148000000]: -5408.136 + 3754.518 i

error 0.000001 detected at 148500000
ref[148500000]: 1561.207 + 8206.848 i
res[148500000]: 1561.207 + 8206.843 i

error 0.000001 detected at 149000000
ref[149000000]: -2269.613 + -7479.577 i
res[149000000]: -2269.606 + -7479.574 i

error 0.000000 detected at 149500000
ref[149500000]: 440.845 + 11242.844 i
res[149500000]: 440.844 + 11242.844 i

error 0.000000 detected at 150000000
ref[150000000]: 9493.248 + 12352.654 i
res[150000000]: 9493.244 + 12352.654 i

error 0.000001 detected at 150500000
ref[150500000]: -884.770 + 11535.127 i
res[150500000]: -884.778 + 11535.120 i

error 0.000002 detected at 151000000
ref[151000000]: -1659.728 + -300.443 i
res[151000000]: -1659.727 + -300.441 i

error 0.000001 detected at 151500000
ref[151500000]: 13124.965 + 2212.582 i
res[151500000]: 13124.955 + 2212.589 i

error 0.000004 detected at 152000000
ref[152000000]: 673.929 + -2853.198 i
res[152000000]: 673.925 + -2853.193 i

error 0.000002 detected at 152500000
ref[152500000]: -4931.455 + -3210.471 i
res[152500000]: -4931.445 + -3210.475 i

error 0.000001 detected at 153000000
ref[153000000]: -261.482 + -2926.023 i
res[153000000]: -261.480 + -2926.022 i

error 0.000005 detected at 153500000
ref[153500000]: -274.918 + 2702.025 i
res[153500000]: -274.926 + 2702.032 i

error 0.000001 detected at 154000000
ref[154000000]: 1489.396 + -8375.240 i
res[154000000]: 1489.404 + -8375.244 i

error 0.000001 detected at 154500000
ref[154500000]: -9444.615 + -4215.231 i
res[154500000]: -9444.607 + -4215.238 i

error 0.000000 detected at 155000000
ref[155000000]: -3662.787 + -3778.186 i
res[155000000]: -3662.790 + -3778.184 i

error 0.000000 detected at 155500000
ref[155500000]: 7224.691 + 6656.268 i
res[155500000]: 7224.690 + 6656.266 i

error 0.000001 detected at 156000000
ref[156000000]: 9444.725 + 5433.659 i
res[156000000]: 9444.715 + 5433.666 i

error 0.000000 detected at 156500000
ref[156500000]: 4492.035 + 13890.533 i
res[156500000]: 4492.028 + 13890.533 i

error 0.000004 detected at 157000000
ref[157000000]: 1732.175 + 5054.280 i
res[157000000]: 1732.166 + 5054.272 i

error 0.000000 detected at 157500000
ref[157500000]: 21790.703 + -9968.104 i
res[157500000]: 21790.703 + -9968.096 i

error 0.000002 detected at 158000000
ref[158000000]: -4705.894 + -6924.581 i
res[158000000]: -4705.895 + -6924.572 i

error 0.000004 detected at 158500000
ref[158500000]: -3029.959 + 400.828 i
res[158500000]: -3029.954 + 400.824 i

error 0.000000 detected at 159000000
ref[159000000]: 13257.786 + 9070.000 i
res[159000000]: 13257.779 + 9070.004 i

error 0.000006 detected at 159500000
ref[159500000]: 943.609 + 1612.348 i
res[159500000]: 943.609 + 1612.354 i

error 0.000002 detected at 160000000
ref[160000000]: -5098.351 + 1111.733 i
res[160000000]: -5098.346 + 1111.734 i

error 0.000002 detected at 160500000
ref[160500000]: -2693.705 + 4905.016 i
res[160500000]: -2693.698 + 4905.015 i

error 0.000001 detected at 161000000
ref[161000000]: -4267.166 + -4512.266 i
res[161000000]: -4267.160 + -4512.266 i

error 0.000000 detected at 161500000
ref[161500000]: 3184.532 + -1463.511 i
res[161500000]: 3184.533 + -1463.511 i

error 0.000001 detected at 162000000
ref[162000000]: 2602.516 + 4946.436 i
res[162000000]: 2602.514 + 4946.434 i

error 0.000000 detected at 162500000
ref[162500000]: -897.574 + -12977.812 i
res[162500000]: -897.567 + -12977.810 i

error 0.000000 detected at 163000000
ref[163000000]: 5701.464 + 9067.752 i
res[163000000]: 5701.453 + 9067.758 i

error 0.000001 detected at 163500000
ref[163500000]: 1996.558 + -8074.175 i
res[163500000]: 1996.562 + -8074.170 i

error 0.000001 detected at 164000000
ref[164000000]: 6261.129 + 1529.158 i
res[164000000]: 6261.124 + 1529.162 i

error 0.000001 detected at 164500000
ref[164500000]: -2600.040 + 1669.167 i
res[164500000]: -2600.043 + 1669.166 i

error 0.000000 detected at 165000000
ref[165000000]: -3882.452 + 3293.101 i
res[165000000]: -3882.448 + 3293.103 i

error 0.000000 detected at 165500000
ref[165500000]: 11294.940 + -2860.457 i
res[165500000]: 11294.939 + -2860.452 i

error 0.000001 detected at 166000000
ref[166000000]: 2929.604 + -8910.938 i
res[166000000]: 2929.606 + -8910.940 i

error 0.000000 detected at 166500000
ref[166500000]: -489.575 + -5018.981 i
res[166500000]: -489.572 + -5018.982 i

error 0.000002 detected at 167000000
ref[167000000]: -3039.538 + -2094.485 i
res[167000000]: -3039.537 + -2094.482 i

error 0.000001 detected at 167500000
ref[167500000]: -8492.814 + 2401.246 i
res[167500000]: -8492.810 + 2401.245 i

error 0.000001 detected at 168000000
ref[168000000]: -4122.130 + 1196.934 i
res[168000000]: -4122.133 + 1196.932 i

error 0.000000 detected at 168500000
ref[168500000]: -6551.303 + -10823.258 i
res[168500000]: -6551.296 + -10823.259 i

error 0.000000 detected at 169000000
ref[169000000]: -2605.084 + -4927.188 i
res[169000000]: -2605.083 + -4927.189 i

error 0.000001 detected at 169500000
ref[169500000]: -10850.055 + 222.816 i
res[169500000]: -10850.048 + 222.812 i

error 0.000000 detected at 170000000
ref[170000000]: 20.238 + -8870.865 i
res[170000000]: 20.241 + -8870.863 i

error 0.000000 detected at 170500000
ref[170500000]: -10590.037 + -3698.345 i
res[170500000]: -10590.039 + -3698.344 i

error 0.000000 detected at 171000000
ref[171000000]: -3909.684 + 9774.875 i
res[171000000]: -3909.685 + 9774.874 i

error 0.000001 detected at 171500000
ref[171500000]: -12180.374 + 9848.815 i
res[171500000]: -12180.371 + 9848.807 i

error 0.000000 detected at 172000000
ref[172000000]: 1677.958 + 2878.504 i
res[172000000]: 1677.958 + 2878.505 i

error 0.000000 detected at 172500000
ref[172500000]: -11233.345 + -3024.473 i
res[172500000]: -11233.343 + -3024.476 i

error 0.000001 detected at 173000000
ref[173000000]: -5476.808 + 10745.994 i
res[173000000]: -5476.812 + 10745.987 i

error 0.000001 detected at 173500000
ref[173500000]: 6235.224 + -4856.088 i
res[173500000]: 6235.227 + -4856.088 i

error 0.000002 detected at 174000000
ref[174000000]: -2988.339 + 955.772 i
res[174000000]: -2988.341 + 955.776 i

error 0.000001 detected at 174500000
ref[174500000]: 9492.911 + -11086.623 i
res[174500000]: 9492.916 + -11086.612 i

error 0.000000 detected at 175000000
ref[175000000]: -8134.903 + 6992.703 i
res[175000000]: -8134.902 + 6992.705 i

error 0.000000 detected at 175500000
ref[175500000]: 1920.792 + -7186.563 i
res[175500000]: 1920.800 + -7186.562 i

error 0.000001 detected at 176000000
ref[176000000]: -6782.414 + -10006.079 i
res[176000000]: -6782.418 + -10006.072 i

error 0.000003 detected at 176500000
ref[176500000]: -3820.395 + -2372.706 i
res[176500000]: -3820.392 + -2372.699 i

error 0.000000 detected at 177000000
ref[177000000]: 4799.147 + -4543.106 i
res[177000000]: 4799.146 + -4543.106 i

error 0.000002 detected at 177500000
ref[177500000]: -2662.888 + -1902.517 i
res[177500000]: -2662.883 + -1902.518 i

error 0.000000 detected at 178000000
ref[178000000]: 14130.972 + -4602.110 i
res[178000000]: 14130.974 + -4602.106 i

error 0.000001 detected at 178500000
ref[178500000]: 4974.687 + -6683.684 i
res[178500000]: 4974.682 + -6683.684 i

error 0.000000 detected at 179000000
ref[179000000]: 4689.001 + -13932.100 i
res[179000000]: 4689.005 + -13932.100 i

error 0.000001 detected at 179500000
ref[179500000]: -4254.441 + -488.659 i
res[179500000]: -4254.440 + -488.652 i

error 0.000000 detected at 180000000
ref[180000000]: 9247.978 + -5758.108 i
res[180000000]: 9247.978 + -5758.104 i

error 0.000001 detected at 180500000
ref[180500000]: -23195.520 + -7356.998 i
res[180500000]: -23195.512 + -7357.005 i

error 0.000001 detected at 181000000
ref[181000000]: 8.335 + 9574.098 i
res[181000000]: 8.331 + 9574.102 i

error 0.000001 detected at 181500000
ref[181500000]: 6319.356 + 2105.275 i
res[181500000]: 6319.353 + 2105.276 i

error 0.000001 detected at 182000000
ref[182000000]: -3257.547 + 5981.601 i
res[182000000]: -3257.551 + 5981.593 i

error 0.000004 detected at 182500000
ref[182500000]: -3948.751 + -3337.079 i
res[182500000]: -3948.745 + -3337.072 i

error 0.000001 detected at 183000000
ref[183000000]: -13698.362 + 2358.070 i
res[183000000]: -13698.359 + 2358.060 i

error 0.000001 detected at 183500000
ref[183500000]: -2464.475 + 562.769 i
res[183500000]: -2464.477 + 562.767 i

error 0.000000 detected at 184000000
ref[184000000]: -7974.719 + -5828.976 i
res[184000000]: -7974.712 + -5828.981 i

error 0.000002 detected at 184500000
ref[184500000]: 94.151 + 9492.316 i
res[184500000]: 94.141 + 9492.309 i

error 0.000004 detected at 185000000
ref[185000000]: 3412.666 + -529.229 i
res[185000000]: 3412.658 + -529.233 i

error 0.000000 detected at 185500000
ref[185500000]: 3754.758 + 1579.501 i
res[185500000]: 3754.758 + 1579.500 i

error 0.000001 detected at 186000000
ref[186000000]: 3650.029 + 3745.524 i
res[186000000]: 3650.029 + 3745.522 i

error 0.000001 detected at 186500000
ref[186500000]: -9864.942 + 5751.762 i
res[186500000]: -9864.946 + 5751.765 i

error 0.000000 detected at 187000000
ref[187000000]: 6261.404 + 7925.528 i
res[187000000]: 6261.402 + 7925.527 i

error 0.000012 detected at 187500000
ref[187500000]: 54.707 + -772.501 i
res[187500000]: 54.708 + -772.506 i

error 0.000001 detected at 188000000
ref[188000000]: -4668.166 + -1197.505 i
res[188000000]: -4668.162 + -1197.509 i

error 0.000001 detected at 188500000
ref[188500000]: 51.753 + 6627.692 i
res[188500000]: 51.757 + 6627.688 i

error 0.000000 detected at 189000000
ref[189000000]: -8164.409 + -11293.577 i
res[189000000]: -8164.405 + -11293.576 i

error 0.000000 detected at 189500000
ref[189500000]: -736.214 + -6072.335 i
res[189500000]: -736.212 + -6072.334 i

error 0.000001 detected at 190000000
ref[190000000]: 3812.836 + 7120.306 i
res[190000000]: 3812.832 + 7120.305 i

error 0.000002 detected at 190500000
ref[190500000]: -4902.225 + 6966.448 i
res[190500000]: -4902.218 + 6966.440 i

error 0.000001 detected at 191000000
ref[191000000]: 13329.888 + -1013.034 i
res[191000000]: 13329.883 + -1013.026 i

error 0.000000 detected at 191500000
ref[191500000]: -10060.866 + -2174.459 i
res[191500000]: -10060.867 + -2174.461 i

error 0.000001 detected at 192000000
ref[192000000]: -10355.938 + 8569.979 i
res[192000000]: -10355.938 + 8569.970 i

error 0.000001 detected at 192500000
ref[192500000]: -10668.052 + 12043.070 i
res[192500000]: -10668.053 + 12043.063 i

error 0.000002 detected at 193000000
ref[193000000]: -3377.728 + -737.257 i
res[193000000]: -3377.730 + -737.261 i

error 0.000001 detected at 193500000
ref[193500000]: 1097.023 + 4246.430 i
res[193500000]: 1097.026 + 4246.432 i

error 0.000000 detected at 194000000
ref[194000000]: 7480.478 + 5816.868 i
res[194000000]: 7480.474 + 5816.870 i

error 0.000001 detected at 194500000
ref[194500000]: 3071.932 + -4372.274 i
res[194500000]: 3071.934 + -4372.271 i

error 0.000000 detected at 195000000
ref[195000000]: 2148.038 + 10350.983 i
res[195000000]: 2148.036 + 10350.984 i

error 0.000000 detected at 195500000
ref[195500000]: 4870.829 + 7003.262 i
res[195500000]: 4870.834 + 7003.259 i

error 0.000001 detected at 196000000
ref[196000000]: 3878.054 + 8253.861 i
res[196000000]: 3878.051 + 8253.859 i

error 0.000002 detected at 196500000
ref[196500000]: -2903.507 + 5151.515 i
res[196500000]: -2903.505 + 5151.508 i

error 0.000001 detected at 197000000
ref[197000000]: 7543.349 + 4213.541 i
res[197000000]: 7543.339 + 4213.547 i

error 0.000001 detected at 197500000
ref[197500000]: -2172.824 + 565.428 i
res[197500000]: -2172.826 + 565.429 i

error 0.000001 detected at 198000000
ref[198000000]: -4904.159 + -8100.724 i
res[198000000]: -4904.160 + -8100.728 i

error 0.000001 detected at 198500000
ref[198500000]: 4476.013 + 3025.640 i
res[198500000]: 4476.015 + 3025.639 i

error 0.000000 detected at 199000000
ref[199000000]: -4943.038 + 12050.478 i
res[199000000]: -4943.041 + 12050.477 i

error 0.000001 detected at 199500000
ref[199500000]: 8348.517 + 14801.746 i
res[199500000]: 8348.511 + 14801.740 i

error 0.000000 detected at 200000000
ref[200000000]: -757.054 + -6284.895 i
res[200000000]: -757.047 + -6284.896 i

error 0.000001 detected at 200500000
ref[200500000]: -8006.097 + -6574.483 i
res[200500000]: -8006.094 + -6574.491 i

error 0.000001 detected at 201000000
ref[201000000]: 6903.883 + -8000.794 i
res[201000000]: 6903.878 + -8000.788 i

error 0.000001 detected at 201500000
ref[201500000]: 1762.032 + -5143.109 i
res[201500000]: 1762.032 + -5143.107 i

error 0.000001 detected at 202000000
ref[202000000]: -3325.745 + -214.684 i
res[202000000]: -3325.745 + -214.688 i

error 0.000001 detected at 202500000
ref[202500000]: -1083.467 + -134.596 i
res[202500000]: -1083.466 + -134.596 i

error 0.000000 detected at 203000000
ref[203000000]: -21428.826 + 1524.827 i
res[203000000]: -21428.826 + 1524.822 i

error 0.000002 detected at 203500000
ref[203500000]: 453.659 + 728.475 i
res[203500000]: 453.661 + 728.473 i

error 0.000000 detected at 204000000
ref[204000000]: 7818.536 + -5084.187 i
res[204000000]: 7818.537 + -5084.184 i

error 0.000000 detected at 204500000
ref[204500000]: 5447.562 + 4371.064 i
res[204500000]: 5447.561 + 4371.067 i

error 0.000001 detected at 205000000
ref[205000000]: -7657.382 + 3407.108 i
res[205000000]: -7657.387 + 3407.113 i

error 0.000001 detected at 205500000
ref[205500000]: -446.581 + 7536.523 i
res[205500000]: -446.583 + 7536.520 i

error 0.000003 detected at 206000000
ref[206000000]: -4208.989 + 1248.498 i
res[206000000]: -4208.983 + 1248.493 i

error 0.000000 detected at 206500000
ref[206500000]: 1614.987 + 589.603 i
res[206500000]: 1614.988 + 589.599 i

error 0.000001 detected at 207000000
ref[207000000]: 7163.796 + 5374.631 i
res[207000000]: 7163.797 + 5374.634 i

error 0.000001 detected at 207500000
ref[207500000]: -10096.535 + -8459.281 i
res[207500000]: -10096.529 + -8459.281 i

error 0.000001 detected at 208000000
ref[208000000]: -5348.973 + -8162.495 i
res[208000000]: -5348.973 + -8162.501 i

error 0.000000 detected at 208500000
ref[208500000]: 7184.543 + 7302.581 i
res[208500000]: 7184.535 + 7302.589 i

error 0.000000 detected at 209000000
ref[209000000]: 10435.525 + 15888.643 i
res[209000000]: 10435.518 + 15888.647 i

error 0.000001 detected at 209500000
ref[209500000]: 1884.262 + 9763.789 i
res[209500000]: 1884.262 + 9763.796 i

error 0.000000 detected at 210000000
ref[210000000]: -14168.662 + -9817.300 i
res[210000000]: -14168.664 + -9817.302 i

error 0.000001 detected at 210500000
ref[210500000]: -3062.507 + -687.422 i
res[210500000]: -3062.504 + -687.428 i

error 0.000002 detected at 211000000
ref[211000000]: -4469.803 + -635.842 i
res[211000000]: -4469.806 + -635.841 i

error 0.000004 detected at 211500000
ref[211500000]: 224.881 + 1951.972 i
res[211500000]: 224.870 + 1951.970 i

error 0.000000 detected at 212000000
ref[212000000]: -2863.348 + 1348.434 i
res[212000000]: -2863.351 + 1348.428 i

error 0.000002 detected at 212500000
ref[212500000]: 2418.396 + 4375.888 i
res[212500000]: 2418.397 + 4375.892 i

error 0.000001 detected at 213000000
ref[213000000]: 8765.599 + 7929.282 i
res[213000000]: 8765.598 + 7929.290 i

error 0.000001 detected at 213500000
ref[213500000]: -709.803 + -1780.543 i
res[213500000]: -709.804 + -1780.543 i

error 0.000000 detected at 214000000
ref[214000000]: 10009.923 + 3574.583 i
res[214000000]: 10009.922 + 3574.583 i

error 0.000000 detected at 214500000
ref[214500000]: -9470.095 + 12874.092 i
res[214500000]: -9470.096 + 12874.092 i

error 0.000002 detected at 215000000
ref[215000000]: 8033.613 + 3954.129 i
res[215000000]: 8033.602 + 3954.135 i

error 0.000001 detected at 215500000
ref[215500000]: 3788.506 + -3105.345 i
res[215500000]: 3788.503 + -3105.345 i

error 0.000001 detected at 216000000
ref[216000000]: 6290.709 + 189.686 i
res[216000000]: 6290.708 + 189.688 i

error 0.000000 detected at 216500000
ref[216500000]: 5127.162 + 13428.866 i
res[216500000]: 5127.154 + 13428.867 i

error 0.000001 detected at 217000000
ref[217000000]: 4996.684 + 3407.965 i
res[217000000]: 4996.681 + 3407.964 i

error 0.000000 detected at 217500000
ref[217500000]: -4784.671 + -4591.709 i
res[217500000]: -4784.665 + -4591.716 i

error 0.000001 detected at 218000000
ref[218000000]: 1775.150 + 6290.132 i
res[218000000]: 1775.148 + 6290.135 i

error 0.000000 detected at 218500000
ref[218500000]: -348.348 + -5132.844 i
res[218500000]: -348.340 + -5132.844 i

error 0.000001 detected at 219000000
ref[219000000]: -4332.624 + 2436.371 i
res[219000000]: -4332.620 + 2436.372 i

error 0.000002 detected at 219500000
ref[219500000]: 5598.774 + -4868.589 i
res[219500000]: 5598.774 + -4868.578 i

error 0.000001 detected at 220000000
ref[220000000]: -9107.785 + -4048.454 i
res[220000000]: -9107.782 + -4048.453 i

error 0.000000 detected at 220500000
ref[220500000]: 5887.838 + 322.217 i
res[220500000]: 5887.838 + 322.220 i

error 0.000002 detected at 221000000
ref[221000000]: 5210.031 + -9547.410 i
res[221000000]: 5210.022 + -9547.400 i

error 0.000001 detected at 221500000
ref[221500000]: -2206.699 + -7901.327 i
res[221500000]: -2206.697 + -7901.322 i

error 0.000004 detected at 222000000
ref[222000000]: 1356.549 + -2252.430 i
res[222000000]: 1356.546 + -2252.425 i

error 0.000001 detected at 222500000
ref[222500000]: -7221.023 + 15905.975 i
res[222500000]: -7221.027 + 15905.978 i

error 0.000000 detected at 223000000
ref[223000000]: 989.734 + -14757.568 i
res[223000000]: 989.745 + -14757.569 i

error 0.000001 detected at 223500000
ref[223500000]: -7161.558 + 465.955 i
res[223500000]: -7161.561 + 465.954 i

error 0.000001 detected at 224000000
ref[224000000]: 7244.482 + -6093.365 i
res[224000000]: 7244.485 + -6093.366 i

error 0.000000 detected at 224500000
ref[224500000]: -6366.123 + 19190.824 i
res[224500000]: -6366.127 + 19190.820 i

error 0.000000 detected at 225000000
ref[225000000]: -4474.919 + -15564.286 i
res[225000000]: -4474.910 + -15564.289 i

error 0.000000 detected at 225500000
ref[225500000]: -5062.882 + -13059.306 i
res[225500000]: -5062.882 + -13059.308 i

error 0.000000 detected at 226000000
ref[226000000]: 5703.513 + 16239.859 i
res[226000000]: 5703.511 + 16239.863 i

error 0.000003 detected at 226500000
ref[226500000]: -399.650 + 3267.148 i
res[226500000]: -399.653 + 3267.153 i

error 0.000002 detected at 227000000
ref[227000000]: 843.729 + -2866.831 i
res[227000000]: 843.736 + -2866.825 i

error 0.000000 detected at 227500000
ref[227500000]: -5717.066 + -2478.077 i
res[227500000]: -5717.063 + -2478.082 i

error 0.000001 detected at 228000000
ref[228000000]: -2812.625 + 2662.576 i
res[228000000]: -2812.619 + 2662.579 i

error 0.000001 detected at 228500000
ref[228500000]: -1972.481 + -2034.077 i
res[228500000]: -1972.477 + -2034.079 i

error 0.000000 detected at 229000000
ref[229000000]: 3091.273 + 11788.063 i
res[229000000]: 3091.271 + 11788.062 i

error 0.000001 detected at 229500000
ref[229500000]: -7953.698 + 2629.442 i
res[229500000]: -7953.703 + 2629.439 i

error 0.000001 detected at 230000000
ref[230000000]: -2190.897 + 4098.795 i
res[230000000]: -2190.902 + 4098.794 i

error 0.000000 detected at 230500000
ref[230500000]: 13427.845 + 9145.960 i
res[230500000]: 13427.845 + 9145.965 i

error 0.000006 detected at 231000000
ref[231000000]: -3515.877 + 423.042 i
res[231000000]: -3515.888 + 423.044 i

error 0.000002 detected at 231500000
ref[231500000]: -2555.915 + 977.139 i
res[231500000]: -2555.913 + 977.135 i

error 0.000001 detected at 232000000
ref[232000000]: 6345.339 + 3055.528 i
res[232000000]: 6345.340 + 3055.530 i

error 0.000005 detected at 232500000
ref[232500000]: -1132.263 + -3134.163 i
res[232500000]: -1132.265 + -3134.171 i

error 0.000001 detected at 233000000
ref[233000000]: -7202.841 + -7118.663 i
res[233000000]: -7202.833 + -7118.665 i

error 0.000000 detected at 233500000
ref[233500000]: -3543.721 + -411.960 i
res[233500000]: -3543.721 + -411.961 i

error 0.000000 detected at 234000000
ref[234000000]: 10893.756 + -5943.555 i
res[234000000]: 10893.756 + -5943.549 i

error 0.000002 detected at 234500000
ref[234500000]: 8715.336 + 564.617 i
res[234500000]: 8715.325 + 564.626 i

error 0.000000 detected at 235000000
ref[235000000]: 4553.505 + -13194.375 i
res[235000000]: 4553.505 + -13194.372 i

error 0.000001 detected at 235500000
ref[235500000]: 15605.131 + 1799.022 i
res[235500000]: 15605.136 + 1799.030 i

error 0.000001 detected at 236000000
ref[236000000]: -9084.446 + -4587.001 i
res[236000000]: -9084.453 + -4587.003 i

error 0.000001 detected at 236500000
ref[236500000]: 12294.076 + 8919.308 i
res[236500000]: 12294.066 + 8919.312 i

error 0.000001 detected at 237000000
ref[237000000]: -984.490 + 7211.582 i
res[237000000]: -984.490 + 7211.580 i

error 0.000001 detected at 237500000
ref[237500000]: 0.360 + 9062.191 i
res[237500000]: 0.355 + 9062.186 i

error 0.000000 detected at 238000000
ref[238000000]: 10028.189 + -4300.314 i
res[238000000]: 10028.191 + -4300.308 i

error 0.000000 detected at 238500000
ref[238500000]: -8223.795 + -1942.397 i
res[238500000]: -8223.795 + -1942.399 i

error 0.000001 detected at 239000000
ref[239000000]: -4271.745 + -14034.609 i
res[239000000]: -4271.736 + -14034.607 i

error 0.000001 detected at 239500000
ref[239500000]: 11511.025 + -2922.301 i
res[239500000]: 11511.024 + -2922.293 i

error 0.000001 detected at 240000000
ref[240000000]: -5804.348 + -12730.621 i
res[240000000]: -5804.345 + -12730.627 i

error 0.000000 detected at 240500000
ref[240500000]: 6513.497 + -6292.994 i
res[240500000]: 6513.494 + -6292.997 i

error 0.000001 detected at 241000000
ref[241000000]: -3607.894 + 5805.464 i
res[241000000]: -3607.888 + 5805.461 i

error 0.000006 detected at 241500000
ref[241500000]: -859.806 + 195.346 i
res[241500000]: -859.808 + 195.348 i

error 0.000000 detected at 242000000
ref[242000000]: 2369.639 + -8585.178 i
res[242000000]: 2369.642 + -8585.176 i

error 0.000001 detected at 242500000
ref[242500000]: 8155.437 + -9307.229 i
res[242500000]: 8155.438 + -9307.222 i

error 0.000001 detected at 243000000
ref[243000000]: -9734.398 + -5389.844 i
res[243000000]: -9734.391 + -5389.842 i

error 0.000000 detected at 243500000
ref[243500000]: -11471.083 + -3495.845 i
res[243500000]: -11471.082 + -3495.842 i

error 0.000001 detected at 244000000
ref[244000000]: 5306.001 + 2824.820 i
res[244000000]: 5306.001 + 2824.825 i

error 0.000001 detected at 244500000
ref[244500000]: -5533.625 + -3431.904 i
res[244500000]: -5533.629 + -3431.907 i

error 0.000001 detected at 245000000
ref[245000000]: 7389.548 + 9190.683 i
res[245000000]: 7389.542 + 9190.682 i

error 0.000001 detected at 245500000
ref[245500000]: -6788.018 + 3933.323 i
res[245500000]: -6788.016 + 3933.317 i

error 0.000001 detected at 246000000
ref[246000000]: -4554.907 + -1805.957 i
res[246000000]: -4554.902 + -1805.961 i

error 0.000001 detected at 246500000
ref[246500000]: 1402.365 + -6052.985 i
res[246500000]: 1402.369 + -6052.981 i

error 0.000003 detected at 247000000
ref[247000000]: -2169.088 + 3075.869 i
res[247000000]: -2169.088 + 3075.863 i

error 0.000000 detected at 247500000
ref[247500000]: 302.793 + 7978.295 i
res[247500000]: 302.801 + 7978.295 i

error 0.000000 detected at 248000000
ref[248000000]: 465.984 + -4312.969 i
res[248000000]: 465.994 + -4312.969 i

error 0.000001 detected at 248500000
ref[248500000]: 7900.186 + 11544.605 i
res[248500000]: 7900.174 + 11544.606 i

error 0.000000 detected at 249000000
ref[249000000]: -7686.281 + -4098.910 i
res[249000000]: -7686.277 + -4098.913 i

error 0.000003 detected at 249500000
ref[249500000]: -3712.521 + -3526.131 i
res[249500000]: -3712.513 + -3526.128 i

error 0.000000 detected at 250000000
ref[250000000]: -2966.973 + -15458.774 i
res[250000000]: -2966.966 + -15458.775 i

error 0.000001 detected at 250500000
ref[250500000]: 1749.819 + 3373.469 i
res[250500000]: 1749.817 + 3373.472 i

error 0.000004 detected at 251000000
ref[251000000]: -1403.078 + 2565.904 i
res[251000000]: -1403.084 + 2565.906 i

error 0.000002 detected at 251500000
ref[251500000]: -6.529 + 6116.554 i
res[251500000]: -6.536 + 6116.549 i

error 0.000002 detected at 252000000
ref[252000000]: 8377.719 + 3183.393 i
res[252000000]: 8377.725 + 3183.399 i

error 0.000001 detected at 252500000
ref[252500000]: 8766.719 + 5309.748 i
res[252500000]: 8766.713 + 5309.744 i

error 0.000000 detected at 253000000
ref[253000000]: -5175.540 + -14004.548 i
res[253000000]: -5175.545 + -14004.543 i

error 0.000002 detected at 253500000
ref[253500000]: -2940.415 + 2511.930 i
res[253500000]: -2940.415 + 2511.923 i

error 0.000000 detected at 254000000
ref[254000000]: 5467.391 + -14053.980 i
res[254000000]: 5467.386 + -14053.982 i

error 0.000004 detected at 254500000
ref[254500000]: 808.469 + -1135.529 i
res[254500000]: 808.469 + -1135.525 i

error 0.000001 detected at 255000000
ref[255000000]: 4281.107 + -703.588 i
res[255000000]: 4281.106 + -703.579 i

error 0.000000 detected at 255500000
ref[255500000]: 2632.400 + -12300.024 i
res[255500000]: 2632.404 + -12300.021 i

error 0.000002 detected at 256000000
ref[256000000]: 871.488 + 241.107 i
res[256000000]: 871.487 + 241.106 i

error 0.000000 detected at 256500000
ref[256500000]: 6535.206 + 8499.736 i
res[256500000]: 6535.207 + 8499.735 i

error 0.000001 detected at 257000000
ref[257000000]: -816.985 + 9562.064 i
res[257000000]: -816.990 + 9562.061 i

error 0.000000 detected at 257500000
ref[257500000]: -4628.115 + 7675.796 i
res[257500000]: -4628.121 + 7675.792 i

error 0.000000 detected at 258000000
ref[258000000]: -6306.249 + -6944.207 i
res[258000000]: -6306.249 + -6944.208 i

error 0.000001 detected at 258500000
ref[258500000]: 7172.085 + 1515.285 i
res[258500000]: 7172.080 + 1515.288 i

error 0.000000 detected at 259000000
ref[259000000]: 6599.566 + 10193.073 i
res[259000000]: 6599.562 + 10193.075 i

error 0.000001 detected at 259500000
ref[259500000]: -106.849 + 9836.640 i
res[259500000]: -106.866 + 9836.634 i

error 0.000000 detected at 260000000
ref[260000000]: 4706.631 + 4853.389 i
res[260000000]: 4706.632 + 4853.390 i

error 0.000005 detected at 260500000
ref[260500000]: 2838.565 + 10.035 i
res[260500000]: 2838.572 + 10.033 i

error 0.000001 detected at 261000000
ref[261000000]: -3012.041 + 7505.274 i
res[261000000]: -3012.039 + 7505.271 i

error 0.000001 detected at 261500000
ref[261500000]: -3980.369 + 14166.275 i
res[261500000]: -3980.375 + 14166.267 i

error 0.000002 detected at 262000000
ref[262000000]: 7326.743 + 6852.071 i
res[262000000]: 7326.745 + 6852.080 i

error 0.000000 detected at 262500000
ref[262500000]: -3737.944 + 10988.938 i
res[262500000]: -3737.936 + 10988.941 i

error 0.000000 detected at 263000000
ref[263000000]: -7689.127 + 3708.443 i
res[263000000]: -7689.127 + 3708.440 i

error 0.000001 detected at 263500000
ref[263500000]: -9926.146 + -11754.226 i
res[263500000]: -9926.145 + -11754.223 i

error 0.000001 detected at 264000000
ref[264000000]: -6758.151 + 6537.636 i
res[264000000]: -6758.158 + 6537.633 i

error 0.000000 detected at 264500000
ref[264500000]: -4337.584 + -10326.760 i
res[264500000]: -4337.583 + -10326.762 i

error 0.000001 detected at 265000000
ref[265000000]: 2953.441 + -2748.478 i
res[265000000]: 2953.446 + -2748.475 i

error 0.000002 detected at 265500000
ref[265500000]: -7849.905 + -3818.395 i
res[265500000]: -7849.897 + -3818.395 i

error 0.000001 detected at 266000000
ref[266000000]: 2514.161 + -10610.254 i
res[266000000]: 2514.163 + -10610.247 i

error 0.000002 detected at 266500000
ref[266500000]: -8304.428 + 1792.353 i
res[266500000]: -8304.437 + 1792.352 i

error 0.000001 detected at 267000000
ref[267000000]: 3004.029 + 3203.442 i
res[267000000]: 3004.027 + 3203.440 i

error 0.000012 detected at 267500000
ref[267500000]: -86.540 + 978.686 i
res[267500000]: -86.536 + 978.692 i

error 0.000001 detected at 268000000
ref[268000000]: 13171.818 + 743.214 i
res[268000000]: 13171.814 + 743.225 i

error 0.000000 detected at 268500000
ref[268500000]: -12618.723 + -2646.623 i
res[268500000]: -12618.720 + -2646.624 i

error 0.000001 detected at 269000000
ref[269000000]: 13.078 + 11959.089 i
res[269000000]: 13.070 + 11959.084 i

error 0.000001 detected at 269500000
ref[269500000]: 7985.329 + -1586.854 i
res[269500000]: 7985.326 + -1586.856 i

error 0.000001 detected at 270000000
ref[270000000]: 1356.871 + -4792.721 i
res[270000000]: 1356.872 + -4792.717 i

error 0.000000 detected at 270500000
ref[270500000]: -11631.229 + -9008.910 i
res[270500000]: -11631.223 + -9008.913 i

error 0.000000 detected at 271000000
ref[271000000]: -2271.638 + -1781.784 i
res[271000000]: -2271.640 + -1781.781 i

error 0.000001 detected at 271500000
ref[271500000]: -8408.922 + 2655.306 i
res[271500000]: -8408.918 + 2655.305 i

error 0.000000 detected at 272000000
ref[272000000]: 5627.945 + -9899.885 i
res[272000000]: 5627.946 + -9899.881 i

error 0.000002 detected at 272500000
ref[272500000]: 563.927 + 4335.873 i
res[272500000]: 563.921 + 4335.870 i

error 0.000000 detected at 273000000
ref[273000000]: -14043.562 + -12076.885 i
res[273000000]: -14043.561 + -12076.887 i

error 0.000001 detected at 273500000
ref[273500000]: -6093.177 + 2284.755 i
res[273500000]: -6093.174 + 2284.754 i

error 0.000000 detected at 274000000
ref[274000000]: 13590.696 + -7175.725 i
res[274000000]: 13590.696 + -7175.721 i

error 0.000003 detected at 274500000
ref[274500000]: -2592.151 + -2816.256 i
res[274500000]: -2592.151 + -2816.265 i

error 0.000000 detected at 275000000
ref[275000000]: -7463.347 + -6985.438 i
res[275000000]: -7463.343 + -6985.445 i

error 0.000000 detected at 275500000
ref[275500000]: 4351.520 + -285.344 i
res[275500000]: 4351.521 + -285.346 i

error 0.000000 detected at 276000000
ref[276000000]: -3517.548 + -6096.208 i
res[276000000]: -3517.545 + -6096.209 i

error 0.000000 detected at 276500000
ref[276500000]: 18379.867 + 835.186 i
res[276500000]: 18379.867 + 835.193 i

error 0.000000 detected at 277000000
ref[277000000]: 4849.626 + -287.634 i
res[277000000]: 4849.627 + -287.629 i

error 0.000000 detected at 277500000
ref[277500000]: -564.353 + -8179.635 i
res[277500000]: -564.343 + -8179.635 i

error 0.000001 detected at 278000000
ref[278000000]: 2100.701 + -4883.821 i
res[278000000]: 2100.705 + -4883.822 i

error 0.000001 detected at 278500000
ref[278500000]: -1720.820 + -1646.983 i
res[278500000]: -1720.817 + -1646.984 i

error 0.000001 detected at 279000000
ref[279000000]: -7402.577 + 1082.098 i
res[279000000]: -7402.575 + 1082.092 i

error 0.000001 detected at 279500000
ref[279500000]: -6241.823 + 17920.588 i
res[279500000]: -6241.823 + 17920.580 i

error 0.000000 detected at 280000000
ref[280000000]: -5528.732 + 4906.930 i
res[280000000]: -5528.733 + 4906.927 i

error 0.000001 detected at 280500000
ref[280500000]: -7888.617 + 5018.663 i
res[280500000]: -7888.613 + 5018.656 i

error 0.000000 detected at 281000000
ref[281000000]: -2256.183 + -13333.944 i
res[281000000]: -2256.182 + -13333.943 i

error 0.000000 detected at 281500000
ref[281500000]: -6849.547 + -5869.369 i
res[281500000]: -6849.548 + -5869.369 i

error 0.000001 detected at 282000000
ref[282000000]: -3897.812 + -7336.237 i
res[282000000]: -3897.809 + -7336.242 i

error 0.000000 detected at 282500000
ref[282500000]: -8053.264 + 1468.318 i
res[282500000]: -8053.262 + 1468.319 i

error 0.000000 detected at 283000000
ref[283000000]: -4099.820 + -6306.124 i
res[283000000]: -4099.816 + -6306.128 i

error 0.000002 detected at 283500000
ref[283500000]: -4647.262 + -3237.384 i
res[283500000]: -4647.259 + -3237.379 i

error 0.000002 detected at 284000000
ref[284000000]: -5600.218 + -3608.251 i
res[284000000]: -5600.226 + -3608.249 i

error 0.000001 detected at 284500000
ref[284500000]: -4193.566 + 3749.461 i
res[284500000]: -4193.564 + 3749.462 i

error 0.000000 detected at 285000000
ref[285000000]: -10500.402 + -4473.318 i
res[285000000]: -10500.396 + -4473.324 i

error 0.000004 detected at 285500000
ref[285500000]: 268.417 + 3428.985 i
res[285500000]: 268.416 + 3428.992 i

error 0.000001 detected at 286000000
ref[286000000]: 5634.947 + -991.304 i
res[286000000]: 5634.945 + -991.302 i

error 0.000000 detected at 286500000
ref[286500000]: -5323.722 + -9984.707 i
res[286500000]: -5323.721 + -9984.705 i

error 0.000002 detected at 287000000
ref[287000000]: -7515.916 + -357.926 i
res[287000000]: -7515.909 + -357.924 i

error 0.000001 detected at 287500000
ref[287500000]: -11677.856 + -213.111 i
res[287500000]: -11677.851 + -213.119 i

error 0.000001 detected at 288000000
ref[288000000]: -15058.215 + -7273.404 i
res[288000000]: -15058.209 + -7273.406 i

error 0.000001 detected at 288500000
ref[288500000]: 4109.662 + -41.525 i
res[288500000]: 4109.659 + -41.526 i

error 0.000001 detected at 289000000
ref[289000000]: 8422.105 + 12568.938 i
res[289000000]: 8422.100 + 12568.938 i

error 0.000000 detected at 289500000
ref[289500000]: 1285.079 + -7099.169 i
res[289500000]: 1285.082 + -7099.168 i

error 0.000000 detected at 290000000
ref[290000000]: 9496.141 + -1793.615 i
res[290000000]: 9496.140 + -1793.612 i

error 0.000001 detected at 290500000
ref[290500000]: -2044.539 + 11539.661 i
res[290500000]: -2044.545 + 11539.656 i

error 0.000000 detected at 291000000
ref[291000000]: -72.781 + 13517.461 i
res[291000000]: -72.790 + 13517.459 i

error 0.000000 detected at 291500000
ref[291500000]: 3452.500 + -4551.291 i
res[291500000]: 3452.500 + -4551.290 i

error 0.000003 detected at 292000000
ref[292000000]: -852.907 + 1130.767 i
res[292000000]: -852.911 + 1130.766 i

error 0.000001 detected at 292500000
ref[292500000]: -2008.796 + 3317.532 i
res[292500000]: -2008.798 + 3317.534 i

error 0.000001 detected at 293000000
ref[293000000]: 3019.534 + -5681.932 i
res[293000000]: 3019.543 + -5681.924 i

error 0.000002 detected at 293500000
ref[293500000]: 809.087 + -3594.951 i
res[293500000]: 809.089 + -3594.954 i

error 0.000000 detected at 294000000
ref[294000000]: -7973.863 + 6086.026 i
res[294000000]: -7973.862 + 6086.026 i

error 0.000001 detected at 294500000
ref[294500000]: -4082.647 + -50.660 i
res[294500000]: -4082.646 + -50.657 i

error 0.000001 detected at 295000000
ref[295000000]: -3838.125 + -2550.738 i
res[295000000]: -3838.120 + -2550.740 i

error 0.000000 detected at 295500000
ref[295500000]: 9418.267 + -7637.980 i
res[295500000]: 9418.268 + -7637.977 i

error 0.000000 detected at 296000000
ref[296000000]: 1665.014 + -6841.562 i
res[296000000]: 1665.018 + -6841.561 i

error 0.000001 detected at 296500000
ref[296500000]: 7377.493 + 5079.078 i
res[296500000]: 7377.497 + 5079.079 i

error 0.000001 detected at 297000000
ref[297000000]: -7470.987 + 4013.667 i
res[297000000]: -7470.984 + 4013.662 i

error 0.000001 detected at 297500000
ref[297500000]: -6459.601 + -4535.125 i
res[297500000]: -6459.597 + -4535.124 i

error 0.000003 detected at 298000000
ref[298000000]: -2239.800 + -4816.895 i
res[298000000]: -2239.791 + -4816.891 i

error 0.000000 detected at 298500000
ref[298500000]: 9161.557 + 14112.244 i
res[298500000]: 9161.548 + 14112.248 i

error 0.000000 detected at 299000000
ref[299000000]: 5791.748 + -8505.352 i
res[299000000]: 5791.750 + -8505.352 i

error 0.000001 detected at 299500000
ref[299500000]: 7312.053 + -5821.337 i
res[299500000]: 7312.057 + -5821.341 i

error 0.000002 detected at 300000000
ref[300000000]: -7903.696 + -26.822 i
res[300000000]: -7903.704 + -26.818 i

error 0.000003 detected at 300500000
ref[300500000]: 5960.112 + 1083.026 i
res[300500000]: 5960.102 + 1083.028 i

error 0.000000 detected at 301000000
ref[301000000]: 3714.404 + -15953.891 i
res[301000000]: 3714.409 + -15953.890 i

error 0.000001 detected at 301500000
ref[301500000]: -595.204 + -4239.621 i
res[301500000]: -595.199 + -4239.625 i

error 0.000001 detected at 302000000
ref[302000000]: 7023.311 + 1672.481 i
res[302000000]: 7023.305 + 1672.485 i

error 0.000001 detected at 302500000
ref[302500000]: 5355.046 + 8746.105 i
res[302500000]: 5355.040 + 8746.104 i

error 0.000003 detected at 303000000
ref[303000000]: -3109.887 + 241.765 i
res[303000000]: -3109.891 + 241.759 i

error 0.000001 detected at 303500000
ref[303500000]: -11611.918 + 3212.112 i
res[303500000]: -11611.913 + 3212.109 i

error 0.000001 detected at 304000000
ref[304000000]: 2170.465 + -7981.017 i
res[304000000]: 2170.471 + -7981.018 i

error 0.000002 detected at 304500000
ref[304500000]: -2224.880 + -2480.999 i
res[304500000]: -2224.879 + -2481.005 i

error 0.000007 detected at 305000000
ref[305000000]: 695.134 + -626.777 i
res[305000000]: 695.136 + -626.779 i

error 0.000001 detected at 305500000
ref[305500000]: -1737.671 + -5807.127 i
res[305500000]: -1737.665 + -5807.127 i

error 0.000000 detected at 306000000
ref[306000000]: 9068.982 + 2622.627 i
res[306000000]: 9068.980 + 2622.637 i

error 0.000000 detected at 306500000
ref[306500000]: 6114.342 + -1731.527 i
res[306500000]: 6114.342 + -1731.526 i

error 0.000000 detected at 307000000
ref[307000000]: 17658.016 + 4553.238 i
res[307000000]: 17658.016 + 4553.250 i

error 0.000000 detected at 307500000
ref[307500000]: -6216.101 + 12591.201 i
res[307500000]: -6216.110 + 12591.194 i

error 0.000000 detected at 308000000
ref[308000000]: 14002.809 + 9116.521 i
res[308000000]: 14002.803 + 9116.527 i

error 0.000000 detected at 308500000
ref[308500000]: 19566.512 + -3980.507 i
res[308500000]: 19566.510 + -3980.501 i

error 0.000001 detected at 309000000
ref[309000000]: 4443.547 + 10302.602 i
res[309000000]: 4443.538 + 10302.602 i

error 0.000001 detected at 309500000
ref[309500000]: -2574.118 + 1147.662 i
res[309500000]: -2574.119 + 1147.658 i

error 0.000000 detected at 310000000
ref[310000000]: 6226.574 + 3365.088 i
res[310000000]: 6226.574 + 3365.086 i

error 0.000001 detected at 310500000
ref[310500000]: -3013.888 + 4187.469 i
res[310500000]: -3013.890 + 4187.464 i

error 0.000003 detected at 311000000
ref[311000000]: -2106.514 + -6710.682 i
res[311000000]: -2106.506 + -6710.674 i

error 0.000002 detected at 311500000
ref[311500000]: 5056.892 + 46.973 i
res[311500000]: 5056.887 + 46.971 i

error 0.000001 detected at 312000000
ref[312000000]: -2318.964 + -12802.601 i
res[312000000]: -2318.961 + -12802.605 i

error 0.000000 detected at 312500000
ref[312500000]: -3655.388 + 2946.838 i
res[312500000]: -3655.389 + 2946.836 i

error 0.000000 detected at 313000000
ref[313000000]: 512.256 + -8796.361 i
res[313000000]: 512.258 + -8796.363 i

error 0.000001 detected at 313500000
ref[313500000]: -11777.608 + -6863.562 i
res[313500000]: -11777.603 + -6863.563 i

error 0.000002 detected at 314000000
ref[314000000]: 5269.322 + 2751.090 i
res[314000000]: 5269.316 + 2751.089 i

error 0.000001 detected at 314500000
ref[314500000]: 16567.051 + -508.104 i
res[314500000]: 16567.045 + -508.098 i

error 0.000001 detected at 315000000
ref[315000000]: -1773.898 + -8628.498 i
res[315000000]: -1773.891 + -8628.496 i

error 0.000001 detected at 315500000
ref[315500000]: -1918.929 + 3784.346 i
res[315500000]: -1918.926 + 3784.345 i

error 0.000001 detected at 316000000
ref[316000000]: 5647.797 + -7448.562 i
res[316000000]: 5647.800 + -7448.568 i

error 0.000013 detected at 316500000
ref[316500000]: -403.243 + -386.538 i
res[316500000]: -403.236 + -386.539 i

error 0.000001 detected at 317000000
ref[317000000]: -9170.793 + 4518.751 i
res[317000000]: -9170.791 + 4518.747 i

error 0.000000 detected at 317500000
ref[317500000]: -5877.798 + -7329.527 i
res[317500000]: -5877.796 + -7329.529 i

error 0.000001 detected at 318000000
ref[318000000]: -5054.618 + 1781.681 i
res[318000000]: -5054.616 + 1781.679 i

error 0.000000 detected at 318500000
ref[318500000]: -4717.346 + 5388.467 i
res[318500000]: -4717.350 + 5388.464 i

error 0.000001 detected at 319000000
ref[319000000]: 2600.411 + 7296.854 i
res[319000000]: 2600.408 + 7296.857 i

error 0.000001 detected at 319500000
ref[319500000]: 5776.934 + 15772.422 i
res[319500000]: 5776.930 + 15772.416 i

error 0.000000 detected at 320000000
ref[320000000]: 6963.856 + 6938.447 i
res[320000000]: 6963.854 + 6938.447 i

error 0.000000 detected at 320500000
ref[320500000]: -12791.645 + 1158.719 i
res[320500000]: -12791.644 + 1158.710 i

error 0.000001 detected at 321000000
ref[321000000]: 575.711 + -10409.051 i
res[321000000]: 575.712 + -10409.046 i

error 0.000000 detected at 321500000
ref[321500000]: 9935.078 + 6959.673 i
res[321500000]: 9935.077 + 6959.675 i

error 0.000002 detected at 322000000
ref[322000000]: 4859.784 + -5999.513 i
res[322000000]: 4859.780 + -5999.508 i

error 0.000001 detected at 322500000
ref[322500000]: 7514.745 + -3594.459 i
res[322500000]: 7514.743 + -3594.458 i

error 0.000001 detected at 323000000
ref[323000000]: 1594.950 + -9317.188 i
res[323000000]: 1594.959 + -9317.182 i

error 0.000001 detected at 323500000
ref[323500000]: -6670.254 + 7685.657 i
res[323500000]: -6670.260 + 7685.648 i

error 0.000001 detected at 324000000
ref[324000000]: 5860.147 + -4918.943 i
res[324000000]: 5860.145 + -4918.939 i

error 0.000001 detected at 324500000
ref[324500000]: 5404.844 + -1875.128 i
res[324500000]: 5404.847 + -1875.131 i

error 0.000004 detected at 325000000
ref[325000000]: -4400.828 + 3029.544 i
res[325000000]: -4400.823 + 3029.531 i

error 0.000002 detected at 325500000
ref[325500000]: 2032.047 + 6139.465 i
res[325500000]: 2032.048 + 6139.471 i

error 0.000002 detected at 326000000
ref[326000000]: -5934.889 + -3418.601 i
res[326000000]: -5934.880 + -3418.603 i

error 0.000001 detected at 326500000
ref[326500000]: 6055.115 + 6463.136 i
res[326500000]: 6055.108 + 6463.137 i

error 0.000002 detected at 327000000
ref[327000000]: -3925.499 + 5821.047 i
res[327000000]: -3925.502 + 5821.037 i

error 0.000000 detected at 327500000
ref[327500000]: -11744.580 + 5796.038 i
res[327500000]: -11744.580 + 5796.030 i

error 0.000002 detected at 328000000
ref[328000000]: -3010.555 + -2226.578 i
res[328000000]: -3010.555 + -2226.570 i

error 0.000001 detected at 328500000
ref[328500000]: 6878.357 + -1926.381 i
res[328500000]: 6878.354 + -1926.378 i

error 0.000000 detected at 329000000
ref[329000000]: -3037.929 + -8300.671 i
res[329000000]: -3037.927 + -8300.671 i

error 0.000001 detected at 329500000
ref[329500000]: -2242.918 + 6082.826 i
res[329500000]: -2242.918 + 6082.829 i

error 0.000000 detected at 330000000
ref[330000000]: 6427.279 + 9393.713 i
res[330000000]: 6427.279 + 9393.713 i

error 0.000006 detected at 330500000
ref[330500000]: 1023.988 + -1335.701 i
res[330500000]: 1023.989 + -1335.707 i

error 0.000001 detected at 331000000
ref[331000000]: -2963.257 + 5530.270 i
res[331000000]: -2963.260 + 5530.271 i

error 0.000000 detected at 331500000
ref[331500000]: 1509.835 + 1534.885 i
res[331500000]: 1509.835 + 1534.885 i

error 0.000000 detected at 332000000
ref[332000000]: 6117.642 + -4032.829 i
res[332000000]: 6117.646 + -4032.823 i

error 0.000001 detected at 332500000
ref[332500000]: 8819.092 + -2234.733 i
res[332500000]: 8819.089 + -2234.730 i

error 0.000000 detected at 333000000
ref[333000000]: -2535.226 + 3732.319 i
res[333000000]: -2535.226 + 3732.320 i

error 0.000001 detected at 333500000
ref[333500000]: 1598.416 + 19325.174 i
res[333500000]: 1598.402 + 19325.170 i

error 0.000002 detected at 334000000
ref[334000000]: -3354.518 + 3920.792 i
res[334000000]: -3354.517 + 3920.788 i

error 0.000000 detected at 334500000
ref[334500000]: 12589.780 + 4368.661 i
res[334500000]: 12589.779 + 4368.667 i

error 0.000004 detected at 335000000
ref[335000000]: -1751.033 + -1491.941 i
res[335000000]: -1751.031 + -1491.935 i

error 0.000001 detected at 335500000
ref[335500000]: 3046.436 + -1988.634 i
res[335500000]: 3046.438 + -1988.634 i

error 0.000002 detected at 336000000
ref[336000000]: 1994.666 + 1755.534 i
res[336000000]: 1994.669 + 1755.533 i

error 0.000000 detected at 336500000
ref[336500000]: -5191.257 + -3053.745 i
res[336500000]: -5191.258 + -3053.742 i

error 0.000001 detected at 337000000
ref[337000000]: 5838.873 + -1441.252 i
res[337000000]: 5838.868 + -1441.254 i

error 0.000002 detected at 337500000
ref[337500000]: -2130.131 + 3520.703 i
res[337500000]: -2130.129 + 3520.700 i

error 0.000001 detected at 338000000
ref[338000000]: -3613.092 + -3145.849 i
res[338000000]: -3613.090 + -3145.849 i

error 0.000000 detected at 338500000
ref[338500000]: -10187.531 + 11059.779 i
res[338500000]: -10187.527 + 11059.781 i

error 0.000000 detected at 339000000
ref[339000000]: -13276.645 + -5897.594 i
res[339000000]: -13276.640 + -5897.600 i

error 0.000001 detected at 339500000
ref[339500000]: -3767.247 + 388.523 i
res[339500000]: -3767.244 + 388.524 i

error 0.000001 detected at 340000000
ref[340000000]: 7509.263 + -1725.776 i
res[340000000]: 7509.267 + -1725.770 i

error 0.000001 detected at 340500000
ref[340500000]: 209.586 + -6700.793 i
res[340500000]: 209.583 + -6700.789 i

error 0.000001 detected at 341000000
ref[341000000]: -3374.083 + -2291.330 i
res[341000000]: -3374.078 + -2291.342 i

error 0.000000 detected at 341500000
ref[341500000]: -1257.847 + 13400.564 i
res[341500000]: -1257.847 + 13400.562 i

error 0.000001 detected at 342000000
ref[342000000]: 6098.190 + -3020.585 i
res[342000000]: 6098.193 + -3020.587 i

error 0.000003 detected at 342500000
ref[342500000]: 1749.004 + 2016.454 i
res[342500000]: 1749.007 + 2016.457 i

error 0.000003 detected at 343000000
ref[343000000]: 1905.074 + 7709.045 i
res[343000000]: 1905.066 + 7709.037 i

error 0.000000 detected at 343500000
ref[343500000]: -4976.663 + 12997.418 i
res[343500000]: -4976.665 + 12997.417 i

error 0.000001 detected at 344000000
ref[344000000]: -5478.475 + -9084.509 i
res[344000000]: -5478.466 + -9084.508 i

error 0.000002 detected at 344500000
ref[344500000]: 1966.122 + 1062.254 i
res[344500000]: 1966.122 + 1062.259 i

error 0.000002 detected at 345000000
ref[345000000]: -3249.597 + -1293.432 i
res[345000000]: -3249.593 + -1293.433 i

error 0.000000 detected at 345500000
ref[345500000]: 13898.623 + -2133.685 i
res[345500000]: 13898.627 + -2133.685 i

error 0.000002 detected at 346000000
ref[346000000]: 1965.375 + 475.363 i
res[346000000]: 1965.376 + 475.365 i

error 0.000002 detected at 346500000
ref[346500000]: 849.832 + -5811.871 i
res[346500000]: 849.835 + -5811.865 i

error 0.000001 detected at 347000000
ref[347000000]: 5497.818 + -3589.972 i
res[347000000]: 5497.814 + -3589.972 i

error 0.000002 detected at 347500000
ref[347500000]: -6038.853 + -4159.021 i
res[347500000]: -6038.848 + -4159.018 i

error 0.000001 detected at 348000000
ref[348000000]: 9182.989 + -2470.473 i
res[348000000]: 9182.987 + -2470.469 i

error 0.000000 detected at 348500000
ref[348500000]: 5114.549 + 5053.215 i
res[348500000]: 5114.542 + 5053.223 i

error 0.000001 detected at 349000000
ref[349000000]: -7437.722 + -6052.295 i
res[349000000]: -7437.718 + -6052.293 i

error 0.000002 detected at 349500000
ref[349500000]: -2983.754 + 1115.784 i
res[349500000]: -2983.750 + 1115.785 i

error 0.000000 detected at 350000000
ref[350000000]: 3266.549 + -5122.349 i
res[350000000]: 3266.549 + -5122.350 i

error 0.000003 detected at 350500000
ref[350500000]: 3099.709 + -3419.867 i
res[350500000]: 3099.705 + -3419.861 i

error 0.000002 detected at 351000000
ref[351000000]: -4196.653 + 2399.255 i
res[351000000]: -4196.645 + 2399.260 i

error 0.000004 detected at 351500000
ref[351500000]: 2077.477 + -1365.684 i
res[351500000]: 2077.480 + -1365.688 i

error 0.000001 detected at 352000000
ref[352000000]: 1169.449 + 2971.046 i
res[352000000]: 1169.449 + 2971.044 i

error 0.000000 detected at 352500000
ref[352500000]: 9433.893 + -14897.055 i
res[352500000]: 9433.897 + -14897.048 i

error 0.000000 detected at 353000000
ref[353000000]: 12774.655 + -12955.633 i
res[353000000]: 12774.656 + -12955.627 i

error 0.000001 detected at 353500000
ref[353500000]: -7113.361 + 3006.439 i
res[353500000]: -7113.357 + 3006.440 i

error 0.000001 detected at 354000000
ref[354000000]: -6315.090 + -2852.240 i
res[354000000]: -6315.089 + -2852.236 i

error 0.000003 detected at 354500000
ref[354500000]: -6009.086 + -347.792 i
res[354500000]: -6009.076 + -347.789 i

error 0.000001 detected at 355000000
ref[355000000]: -4938.093 + -7974.558 i
res[355000000]: -4938.090 + -7974.553 i

error 0.000000 detected at 355500000
ref[355500000]: -5295.822 + -1715.958 i
res[355500000]: -5295.822 + -1715.959 i

error 0.000001 detected at 356000000
ref[356000000]: -8379.428 + 10242.076 i
res[356000000]: -8379.431 + 10242.064 i

error 0.000001 detected at 356500000
ref[356500000]: 12048.868 + 6950.283 i
res[356500000]: 12048.861 + 6950.285 i

error 0.000001 detected at 357000000
ref[357000000]: 370.392 + -7828.126 i
res[357000000]: 370.398 + -7828.122 i

error 0.000000 detected at 357500000
ref[357500000]: -7412.465 + -9712.187 i
res[357500000]: -7412.458 + -9712.189 i

error 0.000002 detected at 358000000
ref[358000000]: -4783.546 + -2611.765 i
res[358000000]: -4783.541 + -2611.761 i

error 0.000001 detected at 358500000
ref[358500000]: -7256.353 + 1021.324 i
res[358500000]: -7256.352 + 1021.322 i

error 0.000010 detected at 359000000
ref[359000000]: -818.153 + 277.452 i
res[359000000]: -818.158 + 277.452 i

error 0.000001 detected at 359500000
ref[359500000]: -8878.742 + 1372.278 i
res[359500000]: -8878.738 + 1372.275 i

error 0.000003 detected at 360000000
ref[360000000]: -2051.542 + 2192.743 i
res[360000000]: -2051.546 + 2192.746 i

error 0.000000 detected at 360500000
ref[360500000]: -4930.582 + -627.497 i
res[360500000]: -4930.583 + -627.499 i

error 0.000000 detected at 361000000
ref[361000000]: 11262.342 + -14596.219 i
res[361000000]: 11262.348 + -14596.214 i

error 0.000001 detected at 361500000
ref[361500000]: 1407.668 + 916.224 i
res[361500000]: 1407.670 + 916.224 i

error 0.000002 detected at 362000000
ref[362000000]: 1257.977 + 3345.108 i
res[362000000]: 1257.976 + 3345.104 i

error 0.000000 detected at 362500000
ref[362500000]: 8104.206 + -1493.325 i
res[362500000]: 8104.204 + -1493.323 i

error 0.000001 detected at 363000000
ref[363000000]: 10325.326 + -2685.649 i
res[363000000]: 10325.321 + -2685.645 i

error 0.000000 detected at 363500000
ref[363500000]: -5197.750 + -11310.639 i
res[363500000]: -5197.747 + -11310.643 i

error 0.000001 detected at 364000000
ref[364000000]: -6132.284 + 9575.629 i
res[364000000]: -6132.277 + 9575.625 i

error 0.000001 detected at 364500000
ref[364500000]: 5497.375 + 4041.257 i
res[364500000]: 5497.374 + 4041.254 i

error 0.000001 detected at 365000000
ref[365000000]: -9463.230 + -757.626 i
res[365000000]: -9463.234 + -757.636 i

error 0.000001 detected at 365500000
ref[365500000]: -6352.678 + -10051.031 i
res[365500000]: -6352.674 + -10051.042 i

error 0.000000 detected at 366000000
ref[366000000]: 724.346 + -17125.348 i
res[366000000]: 724.351 + -17125.348 i

error 0.000000 detected at 366500000
ref[366500000]: 6584.115 + 9188.602 i
res[366500000]: 6584.117 + 9188.601 i

error 0.000003 detected at 367000000
ref[367000000]: 723.432 + 4143.500 i
res[367000000]: 723.427 + 4143.495 i

error 0.000001 detected at 367500000
ref[367500000]: -1193.513 + 6324.326 i
res[367500000]: -1193.515 + 6324.322 i

error 0.000002 detected at 368000000
ref[368000000]: 3504.927 + 4865.719 i
res[368000000]: 3504.929 + 4865.725 i

error 0.000001 detected at 368500000
ref[368500000]: 1781.108 + 2150.792 i
res[368500000]: 1781.108 + 2150.792 i

error 0.000002 detected at 369000000
ref[369000000]: -2782.100 + -5591.520 i
res[369000000]: -2782.097 + -5591.515 i

error 0.000005 detected at 369500000
ref[369500000]: -1156.336 + 526.124 i
res[369500000]: -1156.335 + 526.118 i

error 0.000000 detected at 370000000
ref[370000000]: -10808.403 + 10318.085 i
res[370000000]: -10808.408 + 10318.079 i

error 0.000000 detected at 370500000
ref[370500000]: -6115.295 + -1733.611 i
res[370500000]: -6115.294 + -1733.614 i

error 0.000000 detected at 371000000
ref[371000000]: 4916.256 + -3542.383 i
res[371000000]: 4916.256 + -3542.383 i

error 0.000000 detected at 371500000
ref[371500000]: -7631.091 + 7017.726 i
res[371500000]: -7631.095 + 7017.720 i

error 0.000000 detected at 372000000
ref[372000000]: -5414.885 + -11540.533 i
res[372000000]: -5414.879 + -11540.532 i

error 0.000001 detected at 372500000
ref[372500000]: 12995.191 + 1911.171 i
res[372500000]: 12995.186 + 1911.174 i

error 0.000001 detected at 373000000
ref[373000000]: 8588.041 + -5337.943 i
res[373000000]: 8588.052 + -5337.939 i

error 0.000000 detected at 373500000
ref[373500000]: -1788.819 + -6792.262 i
res[373500000]: -1788.821 + -6792.260 i

error 0.000002 detected at 374000000
ref[374000000]: 4640.564 + -176.459 i
res[374000000]: 4640.560 + -176.457 i

error 0.000001 detected at 374500000
ref[374500000]: -3060.621 + 1572.454 i
res[374500000]: -3060.621 + 1572.453 i

error 0.000001 detected at 375000000
ref[375000000]: -9970.741 + 11284.683 i
res[375000000]: -9970.738 + 11284.676 i

error 0.000000 detected at 375500000
ref[375500000]: 11422.436 + 3423.925 i
res[375500000]: 11422.433 + 3423.933 i

error 0.000000 detected at 376000000
ref[376000000]: -1050.047 + 12024.328 i
res[376000000]: -1050.044 + 12024.326 i

error 0.000004 detected at 376500000
ref[376500000]: -416.386 + -2622.431 i
res[376500000]: -416.380 + -2622.427 i

error 0.000001 detected at 377000000
ref[377000000]: 4044.437 + 1738.790 i
res[377000000]: 4044.437 + 1738.794 i

error 0.000000 detected at 377500000
ref[377500000]: 1281.642 + -5755.672 i
res[377500000]: 1281.644 + -5755.673 i

error 0.000001 detected at 378000000
ref[378000000]: 2634.500 + 6761.017 i
res[378000000]: 2634.494 + 6761.015 i

error 0.000000 detected at 378500000
ref[378500000]: -19144.316 + -3742.059 i
res[378500000]: -19144.312 + -3742.068 i

error 0.000000 detected at 379000000
ref[379000000]: 7126.758 + 10834.010 i
res[379000000]: 7126.752 + 10834.010 i

error 0.000001 detected at 379500000
ref[379500000]: 14387.166 + 758.552 i
res[379500000]: 14387.162 + 758.554 i

error 0.000002 detected at 380000000
ref[380000000]: -3457.891 + -169.003 i
res[380000000]: -3457.895 + -169.006 i

error 0.000001 detected at 380500000
ref[380500000]: -8967.011 + -6040.358 i
res[380500000]: -8967.010 + -6040.366 i

error 0.000001 detected at 381000000
ref[381000000]: 1766.239 + -8353.807 i
res[381000000]: 1766.241 + -8353.811 i

error 0.000004 detected at 381500000
ref[381500000]: -2262.332 + 1080.842 i
res[381500000]: -2262.337 + 1080.843 i

error 0.000001 detected at 382000000
ref[382000000]: -7554.114 + 1934.504 i
res[382000000]: -7554.110 + 1934.501 i

error 0.000000 detected at 382500000
ref[382500000]: 434.377 + -15715.036 i
res[382500000]: 434.381 + -15715.033 i

error 0.000015 detected at 383000000
ref[383000000]: 518.318 + 670.495 i
res[383000000]: 518.323 + 670.499 i

error 0.000001 detected at 383500000
ref[383500000]: 2413.621 + -12585.326 i
res[383500000]: 2413.616 + -12585.321 i

error 0.000000 detected at 384000000
ref[384000000]: -177.017 + -14132.566 i
res[384000000]: -177.017 + -14132.564 i

error 0.000001 detected at 384500000
ref[384500000]: 6038.634 + 870.713 i
res[384500000]: 6038.636 + 870.709 i

error 0.000001 detected at 385000000
ref[385000000]: -774.137 + 8821.635 i
res[385000000]: -774.143 + 8821.639 i

error 0.000017 detected at 385500000
ref[385500000]: -68.555 + 310.026 i
res[385500000]: -68.554 + 310.023 i

error 0.000001 detected at 386000000
ref[386000000]: 4267.239 + -6024.334 i
res[386000000]: 4267.239 + -6024.330 i

error 0.000000 detected at 386500000
ref[386500000]: -5410.891 + -8642.031 i
res[386500000]: -5410.887 + -8642.035 i

error 0.000000 detected at 387000000
ref[387000000]: 6335.574 + -1825.382 i
res[387000000]: 6335.575 + -1825.380 i

error 0.000007 detected at 387500000
ref[387500000]: -1993.307 + 192.914 i
res[387500000]: -1993.314 + 192.911 i

error 0.000000 detected at 388000000
ref[388000000]: -1684.950 + 15985.307 i
res[388000000]: -1684.951 + 15985.306 i

error 0.000000 detected at 388500000
ref[388500000]: -2814.796 + -8404.521 i
res[388500000]: -2814.798 + -8404.521 i

error 0.000001 detected at 389000000
ref[389000000]: -6573.886 + -471.302 i
res[389000000]: -6573.890 + -471.306 i

error 0.000000 detected at 389500000
ref[389500000]: 2240.835 + -5621.286 i
res[389500000]: 2240.838 + -5621.285 i

error 0.000000 detected at 390000000
ref[390000000]: -4364.370 + 3168.339 i
res[390000000]: -4364.367 + 3168.344 i

error 0.000000 detected at 390500000
ref[390500000]: 211.023 + -8807.982 i
res[390500000]: 211.022 + -8807.980 i

error 0.000002 detected at 391000000
ref[391000000]: -5388.988 + -1141.962 i
res[391000000]: -5388.992 + -1141.966 i

error 0.000000 detected at 391500000
ref[391500000]: -12619.828 + -12797.782 i
res[391500000]: -12619.826 + -12797.788 i

error 0.000000 detected at 392000000
ref[392000000]: 6300.140 + 1466.008 i
res[392000000]: 6300.138 + 1466.019 i

error 0.000000 detected at 392500000
ref[392500000]: 5210.029 + -12458.989 i
res[392500000]: 5210.036 + -12458.985 i

error 0.000000 detected at 393000000
ref[393000000]: 4351.809 + 3097.806 i
res[393000000]: 4351.806 + 3097.808 i

error 0.000000 detected at 393500000
ref[393500000]: 9520.361 + 783.437 i
res[393500000]: 9520.359 + 783.446 i

error 0.000000 detected at 394000000
ref[394000000]: -6657.703 + -8162.577 i
res[394000000]: -6657.702 + -8162.578 i

error 0.000000 detected at 394500000
ref[394500000]: -908.468 + -9504.729 i
res[394500000]: -908.470 + -9504.730 i

error 0.000001 detected at 395000000
ref[395000000]: -1289.674 + -12380.225 i
res[395000000]: -1289.668 + -12380.232 i

error 0.000000 detected at 395500000
ref[395500000]: 6073.545 + 9601.994 i
res[395500000]: 6073.539 + 9601.995 i

error 0.000000 detected at 396000000
ref[396000000]: 1095.880 + -14325.145 i
res[396000000]: 1095.886 + -14325.146 i

error 0.000000 detected at 396500000
ref[396500000]: 2425.282 + 3311.747 i
res[396500000]: 2425.284 + 3311.745 i

error 0.000001 detected at 397000000
ref[397000000]: 723.867 + -2671.271 i
res[397000000]: 723.877 + -2671.269 i

error 0.000001 detected at 397500000
ref[397500000]: 4161.097 + 3706.575 i
res[397500000]: 4161.097 + 3706.580 i

error 0.000013 detected at 398000000
ref[398000000]: -1300.627 + -291.744 i
res[398000000]: -1300.617 + -291.747 i

error 0.000000 detected at 398500000
ref[398500000]: 8336.623 + 2901.033 i
res[398500000]: 8336.623 + 2901.032 i

error 0.000002 detected at 399000000
ref[399000000]: -4541.369 + 904.555 i
res[399000000]: -4541.365 + 904.549 i

error 0.000001 detected at 399500000
ref[399500000]: 4266.345 + -3512.517 i
res[399500000]: 4266.344 + -3512.514 i

error 0.000001 detected at 400000000
ref[400000000]: -8081.474 + 10977.354 i
res[400000000]: -8081.475 + 10977.347 i

error 0.000001 detected at 400500000
ref[400500000]: 8209.627 + -731.951 i
res[400500000]: 8209.622 + -731.950 i

error 0.000001 detected at 401000000
ref[401000000]: 5943.471 + -11499.665 i
res[401000000]: 5943.467 + -11499.660 i

error 0.000000 detected at 401500000
ref[401500000]: 12002.919 + 9622.980 i
res[401500000]: 12002.910 + 9622.986 i

error 0.000001 detected at 402000000
ref[402000000]: 7966.193 + 224.340 i
res[402000000]: 7966.188 + 224.342 i

error 0.000000 detected at 402500000
ref[402500000]: -3483.098 + 12571.887 i
res[402500000]: -3483.108 + 12571.883 i

error 0.000004 detected at 403000000
ref[403000000]: -1549.266 + 744.222 i
res[403000000]: -1549.269 + 744.225 i

error 0.000000 detected at 403500000
ref[403500000]: -1076.181 + -3715.106 i
res[403500000]: -1076.181 + -3715.107 i

error 0.000000 detected at 404000000
ref[404000000]: 9762.227 + -754.542 i
res[404000000]: 9762.226 + -754.541 i

error 0.000000 detected at 404500000
ref[404500000]: 6954.868 + 3609.645 i
res[404500000]: 6954.874 + 3609.639 i

error 0.000000 detected at 405000000
ref[405000000]: 9523.699 + -4137.275 i
res[405000000]: 9523.701 + -4137.273 i

error 0.000000 detected at 405500000
ref[405500000]: -4464.337 + 2402.557 i
res[405500000]: -4464.334 + 2402.561 i

error 0.000001 detected at 406000000
ref[406000000]: -8991.545 + 14213.191 i
res[406000000]: -8991.549 + 14213.184 i

error 0.000001 detected at 406500000
ref[406500000]: -2041.199 + 674.611 i
res[406500000]: -2041.199 + 674.617 i

error 0.000000 detected at 407000000
ref[407000000]: -7109.996 + 5558.179 i
res[407000000]: -7109.997 + 5558.176 i

error 0.000000 detected at 407500000
ref[407500000]: -7977.113 + -6259.562 i
res[407500000]: -7977.110 + -6259.569 i

error 0.000001 detected at 408000000
ref[408000000]: 1023.882 + -9397.875 i
res[408000000]: 1023.883 + -9397.871 i

error 0.000000 detected at 408500000
ref[408500000]: 9877.301 + 4428.490 i
res[408500000]: 9877.296 + 4428.494 i

error 0.000001 detected at 409000000
ref[409000000]: -2855.998 + 2897.094 i
res[409000000]: -2855.996 + 2897.094 i

error 0.000000 detected at 409500000
ref[409500000]: 3755.845 + -4076.867 i
res[409500000]: 3755.847 + -4076.864 i

error 0.000000 detected at 410000000
ref[410000000]: -4412.865 + 7031.070 i
res[410000000]: -4412.863 + 7031.070 i

error 0.000002 detected at 410500000
ref[410500000]: -10047.521 + -442.596 i
res[410500000]: -10047.514 + -442.604 i

error 0.000000 detected at 411000000
ref[411000000]: -7328.318 + 1120.051 i
res[411000000]: -7328.319 + 1120.050 i

error 0.000000 detected at 411500000
ref[411500000]: -5335.493 + 1003.369 i
res[411500000]: -5335.493 + 1003.364 i

error 0.000000 detected at 412000000
ref[412000000]: 5809.328 + 3587.750 i
res[412000000]: 5809.330 + 3587.747 i

error 0.000001 detected at 412500000
ref[412500000]: -1707.941 + -5321.659 i
res[412500000]: -1707.935 + -5321.662 i

error 0.000003 detected at 413000000
ref[413000000]: 3275.709 + 1488.694 i
res[413000000]: 3275.703 + 1488.693 i

error 0.000002 detected at 413500000
ref[413500000]: 1616.772 + 3132.154 i
res[413500000]: 1616.770 + 3132.152 i

error 0.000001 detected at 414000000
ref[414000000]: 7412.946 + 1899.354 i
res[414000000]: 7412.947 + 1899.360 i

error 0.000002 detected at 414500000
ref[414500000]: -766.010 + -3307.376 i
res[414500000]: -766.009 + -3307.373 i

error 0.000002 detected at 415000000
ref[415000000]: 5889.412 + -809.965 i
res[415000000]: 5889.418 + -809.960 i

error 0.000001 detected at 415500000
ref[415500000]: -3909.401 + -540.154 i
res[415500000]: -3909.401 + -540.146 i

error 0.000000 detected at 416000000
ref[416000000]: -4191.047 + -558.090 i
res[416000000]: -4191.047 + -558.095 i

error 0.000000 detected at 416500000
ref[416500000]: -5328.338 + -10452.926 i
res[416500000]: -5328.335 + -10452.930 i

error 0.000002 detected at 417000000
ref[417000000]: 4660.658 + -4295.749 i
res[417000000]: 4660.656 + -4295.743 i

error 0.000002 detected at 417500000
ref[417500000]: -2637.223 + -1093.230 i
res[417500000]: -2637.223 + -1093.237 i

error 0.000000 detected at 418000000
ref[418000000]: -698.215 + -10260.622 i
res[418000000]: -698.209 + -10260.624 i

error 0.000001 detected at 418500000
ref[418500000]: 5174.780 + 7375.143 i
res[418500000]: 5174.773 + 7375.142 i

error 0.000000 detected at 419000000
ref[419000000]: 1722.965 + -3682.772 i
res[419000000]: 1722.964 + -3682.773 i

error 0.000001 detected at 419500000
ref[419500000]: 3390.885 + 2602.910 i
res[419500000]: 3390.885 + 2602.914 i

error 0.000001 detected at 420000000
ref[420000000]: 11213.914 + -3502.244 i
res[420000000]: 11213.910 + -3502.237 i

error 0.000001 detected at 420500000
ref[420500000]: -475.873 + 2400.104 i
res[420500000]: -475.873 + 2400.103 i

error 0.000001 detected at 421000000
ref[421000000]: -4020.331 + -2672.858 i
res[421000000]: -4020.330 + -2672.856 i

error 0.000002 detected at 421500000
ref[421500000]: -1690.318 + -6598.683 i
res[421500000]: -1690.313 + -6598.677 i

error 0.000001 detected at 422000000
ref[422000000]: -13293.311 + -282.781 i
res[422000000]: -13293.305 + -282.779 i

error 0.000003 detected at 422500000
ref[422500000]: -3373.917 + 1123.869 i
res[422500000]: -3373.923 + 1123.870 i

error 0.000001 detected at 423000000
ref[423000000]: 8930.635 + 7656.571 i
res[423000000]: 8930.629 + 7656.570 i

error 0.000000 detected at 423500000
ref[423500000]: -4203.501 + -3070.052 i
res[423500000]: -4203.504 + -3070.048 i

error 0.000000 detected at 424000000
ref[424000000]: 2550.898 + -13767.175 i
res[424000000]: 2550.905 + -13767.172 i

error 0.000001 detected at 424500000
ref[424500000]: -7205.293 + -2145.330 i
res[424500000]: -7205.297 + -2145.333 i

error 0.000002 detected at 425000000
ref[425000000]: -385.126 + 9802.016 i
res[425000000]: -385.127 + 9802.006 i

error 0.000001 detected at 425500000
ref[425500000]: -4197.583 + -11666.774 i
res[425500000]: -4197.578 + -11666.771 i

error 0.000001 detected at 426000000
ref[426000000]: -1818.038 + 4898.682 i
res[426000000]: -1818.038 + 4898.679 i

error 0.000000 detected at 426500000
ref[426500000]: 7723.605 + 10053.168 i
res[426500000]: 7723.605 + 10053.165 i

error 0.000002 detected at 427000000
ref[427000000]: -1582.579 + -1357.598 i
res[427000000]: -1582.583 + -1357.597 i

error 0.000000 detected at 427500000
ref[427500000]: -161.586 + -8447.385 i
res[427500000]: -161.582 + -8447.385 i

error 0.000000 detected at 428000000
ref[428000000]: -9003.829 + 13824.551 i
res[428000000]: -9003.835 + 13824.547 i

error 0.000000 detected at 428500000
ref[428500000]: 2909.695 + -4364.597 i
res[428500000]: 2909.693 + -4364.598 i

error 0.000000 detected at 429000000
ref[429000000]: -1935.910 + -2685.585 i
res[429000000]: -1935.907 + -2685.586 i

error 0.000000 detected at 429500000
ref[429500000]: -12495.814 + -5448.027 i
res[429500000]: -12495.811 + -5448.030 i

error 0.000000 detected at 430000000
ref[430000000]: 7164.591 + -4096.958 i
res[430000000]: 7164.592 + -4096.958 i

error 0.000001 detected at 430500000
ref[430500000]: 12470.630 + -621.150 i
res[430500000]: 12470.621 + -621.150 i

error 0.000001 detected at 431000000
ref[431000000]: -7981.215 + -3897.209 i
res[431000000]: -7981.210 + -3897.211 i

error 0.000000 detected at 431500000
ref[431500000]: 3951.949 + -9432.882 i
res[431500000]: 3951.958 + -9432.881 i

error 0.000001 detected at 432000000
ref[432000000]: -2868.243 + 603.423 i
res[432000000]: -2868.246 + 603.418 i

error 0.000000 detected at 432500000
ref[432500000]: 10881.273 + -5795.964 i
res[432500000]: 10881.279 + -5795.958 i

error 0.000000 detected at 433000000
ref[433000000]: -9541.482 + -14859.150 i
res[433000000]: -9541.471 + -14859.153 i

error 0.000000 detected at 433500000
ref[433500000]: -8582.567 + 2732.010 i
res[433500000]: -8582.569 + 2732.007 i

error 0.000001 detected at 434000000
ref[434000000]: 205.431 + -3596.703 i
res[434000000]: 205.434 + -3596.704 i

error 0.000001 detected at 434500000
ref[434500000]: 11605.279 + -1176.961 i
res[434500000]: 11605.275 + -1176.955 i

error 0.000000 detected at 435000000
ref[435000000]: -1326.603 + 3568.207 i
res[435000000]: -1326.608 + 3568.206 i

error 0.000001 detected at 435500000
ref[435500000]: -8184.861 + 2590.809 i
res[435500000]: -8184.856 + 2590.803 i

error 0.000001 detected at 436000000
ref[436000000]: 9198.317 + 6895.755 i
res[436000000]: 9198.314 + 6895.750 i

error 0.000000 detected at 436500000
ref[436500000]: 3348.958 + -7496.211 i
res[436500000]: 3348.960 + -7496.208 i

error 0.000000 detected at 437000000
ref[437000000]: -9692.820 + 5905.393 i
res[437000000]: -9692.824 + 5905.388 i

error 0.000001 detected at 437500000
ref[437500000]: -11667.304 + -10477.721 i
res[437500000]: -11667.295 + -10477.714 i

error 0.000001 detected at 438000000
ref[438000000]: 4384.367 + -12599.633 i
res[438000000]: 4384.364 + -12599.639 i

error 0.000001 detected at 438500000
ref[438500000]: -5135.802 + 1128.395 i
res[438500000]: -5135.803 + 1128.394 i

error 0.000000 detected at 439000000
ref[439000000]: -4055.614 + 9879.131 i
res[439000000]: -4055.615 + 9879.129 i

error 0.000000 detected at 439500000
ref[439500000]: 12752.773 + 1651.423 i
res[439500000]: 12752.771 + 1651.423 i

error 0.000000 detected at 440000000
ref[440000000]: 1059.748 + -10008.575 i
res[440000000]: 1059.748 + -10008.576 i

error 0.000001 detected at 440500000
ref[440500000]: -4821.717 + -4785.640 i
res[440500000]: -4821.715 + -4785.647 i

error 0.000001 detected at 441000000
ref[441000000]: -4842.657 + 9691.579 i
res[441000000]: -4842.660 + 9691.573 i

error 0.000001 detected at 441500000
ref[441500000]: -4314.265 + -423.003 i
res[441500000]: -4314.263 + -423.005 i

error 0.000005 detected at 442000000
ref[442000000]: 883.347 + 848.660 i
res[442000000]: 883.351 + 848.661 i

error 0.000000 detected at 442500000
ref[442500000]: -8862.558 + 15294.312 i
res[442500000]: -8862.561 + 15294.308 i

error 0.000001 detected at 443000000
ref[443000000]: 5695.005 + 8187.171 i
res[443000000]: 5695.001 + 8187.168 i

error 0.000001 detected at 443500000
ref[443500000]: -6993.186 + -1289.824 i
res[443500000]: -6993.183 + -1289.825 i

error 0.000000 detected at 444000000
ref[444000000]: -6298.637 + -2417.350 i
res[444000000]: -6298.637 + -2417.354 i

error 0.000001 detected at 444500000
ref[444500000]: -156.518 + 11014.115 i
res[444500000]: -156.520 + 11014.108 i

error 0.000001 detected at 445000000
ref[445000000]: -8259.549 + 1297.684 i
res[445000000]: -8259.546 + 1297.680 i

error 0.000001 detected at 445500000
ref[445500000]: -5600.971 + 4425.159 i
res[445500000]: -5600.973 + 4425.163 i

error 0.000007 detected at 446000000
ref[446000000]: 2663.525 + 1591.956 i
res[446000000]: 2663.530 + 1591.968 i

error 0.000004 detected at 446500000
ref[446500000]: -1901.486 + -403.186 i
res[446500000]: -1901.483 + -403.185 i

error 0.000001 detected at 447000000
ref[447000000]: 2562.486 + -128.082 i
res[447000000]: 2562.485 + -128.083 i

error 0.000000 detected at 447500000
ref[447500000]: 7141.852 + 11395.357 i
res[447500000]: 7141.848 + 11395.360 i

error 0.000001 detected at 448000000
ref[448000000]: -4871.715 + 4496.276 i
res[448000000]: -4871.719 + 4496.269 i

error 0.000001 detected at 448500000
ref[448500000]: -6117.729 + 6113.980 i
res[448500000]: -6117.730 + 6113.971 i

error 0.000001 detected at 449000000
ref[449000000]: 12041.894 + -7364.887 i
res[449000000]: 12041.892 + -7364.880 i

error 0.000000 detected at 449500000
ref[449500000]: 5575.333 + 8752.430 i
res[449500000]: 5575.333 + 8752.430 i

error 0.000002 detected at 450000000
ref[450000000]: 2565.688 + -689.238 i
res[450000000]: 2565.687 + -689.233 i

error 0.000001 detected at 450500000
ref[450500000]: 2042.692 + 6918.348 i
res[450500000]: 2042.691 + 6918.353 i

error 0.000003 detected at 451000000
ref[451000000]: 1963.674 + 5851.468 i
res[451000000]: 1963.666 + 5851.462 i

error 0.000000 detected at 451500000
ref[451500000]: 8962.758 + -6695.522 i
res[451500000]: 8962.764 + -6695.510 i

error 0.000002 detected at 452000000
ref[452000000]: -6028.001 + 316.440 i
res[452000000]: -6028.009 + 316.435 i

error 0.000002 detected at 452500000
ref[452500000]: -1953.931 + 2330.138 i
res[452500000]: -1953.931 + 2330.134 i

error 0.000000 detected at 453000000
ref[453000000]: 7318.728 + 1643.258 i
res[453000000]: 7318.726 + 1643.258 i

error 0.000001 detected at 453500000
ref[453500000]: -9517.230 + -10308.643 i
res[453500000]: -9517.227 + -10308.641 i

error 0.000000 detected at 454000000
ref[454000000]: -6232.334 + -14242.348 i
res[454000000]: -6232.329 + -14242.352 i

error 0.000000 detected at 454500000
ref[454500000]: -204.557 + -18261.285 i
res[454500000]: -204.554 + -18261.283 i

error 0.000001 detected at 455000000
ref[455000000]: 9325.629 + 1490.442 i
res[455000000]: 9325.631 + 1490.447 i

error 0.000002 detected at 455500000
ref[455500000]: 5713.829 + -975.792 i
res[455500000]: 5713.825 + -975.791 i

error 0.000001 detected at 456000000
ref[456000000]: 2336.083 + -9328.506 i
res[456000000]: 2336.080 + -9328.500 i

error 0.000000 detected at 456500000
ref[456500000]: 5365.489 + -13210.115 i
res[456500000]: 5365.487 + -13210.113 i

error 0.000001 detected at 457000000
ref[457000000]: -5643.714 + -1018.170 i
res[457000000]: -5643.716 + -1018.178 i

error 0.000001 detected at 457500000
ref[457500000]: -3255.547 + 14228.564 i
res[457500000]: -3255.550 + 14228.559 i

error 0.000000 detected at 458000000
ref[458000000]: 4717.712 + -1478.809 i
res[458000000]: 4717.713 + -1478.808 i

error 0.000002 detected at 458500000
ref[458500000]: -264.687 + -5997.710 i
res[458500000]: -264.688 + -5997.703 i

error 0.000003 detected at 459000000
ref[459000000]: -1737.500 + 1525.206 i
res[459000000]: -1737.508 + 1525.202 i

error 0.000001 detected at 459500000
ref[459500000]: 1139.736 + 1880.524 i
res[459500000]: 1139.735 + 1880.526 i

error 0.000001 detected at 460000000
ref[460000000]: -8907.568 + 6693.937 i
res[460000000]: -8907.562 + 6693.938 i

error 0.000002 detected at 460500000
ref[460500000]: -6805.802 + 1694.510 i
res[460500000]: -6805.808 + 1694.508 i

error 0.000001 detected at 461000000
ref[461000000]: 5806.503 + -4929.386 i
res[461000000]: 5806.510 + -4929.382 i

error 0.000002 detected at 461500000
ref[461500000]: 5158.340 + 909.407 i
res[461500000]: 5158.335 + 909.403 i

error 0.000000 detected at 462000000
ref[462000000]: -5474.994 + 5509.161 i
res[462000000]: -5474.992 + 5509.162 i

error 0.000000 detected at 462500000
ref[462500000]: -1523.436 + 12635.289 i
res[462500000]: -1523.433 + 12635.287 i

error 0.000001 detected at 463000000
ref[463000000]: -4616.101 + 8702.209 i
res[463000000]: -4616.103 + 8702.203 i

error 0.000001 detected at 463500000
ref[463500000]: -8328.541 + -11779.878 i
res[463500000]: -8328.535 + -11779.876 i

error 0.000004 detected at 464000000
ref[464000000]: -1857.546 + 1887.697 i
res[464000000]: -1857.556 + 1887.695 i

error 0.000002 detected at 464500000
ref[464500000]: 5070.975 + -4360.814 i
res[464500000]: 5070.975 + -4360.806 i

error 0.000000 detected at 465000000
ref[465000000]: 1526.457 + -9274.521 i
res[465000000]: 1526.459 + -9274.522 i

error 0.000000 detected at 465500000
ref[465500000]: -11687.383 + -4697.420 i
res[465500000]: -11687.378 + -4697.425 i

error 0.000001 detected at 466000000
ref[466000000]: 3112.481 + 1243.287 i
res[466000000]: 3112.480 + 1243.287 i

error 0.000000 detected at 466500000
ref[466500000]: -938.990 + 7162.459 i
res[466500000]: -938.992 + 7162.459 i

error 0.000000 detected at 467000000
ref[467000000]: -2973.607 + -18036.500 i
res[467000000]: -2973.595 + -18036.502 i

error 0.000001 detected at 467500000
ref[467500000]: -9929.198 + -4790.182 i
res[467500000]: -9929.202 + -4790.184 i

error 0.000000 detected at 468000000
ref[468000000]: -884.673 + -10127.021 i
res[468000000]: -884.674 + -10127.022 i

error 0.000001 detected at 468500000
ref[468500000]: -7887.170 + -3172.814 i
res[468500000]: -7887.162 + -3172.825 i

error 0.000000 detected at 469000000
ref[469000000]: 377.541 + 5779.899 i
res[469000000]: 377.549 + 5779.899 i

error 0.000000 detected at 469500000
ref[469500000]: 1251.352 + -5710.344 i
res[469500000]: 1251.357 + -5710.343 i

error 0.000001 detected at 470000000
ref[470000000]: 2748.920 + -7474.365 i
res[470000000]: 2748.913 + -7474.363 i

error 0.000003 detected at 470500000
ref[470500000]: -2899.164 + 2825.858 i
res[470500000]: -2899.155 + 2825.859 i

error 0.000001 detected at 471000000
ref[471000000]: 3224.805 + 7493.438 i
res[471000000]: 3224.801 + 7493.437 i

error 0.000001 detected at 471500000
ref[471500000]: -6933.936 + -8746.587 i
res[471500000]: -6933.933 + -8746.596 i

error 0.000001 detected at 472000000
ref[472000000]: 7170.513 + 2211.489 i
res[472000000]: 7170.514 + 2211.493 i

error 0.000003 detected at 472500000
ref[472500000]: -594.723 + -1516.442 i
res[472500000]: -594.723 + -1516.439 i

error 0.000002 detected at 473000000
ref[473000000]: 3887.212 + 1529.540 i
res[473000000]: 3887.213 + 1529.546 i

error 0.000000 detected at 473500000
ref[473500000]: -5299.858 + -5166.998 i
res[473500000]: -5299.854 + -5167.002 i

error 0.000001 detected at 474000000
ref[474000000]: 9563.309 + -5992.154 i
res[474000000]: 9563.308 + -5992.148 i

error 0.000000 detected at 474500000
ref[474500000]: -10891.016 + -10685.248 i
res[474500000]: -10891.004 + -10685.255 i

error 0.000002 detected at 475000000
ref[475000000]: 1968.332 + -3684.858 i
res[475000000]: 1968.337 + -3684.861 i

error 0.000002 detected at 475500000
ref[475500000]: -4223.735 + -7614.024 i
res[475500000]: -4223.727 + -7614.019 i

error 0.000002 detected at 476000000
ref[476000000]: 4890.693 + -1869.460 i
res[476000000]: 4890.690 + -1869.458 i

error 0.000000 detected at 476500000
ref[476500000]: 8739.950 + -5568.086 i
res[476500000]: 8739.952 + -5568.082 i

error 0.000001 detected at 477000000
ref[477000000]: 11801.896 + 7950.404 i
res[477000000]: 11801.897 + 7950.417 i

error 0.000001 detected at 477500000
ref[477500000]: -3976.544 + 4882.378 i
res[477500000]: -3976.543 + 4882.376 i

error 0.000001 detected at 478000000
ref[478000000]: 960.629 + 2910.688 i
res[478000000]: 960.615 + 2910.691 i

error 0.000000 detected at 478500000
ref[478500000]: -2602.416 + -3488.576 i
res[478500000]: -2602.416 + -3488.575 i

error 0.000000 detected at 479000000
ref[479000000]: -6560.209 + -1006.684 i
res[479000000]: -6560.207 + -1006.686 i

error 0.000000 detected at 479500000
ref[479500000]: -11596.252 + 2511.278 i
res[479500000]: -11596.250 + 2511.275 i

error 0.000001 detected at 480000000
ref[480000000]: 2841.293 + 5797.706 i
res[480000000]: 2841.292 + 5797.704 i

error 0.000010 detected at 480500000
ref[480500000]: 192.763 + -592.637 i
res[480500000]: 192.761 + -592.635 i

error 0.000001 detected at 481000000
ref[481000000]: -1842.323 + -12114.134 i
res[481000000]: -1842.324 + -12114.127 i

error 0.000004 detected at 481500000
ref[481500000]: 656.603 + -2754.837 i
res[481500000]: 656.606 + -2754.842 i

error 0.000000 detected at 482000000
ref[482000000]: 795.472 + 16424.887 i
res[482000000]: 795.466 + 16424.883 i

error 0.000000 detected at 482500000
ref[482500000]: -3447.185 + -15123.146 i
res[482500000]: -3447.185 + -15123.146 i

error 0.000001 detected at 483000000
ref[483000000]: -7593.700 + -5437.984 i
res[483000000]: -7593.700 + -5437.979 i

error 0.000001 detected at 483500000
ref[483500000]: -495.179 + -18612.281 i
res[483500000]: -495.171 + -18612.275 i

error 0.000000 detected at 484000000
ref[484000000]: -10533.429 + -2991.287 i
res[484000000]: -10533.428 + -2991.287 i

error 0.000001 detected at 484500000
ref[484500000]: 947.754 + 12593.328 i
res[484500000]: 947.752 + 12593.332 i

error 0.000001 detected at 485000000
ref[485000000]: -5402.591 + 4807.927 i
res[485000000]: -5402.592 + 4807.921 i

error 0.000001 detected at 485500000
ref[485500000]: 3043.747 + -11304.451 i
res[485500000]: 3043.749 + -11304.457 i

error 0.000002 detected at 486000000
ref[486000000]: -3249.819 + -809.697 i
res[486000000]: -3249.816 + -809.691 i

error 0.000001 detected at 486500000
ref[486500000]: -5228.388 + 4986.310 i
res[486500000]: -5228.392 + 4986.300 i

error 0.000000 detected at 487000000
ref[487000000]: -16344.213 + -1757.095 i
res[487000000]: -16344.209 + -1757.098 i

error 0.000001 detected at 487500000
ref[487500000]: -2327.740 + -4546.470 i
res[487500000]: -2327.738 + -4546.467 i

error 0.000000 detected at 488000000
ref[488000000]: 7280.331 + 8712.770 i
res[488000000]: 7280.329 + 8712.771 i

error 0.000003 detected at 488500000
ref[488500000]: 4373.495 + 1337.026 i
res[488500000]: 4373.502 + 1337.028 i

error 0.000001 detected at 489000000
ref[489000000]: -5952.952 + 6077.689 i
res[489000000]: -5952.953 + 6077.685 i

error 0.000000 detected at 489500000
ref[489500000]: -12384.495 + -2595.270 i
res[489500000]: -12384.492 + -2595.276 i

error 0.000002 detected at 490000000
ref[490000000]: -5220.120 + -2667.026 i
res[490000000]: -5220.123 + -2667.031 i

error 0.000000 detected at 490500000
ref[490500000]: -1697.339 + -3008.137 i
res[490500000]: -1697.340 + -3008.137 i

error 0.000001 detected at 491000000
ref[491000000]: 2529.913 + 11782.126 i
res[491000000]: 2529.909 + 11782.123 i

error 0.000000 detected at 491500000
ref[491500000]: 8701.003 + 10721.031 i
res[491500000]: 8700.999 + 10721.035 i

error 0.000001 detected at 492000000
ref[492000000]: -467.161 + -2028.975 i
res[492000000]: -467.164 + -2028.974 i

error 0.000001 detected at 492500000
ref[492500000]: -4886.021 + -5425.351 i
res[492500000]: -4886.018 + -5425.349 i

error 0.000000 detected at 493000000
ref[493000000]: -9764.339 + -10781.371 i
res[493000000]: -9764.337 + -10781.369 i

error 0.000002 detected at 493500000
ref[493500000]: 2569.046 + -191.029 i
res[493500000]: 2569.044 + -191.029 i

error 0.000000 detected at 494000000
ref[494000000]: -10101.613 + 4671.948 i
res[494000000]: -10101.614 + 4671.947 i

error 0.000003 detected at 494500000
ref[494500000]: 5330.733 + -247.479 i
res[494500000]: 5330.724 + -247.479 i

error 0.000000 detected at 495000000
ref[495000000]: 1378.131 + -5052.402 i
res[495000000]: 1378.133 + -5052.402 i

error 0.000001 detected at 495500000
ref[495500000]: -11919.229 + -5654.426 i
res[495500000]: -11919.229 + -5654.435 i

error 0.000001 detected at 496000000
ref[496000000]: -11537.561 + -6573.021 i
res[496000000]: -11537.557 + -6573.019 i

error 0.000001 detected at 496500000
ref[496500000]: 6048.507 + -4237.316 i
res[496500000]: 6048.510 + -4237.318 i

error 0.000001 detected at 497000000
ref[497000000]: 9346.588 + 5696.563 i
res[497000000]: 9346.579 + 5696.567 i

error 0.000000 detected at 497500000
ref[497500000]: 4623.250 + -12298.189 i
res[497500000]: 4623.250 + -12298.192 i

error 0.000001 detected at 498000000
ref[498000000]: -10708.195 + -3098.953 i
res[498000000]: -10708.192 + -3098.950 i

error 0.000000 detected at 498500000
ref[498500000]: 1685.365 + -2828.338 i
res[498500000]: 1685.369 + -2828.335 i

error 0.000001 detected at 499000000
ref[499000000]: 9014.871 + 4033.026 i
res[499000000]: 9014.872 + 4033.034 i

error 0.000001 detected at 499500000
ref[499500000]: 3282.093 + -7322.175 i
res[499500000]: 3282.091 + -7322.171 i

error 0.000002 detected at 500000000
ref[500000000]: 2869.982 + 909.264 i
res[500000000]: 2869.979 + 909.264 i

error 0.000001 detected at 500500000
ref[500500000]: 950.404 + -10418.822 i
res[500500000]: 950.404 + -10418.819 i

error 0.000001 detected at 501000000
ref[501000000]: 6892.745 + -307.257 i
res[501000000]: 6892.750 + -307.250 i

error 0.000000 detected at 501500000
ref[501500000]: 1092.554 + 10637.674 i
res[501500000]: 1092.548 + 10637.674 i

error 0.000003 detected at 502000000
ref[502000000]: -783.812 + 2260.545 i
res[502000000]: -783.812 + 2260.541 i

error 0.000002 detected at 502500000
ref[502500000]: -3197.586 + -1633.368 i
res[502500000]: -3197.580 + -1633.373 i

error 0.000000 detected at 503000000
ref[503000000]: 3449.963 + 9047.355 i
res[503000000]: 3449.956 + 9047.360 i

error 0.000001 detected at 503500000
ref[503500000]: 3953.320 + 5758.038 i
res[503500000]: 3953.324 + 5758.033 i

error 0.000001 detected at 504000000
ref[504000000]: -13151.822 + 5135.545 i
res[504000000]: -13151.818 + 5135.542 i

error 0.000001 detected at 504500000
ref[504500000]: 1775.584 + -10358.639 i
res[504500000]: 1775.585 + -10358.633 i

error 0.000001 detected at 505000000
ref[505000000]: -5758.654 + -5202.655 i
res[505000000]: -5758.653 + -5202.652 i

error 0.000000 detected at 505500000
ref[505500000]: -8085.199 + -6550.891 i
res[505500000]: -8085.198 + -6550.894 i

error 0.000002 detected at 506000000
ref[506000000]: 1392.357 + -6070.255 i
res[506000000]: 1392.356 + -6070.247 i

error 0.000001 detected at 506500000
ref[506500000]: 9818.816 + -1953.893 i
res[506500000]: 9818.818 + -1953.896 i

error 0.000002 detected at 507000000
ref[507000000]: 7976.386 + -543.943 i
res[507000000]: 7976.379 + -543.934 i

error 0.000002 detected at 507500000
ref[507500000]: -6028.083 + 3988.707 i
res[507500000]: -6028.091 + 3988.707 i

error 0.000001 detected at 508000000
ref[508000000]: -612.880 + -4842.737 i
res[508000000]: -612.881 + -4842.734 i

error 0.000001 detected at 508500000
ref[508500000]: -1058.743 + 8090.972 i
res[508500000]: -1058.752 + 8090.967 i

error 0.000001 detected at 509000000
ref[509000000]: 5540.789 + 1568.032 i
res[509000000]: 5540.784 + 1568.036 i

error 0.000004 detected at 509500000
ref[509500000]: -461.539 + -505.695 i
res[509500000]: -461.538 + -505.693 i

error 0.000002 detected at 510000000
ref[510000000]: 6177.481 + -1445.496 i
res[510000000]: 6177.475 + -1445.496 i

error 0.000002 detected at 510500000
ref[510500000]: 851.456 + -10697.514 i
res[510500000]: 851.447 + -10697.506 i

error 0.000001 detected at 511000000
ref[511000000]: 5789.271 + 6806.375 i
res[511000000]: 5789.269 + 6806.375 i

error 0.000000 detected at 511500000
ref[511500000]: 16890.312 + -9427.068 i
res[511500000]: 16890.309 + -9427.069 i

error 0.000001 detected at 512000000
ref[512000000]: 4821.954 + -4364.309 i
res[512000000]: 4821.954 + -4364.306 i

error 0.000001 detected at 512500000
ref[512500000]: 256.948 + 19487.215 i
res[512500000]: 256.936 + 19487.203 i

error 0.000000 detected at 513000000
ref[513000000]: -3712.930 + 6207.989 i
res[513000000]: -3712.932 + 6207.989 i

error 0.000002 detected at 513500000
ref[513500000]: -5065.854 + 35.886 i
res[513500000]: -5065.848 + 35.891 i

error 0.000000 detected at 514000000
ref[514000000]: 13869.780 + -6257.074 i
res[514000000]: 13869.784 + -6257.067 i

error 0.000002 detected at 514500000
ref[514500000]: -3334.492 + 2614.379 i
res[514500000]: -3334.493 + 2614.373 i

error 0.000001 detected at 515000000
ref[515000000]: -1025.710 + -7596.920 i
res[515000000]: -1025.707 + -7596.917 i

error 0.000009 detected at 515500000
ref[515500000]: 1334.487 + -644.961 i
res[515500000]: 1334.481 + -644.956 i

error 0.000000 detected at 516000000
ref[516000000]: -3144.771 + 20708.746 i
res[516000000]: -3144.776 + 20708.742 i

error 0.000001 detected at 516500000
ref[516500000]: 6482.182 + -2419.184 i
res[516500000]: 6482.184 + -2419.187 i

error 0.000001 detected at 517000000
ref[517000000]: -6590.783 + -1408.207 i
res[517000000]: -6590.779 + -1408.205 i

error 0.000000 detected at 517500000
ref[517500000]: 5553.044 + -5455.476 i
res[517500000]: 5553.045 + -5455.478 i

error 0.000000 detected at 518000000
ref[518000000]: 6086.232 + 8291.809 i
res[518000000]: 6086.227 + 8291.810 i

error 0.000000 detected at 518500000
ref[518500000]: 3490.419 + -14447.434 i
res[518500000]: 3490.417 + -14447.432 i

error 0.000000 detected at 519000000
ref[519000000]: 7752.994 + 13335.738 i
res[519000000]: 7752.986 + 13335.740 i

error 0.000001 detected at 519500000
ref[519500000]: -13871.442 + 5507.332 i
res[519500000]: -13871.441 + 5507.325 i

error 0.000001 detected at 520000000
ref[520000000]: -2376.362 + -239.473 i
res[520000000]: -2376.361 + -239.468 i

error 0.000001 detected at 520500000
ref[520500000]: -6174.522 + 7058.343 i
res[520500000]: -6174.527 + 7058.334 i

error 0.000000 detected at 521000000
ref[521000000]: -4871.396 + -3674.417 i
res[521000000]: -4871.399 + -3674.416 i

error 0.000002 detected at 521500000
ref[521500000]: -705.855 + 2798.856 i
res[521500000]: -705.855 + 2798.859 i

error 0.000003 detected at 522000000
ref[522000000]: 3614.849 + 1622.385 i
res[522000000]: 3614.840 + 1622.389 i

error 0.000000 detected at 522500000
ref[522500000]: 2600.985 + -8263.675 i
res[522500000]: 2600.990 + -8263.672 i

error 0.000000 detected at 523000000
ref[523000000]: -14344.643 + 4539.143 i
res[523000000]: -14344.643 + 4539.137 i

error 0.000003 detected at 523500000
ref[523500000]: 928.424 + -1906.981 i
res[523500000]: 928.423 + -1906.979 i

error 0.000001 detected at 524000000
ref[524000000]: -389.563 + -7282.159 i
res[524000000]: -389.560 + -7282.154 i

error 0.000001 detected at 524500000
ref[524500000]: 9121.301 + 5767.931 i
res[524500000]: 9121.295 + 5767.934 i

error 0.000000 detected at 525000000
ref[525000000]: -1153.798 + -8241.714 i
res[525000000]: -1153.793 + -8241.713 i

error 0.000000 detected at 525500000
ref[525500000]: -7935.957 + -4263.251 i
res[525500000]: -7935.954 + -4263.257 i

error 0.000000 detected at 526000000
ref[526000000]: 14845.583 + -2280.119 i
res[526000000]: 14845.585 + -2280.110 i

error 0.000001 detected at 526500000
ref[526500000]: 8799.771 + 3141.488 i
res[526500000]: 8799.766 + 3141.491 i

error 0.000002 detected at 527000000
ref[527000000]: -10362.760 + 2410.681 i
res[527000000]: -10362.752 + 2410.678 i

error 0.000002 detected at 527500000
ref[527500000]: 1483.315 + 6129.718 i
res[527500000]: 1483.313 + 6129.712 i

error 0.000001 detected at 528000000
ref[528000000]: 12188.229 + -7771.451 i
res[528000000]: 12188.225 + -7771.447 i

error 0.000000 detected at 528500000
ref[528500000]: 16406.613 + -561.280 i
res[528500000]: 16406.615 + -561.273 i

error 0.000000 detected at 529000000
ref[529000000]: -2703.062 + -6773.011 i
res[529000000]: -2703.062 + -6773.011 i

error 0.000000 detected at 529500000
ref[529500000]: 2143.248 + -1757.593 i
res[529500000]: 2143.249 + -1757.591 i

error 0.000003 detected at 530000000
ref[530000000]: 2366.560 + -3286.629 i
res[530000000]: 2366.561 + -3286.635 i

error 0.000000 detected at 530500000
ref[530500000]: -12285.099 + 7184.162 i
res[530500000]: -12285.104 + 7184.157 i

error 0.000002 detected at 531000000
ref[531000000]: -3854.107 + -4363.474 i
res[531000000]: -3854.105 + -4363.482 i

error 0.000001 detected at 531500000
ref[531500000]: -5298.393 + -5453.589 i
res[531500000]: -5298.385 + -5453.589 i

error 0.000001 detected at 532000000
ref[532000000]: -454.169 + 6432.188 i
res[532000000]: -454.171 + 6432.191 i

error 0.000006 detected at 532500000
ref[532500000]: 797.703 + 516.981 i
res[532500000]: 797.699 + 516.982 i

error 0.000006 detected at 533000000
ref[533000000]: -2103.288 + 1774.154 i
res[533000000]: -2103.297 + 1774.154 i

error 0.000001 detected at 533500000
ref[533500000]: -5508.225 + 7214.788 i
res[533500000]: -5508.225 + 7214.795 i

error 0.000022 detected at 534000000
ref[534000000]: 367.499 + -578.229 i
res[534000000]: 367.511 + -578.231 i

error 0.000002 detected at 534500000
ref[534500000]: 6441.691 + 1117.293 i
res[534500000]: 6441.687 + 1117.288 i

error 0.000001 detected at 535000000
ref[535000000]: 2565.330 + -1971.154 i
res[535000000]: 2565.336 + -1971.148 i

error 0.000000 detected at 535500000
ref[535500000]: 13539.984 + 2385.059 i
res[535500000]: 13539.984 + 2385.067 i

error 0.000000 detected at 536000000
ref[536000000]: 4472.255 + 8962.861 i
res[536000000]: 4472.254 + 8962.863 i

error 0.000000 detected at 536500000
ref[536500000]: 13491.018 + 5076.542 i
res[536500000]: 13491.020 + 5076.546 i

Pass!
